mascon_id,lat_center,lon_center,country_of_center,area_km2,frac_area_arabian_peninsula,trend_cm_per_yr,trend_p_value,trend_leakage_uncert_cm_per_yr,leakage_2sigma_cm,noise_sd_cm,trend_grace_only_cm_per_yr,trend_gracefo_only_cm_per_yr,intermission_step_cm,intermission_step_p,chirps_mean_annual_precip_mm,chirps_annual_cv,precip_adjusted_trend_cm_per_yr,fraction_unexplained_by_precip,variance_snr,residual_over_noise_sd,residual_lag1_autocorr,annual_amplitude_cm,n_months_observed,significant_decline,trend_exceeds_leakage_uncert,precip_control_passed,is_candidate
9039,32.0,34.81967209999999,Israel,12380.52,0.0,-0.7814031934680941,5.703145830272394e-35,0.1366590707078941,1.5305640661484583,0.9298696130764114,-0.7064785006411476,-1.4185087503784832,0.3288672581358227,0.5208624672372074,,,,,40.7730799766078,2.1070617588911027,0.5522882343701927,2.042193776354494,254,True,True,False,False
9041,31.0,34.480519500000014,Israel,12393.06,0.0,-0.9597291638556792,1.9166957906710838e-47,0.0988160540089559,1.5556734181556653,0.9605708102634348,-0.8710516749464156,-1.5488188938658578,-0.0045231545399418,0.9928727755671072,190.86889466903813,0.1673571086527198,-0.9593663764799129,0.999621989838978,53.372820208951055,2.0154369476332885,0.4985951948346371,1.054716446317351,254,True,True,True,False
9043,30.0,34.14791,Egypt,12401.62,0.0,-0.9314795593419772,8.839156748628338e-56,0.1482567694083948,1.4515237352573975,0.9083424616660506,-0.8693730257941918,-1.3721237904280208,0.0458896294976167,0.9213853075852132,135.5743304438268,0.190856999701509,-0.9284651823204244,0.9967638828020208,55.44123600289059,1.957241187963388,0.4509042566765584,0.1307506915388717,254,True,True,True,False
9121,32.0,39.5409836,Saudi Arabia,12380.52,0.5509412899050062,-0.7974655905638177,1.475067356507888e-16,0.269187124440556,1.450497446783504,0.8029988506637935,-0.7929613124103332,-1.7456646616680025,2.0785817144419854,0.0004002871615351,,,,,56.78498406791096,2.831411150239057,0.7365272239089771,1.039432547614742,254,True,True,False,False
9122,32.0,40.72131150000001,Iraq,12380.52,0.2598926233020984,-0.5655412312984751,3.919785613717808e-08,0.4646274152403588,1.3652888030924473,0.758324805949436,-0.549648968256927,-1.755592435862802,2.4558804751389696,0.0002251693956378,,,,,38.37699870689206,3.4029788781089167,0.8022469191824763,0.6241959593308334,254,True,True,False,False
9123,32.0,41.9016393,Iraq,12380.52,0.0,-0.3947708155860996,0.0006149117383681,0.5776309728526565,1.2484756318518049,0.7316949376452676,-0.3628718213068406,-1.8336872723208488,2.772481878051404,0.000229103457178,,,,,29.494267131947943,3.986127724065198,0.8507604662935337,0.7187433317624825,254,True,False,False,False
9124,32.0,43.08196720000001,Iraq,12380.52,0.0,-0.3315723371800758,0.0107025321078335,0.5690547231342826,1.2017214015962012,0.7795398092621912,-0.2964531032310558,-1.9743797452117504,3.1884211776547606,0.0001484054231031,,,,,26.34625337263057,4.182400137734112,0.8701228618866347,1.2900343560691752,254,True,False,False,False
9125,32.0,44.26229510000002,Iraq,12380.52,0.0,-0.3567171422312942,0.0142418460781439,0.4651516032455416,1.3006503275346504,0.8181310920515635,-0.3503884981515484,-2.080355049601692,3.8117072235624425,2.0125650582417265e-05,,,,,29.990997473744805,4.255339976398571,0.8791439060474967,2.3785274469719635,254,True,False,False,False
9126,32.0,45.442623,Iraq,12380.52,0.0,-0.4166997153310943,0.0072071728044392,0.3040128925986424,1.4220457215164148,0.8598992882234127,-0.4883857302056213,-2.0943465482694887,4.883176718032491,1.4709758309269328e-07,,,,,38.140081623164924,4.247064063814016,0.8767344387737531,3.9768082461522543,254,True,True,False,False
9127,32.0,46.62295080000001,Iraq,12380.52,0.0,-0.4381050566207447,0.0036465201106499,0.1511840537051195,1.6320599539583414,0.937393158815128,-0.6439756982030715,-1.9150043647138744,6.457148385213639,2.6294797898980763e-11,,,,,44.720249866915225,4.130320641217511,0.8593101570835299,5.855569497742248,254,True,True,False,False
9128,32.0,47.80327869999999,Iran,12380.52,0.0,-0.3627824751531951,0.0156475090543381,0.0837127008256228,2.0993641890548305,1.0400812026644115,-0.7855177762809085,-1.4462802393345715,8.84990089447688,1.297101409739812e-17,,,,,46.19660224630055,4.092845449481981,0.8509662471478986,7.536124711365255,254,True,True,False,False
9129,32.0,48.9836066,Iran,12380.52,0.0,-0.2006119689594019,0.2347408346647325,0.1276985786549345,2.6030841128739723,1.0948812868743951,-0.8954945300078272,-0.6763581766129563,11.574087481459232,3.0009082170036625e-24,,,,,49.10508807921235,4.401243887290627,0.8682956848343681,8.60594724971328,254,False,True,False,False
9130,32.0,50.16393440000002,Iran,12380.52,0.0,-0.0491101837727612,0.8019413631721837,0.2585426724725859,2.5764430838252763,1.0373485787624337,-0.9495650134425055,0.2010239955501696,12.99475390512833,8.821164393413145e-28,,,,,56.776535937638094,4.924415116325884,0.8929080533500603,8.703802826087955,254,False,False,False,False
9131,32.0,51.3442623,Iran,12380.52,0.0,-0.0521058446868822,0.7832232931528857,0.4103771630590142,2.061217747721215,0.988598247888412,-0.9758473433063832,0.7199940867839525,12.153891858855598,6.3301226792344575e-27,,,,,53.68448355702407,4.896122470833153,0.8965364814748219,7.931182409517254,254,False,False,False,False
9132,31.0,43.8311688,Iraq,12393.06,0.0,-0.035683932499438,0.6962666218932415,0.8348776715624862,1.17505537968115,0.7652311751643627,0.069590692932579,-1.6820052799947178,2.147732876800984,0.0055294063096149,92.2887518407515,0.3091038011241995,-0.0663056444056694,1.858137255660196,15.594005850900231,3.8979458818944512,0.8414181958403756,1.333999243877703,254,False,False,True,False
9133,31.0,45.0,Iraq,12393.06,0.0,0.0293342433181198,0.7556950440659902,0.8011725041548512,1.267548947609617,0.7828248566118123,0.1081753367301225,-1.6063713386413374,2.512865416051858,0.0015117669396448,104.68794002899811,0.3336589218184265,0.0237274874063766,0.8088665233004362,17.68354957550296,3.9082034028663326,0.8432025209076055,2.108778733733106,254,False,False,True,False
9134,31.0,46.1688312,Iraq,12393.06,0.0,0.0053544954593292,0.954743187934466,0.6614316592022078,1.3365589137293508,0.7830794917367828,0.0044477402335703,-1.484035535103797,3.3903353693348928,2.3352919275564524e-05,119.70891383418348,0.279362804117498,0.0389426065473477,7.272880674405582,23.848797961980285,3.9843757114510927,0.8383280059585174,3.427047526700174,254,False,False,True,False
9135,31.0,47.337662300000005,Iraq,12393.06,0.0,-0.0525601901632928,0.5853598070991242,0.4833894635493611,1.614619902565573,0.8051287279079682,-0.2081978632407866,-1.229252399032918,5.044155247091858,1.2434935405769935e-09,136.63509765038424,0.2828555295611049,0.0623316656340559,-1.1859102001040192,34.80562152819645,4.091747953451957,0.8272219962319634,5.10758800078008,254,False,False,False,False
9136,31.0,48.506493500000005,Iran,12393.06,0.0,-0.115397689521008,0.2957059336888845,0.3036098647427827,2.231559240844613,0.9435205080497668,-0.5026508301540336,-0.811551578943853,7.480563293123831,1.042144069555549e-15,156.61956733611686,0.2887149316450818,-0.0070087192215662,0.0607353513805868,40.0379709174029,4.028007507863895,0.8217372921925584,6.760610494240596,254,False,False,False,False
9137,30.0,44.56591639999999,Iraq,12401.62,0.0242311796369399,0.000577270420407,0.993260411006223,0.879412787525878,1.1913646422063249,0.7723518270414625,0.0696195418287602,-1.453969078389027,2.2335119640350465,0.0008862036076188,95.75496981531614,0.2866037986985564,-0.0350432915550355,-60.705157091416815,11.796689716406894,3.363248136645009,0.7935234356853953,1.3475767882597431,254,False,False,False,False
9138,30.0,45.7234727,Iraq,12401.62,0.0,0.1460621813142795,0.050680290138135,0.9259770673097056,1.1604017057660605,0.7494007509659507,0.1664534470571966,-1.260619930761583,2.8619969390894995,2.794563022522997e-05,101.0733231463625,0.2654172493540871,0.1438934583400175,0.9851520567832986,16.902792370974378,3.5474353196983857,0.8011830645538336,1.9256376927142849,254,False,False,True,False
9139,30.0,46.88102889999999,Iraq,12401.62,0.2116063660201312,0.15345758226018,0.0351302736941796,0.8286803727398864,1.2450133541078023,0.7426513353428149,0.0831482552413054,-1.024513495581996,3.7368264394111534,5.0822685072118834e-08,118.08272416276547,0.2522281503437434,0.1788744269077411,1.1656278189269793,22.07243706823296,3.637807488449544,0.7853611182683987,2.9348222303550977,254,False,False,True,False
9140,30.0,48.0385852,Kuwait,12401.62,0.3342080704224822,0.0316420467799067,0.6613395631842047,0.6011633629454117,1.6059667866092415,0.8085427097321223,-0.1832120388461366,-0.7690571884879547,5.106207382620228,2.0468389388770093e-12,123.85528800378478,0.291038800855685,0.1364903342272066,4.313574756291689,25.43348414501293,3.607650368925716,0.7698675724691114,4.283248690475953,254,False,False,True,False
9141,29.0,44.14012739999998,Saudi Arabia,12406.28,0.939365466894766,-0.6271955485522558,2.8278597711122585e-23,0.3633343661404854,1.3786182786523091,0.7569233933300399,-0.6036933450787711,-1.5116661583332638,1.6322194117560018,0.0009795990055071,108.80165671502864,0.2917867343084878,-0.6589553895524447,1.05063786098849,40.5461156019994,2.5287755420619966,0.6336293246580985,1.1213139439518118,254,True,True,True,True
9142,29.0,45.286624200000006,Saudi Arabia,12406.28,0.6479991179305242,-0.2866430862630773,4.045120413263275e-09,0.6195954820752947,1.36575401609257,0.7422551664856074,-0.3071800236084663,-1.214900192588259,2.390600190495475,2.6106542767168207e-06,127.63343283440918,0.2755379421245157,-0.2733184056268678,0.953514732171212,15.78007670570624,2.679303871747569,0.6677004078674659,1.551029507190387,254,True,False,True,False
9143,29.0,46.433121,Saudi Arabia,12406.28,0.6879320591239189,-0.0550860539859501,0.1978953698438621,0.7557827047611058,1.3463496013839422,0.7275288516187269,-0.1437835337416358,-0.8830793581015342,3.222433680722576,8.09280164072369e-10,121.2156667430342,0.2772422352574933,-0.0070425929691311,0.1278471130084457,11.814538408419477,2.862890982087847,0.6795854708016325,2.128167960978682,254,False,False,False,False
9144,28.0,44.8580442,Saudi Arabia,12407.1,1.0,-1.1212223511789017,1.552657084783165e-65,0.1004417929131829,1.6047757475172115,0.778452230663098,-1.178620059200099,-1.510110586471528,1.735526257730775,1.9023687381547312e-05,141.2446091300808,0.3007343837290689,-1.0701078477104655,0.9544118047462292,107.60953076902734,2.030514178616772,0.4598864889709684,1.1464681784140511,254,True,True,True,True
9152,32.0,37.18032790000001,Jordan,12380.52,0.0652039512481855,-1.091052139374976,4.564647589660958e-37,0.0329818762822291,1.5259002339486378,0.8759195744965774,-1.067395027703011,-1.789260101591004,1.225829174114997,0.0148381950637636,,,,,83.61099402560508,2.2094668308302907,0.6098493204923481,2.050080116287217,254,True,True,False,False
9153,32.0,38.3606557,Jordan,12380.52,0.3455307005826029,-1.002517004372952,9.376725369613747e-27,0.0745312201045011,1.4676250774238522,0.8254119848590364,-0.9971950408746189,-1.79360075255868,1.7127399991702437,0.0012559617096461,,,,,80.34614726347874,2.48535115032613,0.6765309375487479,1.6227114422879712,254,True,True,False,False
9154,31.0,36.81818179999999,Jordan,12393.06,0.081322266905655,-1.5521271013639453,1.5809737271079897e-58,0.4853213904197236,1.3827262486323642,0.8787257561651218,-1.5142752541818112,-2.1767353412013035,0.8294720318630806,0.0823490003177313,97.5761630214449,0.1492796317301034,-1.5521518672729513,1.0000159561088675,160.24304168645145,2.0838485388502246,0.5360395838602521,1.4711631154717566,254,True,True,True,False
9155,31.0,37.98701299999999,Saudi Arabia,12393.06,0.8554131293517118,-1.5515487982602334,2.7970686570113726e-48,0.4488660476985388,1.3514928088451477,0.8183575042273313,-1.517326041294287,-2.2662681955665,1.0899604102910097,0.0254349696021339,98.217326052053,0.1685012072260059,-1.55012450385268,0.9990820176528444,185.1060786692321,2.290246609720965,0.595039858783812,1.546761911794979,254,True,True,True,True
9156,31.0,39.15584419999999,Saudi Arabia,12393.06,1.0,-1.3295653773826135,1.974960781338848e-33,0.2236273721073909,1.3457972411397896,0.7637807057227746,-1.2869282619110287,-2.19172651259236,1.3042381419176583,0.0123628315896773,101.81310066055934,0.2835218383242845,-1.3268267876106996,0.9979402368484466,158.56573516701158,2.6264102644679186,0.6663772808629201,1.4816694413875957,254,True,True,True,True
9157,30.0,36.4630225,Jordan,12401.62,0.1441930452964214,-1.7233859372522993,5.1191361288489085e-90,0.653725198247269,1.513659577750327,0.9240923787704952,-1.6914467127882031,-2.0928523850549405,0.3423070704661999,0.4456101840579055,69.51353473375022,0.1877196455811164,-1.7237192221255455,1.0001933895745825,176.54804760466712,1.857871320612259,0.4056190578780753,0.5339453620947291,254,True,True,True,False
9158,30.0,37.6205788,Saudi Arabia,12401.62,0.7218312763440606,-1.868609862441684,5.970060827019593e-82,0.7462067658282524,1.3348564881414078,0.8292351689213654,-1.8378918648345248,-2.340841564418102,0.5938835695250306,0.1763002979719407,87.24386455777415,0.2028128697638503,-1.8677249506004137,0.999526433067139,257.4340893550856,2.028710294199164,0.4613604401579252,0.927820888978459,254,True,True,True,True
9159,30.0,38.77813499999999,Saudi Arabia,12401.62,1.0,-1.7872176434787246,9.361682930039724e-66,0.6425106834718392,1.3700115138210889,0.7919713512106505,-1.7507487033113227,-2.3681033855907665,0.7604633751095258,0.0946070706852307,107.2946984699835,0.3346374969175401,-1.7857857784888918,0.9991988300948922,259.31454499658054,2.2024943207592265,0.5279504324536002,1.3035694350646534,254,True,True,True,True
9160,29.0,37.2611465,Saudi Arabia,12406.28,1.0,-1.733814277367227,1.331411826734307e-110,0.6054096664347705,1.3837977967957849,0.8438050665922306,-1.7182896457841617,-1.927378179430874,0.1943972007935484,0.6313633670922056,66.09416051812588,0.2278478467216367,-1.732400785228628,0.9991847499717528,214.09000168153136,1.8362186791814687,0.3406152566745674,0.5549158171158888,254,True,True,True,True
9161,29.0,38.40764329999999,Saudi Arabia,12406.28,1.0,-1.8399366579852348,2.511382118020276e-101,0.6663206856953455,1.344747957554592,0.8052204289004886,-1.8232230431035288,-2.1199458869461862,0.3765387530978858,0.3574987635505426,97.06986873257904,0.2953689669143008,-1.838584390756772,0.999265046857676,264.37175339003693,1.9447171928994431,0.3870617683464753,0.77391765054573,254,True,True,True,True
9162,32.0,36.0,Jordan,12380.52,0.0,-1.0134368413282715,8.072961764687983e-41,0.0040158598403008,1.522449264233978,0.911610944440466,-0.965177666910172,-1.664603863673911,0.753924508506172,0.1304837372942603,,,,,67.54651053073798,2.0958490807189336,0.5669700160397448,2.1914418146908123,254,True,True,False,False
9163,31.0,35.64935059999999,Jordan,12393.06,0.0,-1.3375256574076428,2.1761999704396663e-56,0.348209011577088,1.435871185467756,0.91972126940969,-1.2732615502471245,-1.9314292284926284,0.3685443869915354,0.4499346299137451,158.68369686882943,0.1424562394856676,-1.3352040654601438,0.9982642636164464,109.50919264731613,2.0289906510359743,0.5177536494662469,1.2856801078732225,254,True,True,True,False
9164,30.0,35.30546620000001,Jordan,12401.62,0.0,-1.3803746280478966,4.067425303925244e-73,0.4253160905726961,1.4546698662753412,0.921592487840661,-1.3318128191741423,-1.7796150174069147,0.1501604258183399,0.7406658820551381,91.04157589612744,0.1979559211600605,-1.3804988720145546,1.0000900074256174,114.861479819534,1.8824233064691285,0.4417673468231221,0.2768961026071157,254,True,True,True,False
9166,29.0,34.96815290000001,Saudi Arabia,12406.28,0.4900991144155306,-1.1418323660586227,7.792054872949117e-81,0.2495308835830941,1.4686350847568648,0.8821497324225449,-1.1180879426158337,-1.3596951825178722,0.1239483065092601,0.768765021044786,52.4575203738641,0.1440384281621952,-1.141667275613096,0.9998554162148192,86.92728881229034,1.8274524672544403,0.3747769044593496,0.8180960795194074,254,True,True,True,False
9167,29.0,36.1146497,Saudi Arabia,12406.28,0.8179233516955893,-1.4879308840191556,3.250490254734952e-102,0.4467786365649754,1.4856543272187694,0.8829609431185211,-1.473098931005285,-1.6441973141015434,0.1209938154188922,0.7708635460532538,48.24633994564525,0.1741529758997669,-1.4887048937940734,1.0005201920218412,145.12787008707116,1.7990493525726694,0.3379078977138191,0.809853519571083,254,True,True,True,True
9168,28.0,35.7728707,Saudi Arabia,12407.1,0.9159738422376812,-0.9965850353131352,8.06451337190093e-88,0.0402636205085881,1.330648761776196,0.7751851781050954,-1.018464579476308,-1.094685665558386,0.5408581637959021,0.1506549854968422,125.94399760797388,0.1637597821271519,-1.0026421066538544,1.0060778269049726,87.14335557148664,1.8599741784589268,0.3331313411063956,1.2939358989335077,254,True,True,True,True
9169,28.0,36.9085174,Saudi Arabia,12407.1,1.0,-1.210261528190575,6.760314325781029e-103,0.1293924695928581,1.3029247203850696,0.7906506599523577,-1.2189559752156598,-1.281046781587365,0.2794981710812407,0.4537937446417102,51.49455422202966,0.2616584398038624,-1.2096908423351185,0.9995284607151728,120.77786425997895,1.8052691462049624,0.3127218016577819,0.9521604316888672,254,True,True,True,True
9170,27.0,36.5625,Saudi Arabia,12404.16,0.9424047402999746,-0.5806261952107281,3.993707212834859e-64,0.3919362521219049,1.2244144340786307,0.7225997741180867,-0.6450929052416547,-0.5617766668445406,0.9102712799070156,0.0110283368697422,46.44779450636027,0.2523403047970362,-0.5956783653679616,1.025924028714844,37.21423840867777,1.907284265866032,0.3281915950106361,1.3395447576637018,254,True,True,True,True
9171,27.0,37.6875,Saudi Arabia,12404.16,1.0,-0.7494548618533039,1.1023402043314688e-80,0.3266586524206122,1.340315147413446,0.7545151134685827,-0.7824017763276314,-0.7239732674140036,0.4209356807701978,0.2443366175481588,55.86528348158026,0.252376519434486,-0.7546393398282243,1.0069176654109626,52.50585672816323,1.8346556725016387,0.3041609468285085,0.6211765280991047,254,True,True,True,True
9172,26.0,37.3374613,Saudi Arabia,12397.52,0.9689842980811154,-0.1622304756513587,1.4512192895658704e-13,0.7839220849030158,1.3584493688325443,0.7533994005792221,-0.2511015856227571,0.0466439239746581,0.8556213324633669,0.0259005413345939,38.68702180108812,0.2680809900394138,-0.1747957886599515,1.07745346833351,7.350526515736242,1.958961365052628,0.3711034597799849,1.4254774164138038,254,True,False,True,False
9173,26.0,38.4520124,Saudi Arabia,12397.52,1.0,-0.3925083475789027,6.693490665579088e-48,0.6320261597706407,1.3698713499395414,0.7892145201545502,-0.4446939961739107,-0.2929760251952834,0.5626555147491107,0.1309174708024881,53.687743844348006,0.2746087978667926,-0.3987774633369297,1.0159719297607213,15.483987501268302,1.8087409373898808,0.2960399452536959,0.8200762212424825,254,True,False,True,False
9174,26.0,39.5665635,Saudi Arabia,12397.52,1.0,-0.8124282361753191,4.637539280195152e-92,0.2611619702538055,1.205944400510348,0.7814049134018938,-0.849864401765197,-0.7607624728329891,0.4571814197812486,0.1994587395780757,64.32678437546807,0.2899044155926908,-0.8148926870974332,1.0030334382932282,56.67001246800544,1.7463120114706097,0.271883423264591,0.8533014612492553,254,True,True,True,True
9175,25.0,38.09815950000001,Saudi Arabia,12387.25,1.0,0.0428507480745157,0.0234928224125485,0.8975803679202263,1.334728059214479,0.8097604400313877,-0.055313145448477,0.23290270313341,1.058574029171952,0.006300346021435,53.13872300476457,0.3038322481409495,0.0392769428029666,0.916598765899388,4.741444441388761,1.843531008436464,0.334834966779845,1.5727851638574712,254,False,False,True,False
9176,25.0,39.20245399999999,Saudi Arabia,12387.25,1.0,-0.2604329916869979,2.519591622536274e-32,0.6646649817150889,1.2831636163122515,0.8228500149501876,-0.3151910565642771,-0.1991576241520771,0.6904796478795859,0.0632148547576109,59.72784778646505,0.335753382921123,-0.2610104977123356,1.002217484127479,7.905176623099536,1.7330933885366762,0.2743343772905077,0.980746530628887,254,True,False,True,False
9177,25.0,40.3067485,Saudi Arabia,12387.25,1.0,-0.7159415267671093,3.3967816194296296e-86,0.2578120731547767,1.2024344023962452,0.8150580074139732,-0.7460775044819277,-0.7069306656915678,0.4381758581498864,0.2174177349599622,74.70886843133485,0.3301022994474601,-0.7149193384723953,0.9985722461171798,40.82997275357883,1.669017545752798,0.2655560373742004,0.8490546957322931,254,True,True,True,True
9178,24.0,38.84498479999999,Saudi Arabia,12373.42,0.9347769803720152,0.0425920877438419,0.0164949349386968,0.7918794725108527,1.3438077063913905,0.8585653163803599,-0.0276804422072399,0.1410897425213181,0.8251705916978815,0.0333568737427471,62.277870092851416,0.3997523924268835,0.0465606528449511,1.093176111135407,3.5975789524682007,1.7349322136270302,0.2802562331704183,1.3592562657217997,254,False,False,True,False
9179,24.0,39.93920969999999,Saudi Arabia,12373.42,1.0,-0.2340417397002453,1.9304480623101563e-29,0.5780429075782497,1.2811491598525984,0.8413254113696632,-0.2663625386373456,-0.2118640781500652,0.4216804225262213,0.2522843023247758,69.00747444325438,0.3618639157981939,-0.2340233828797774,0.9999215660399235,6.104027066697135,1.6761128196101804,0.263197551741733,0.6577252845504448,254,True,False,True,False
9180,24.0,41.03343469999999,Saudi Arabia,12373.42,1.0,-0.5676506591824592,5.70870015137396e-78,0.2887388935859324,1.1187283259533352,0.786594371438471,-0.5937643727232311,-0.5528094126191658,0.3510058083798529,0.2892594228124774,95.5659724837945,0.3443952030389379,-0.5673015433066682,0.999384981114452,27.77882947732852,1.611754692248661,0.25979865239259,0.4242090756351734,254,True,True,True,True
9181,23.0,39.6978852,Saudi Arabia,12393.41,1.0,-0.0295064530635215,0.079749195458789,0.6303590123541654,1.301170133457248,0.8239067250801008,-0.069252535586523,0.0740556174395996,0.3282194626482921,0.3729380882264734,76.9914360716939,0.2958167435965116,-0.027202779316365,0.921926442931074,2.6550507209141574,1.7108410157747431,0.2863854254157336,0.8339469544201876,254,False,False,True,False
9182,22.0,39.45945950000001,Saudi Arabia,12409.39,0.8807434170275278,-0.000195466611542,0.991239278489143,0.5315513465334387,1.2448673077870722,0.7709715974252862,-0.0724038758602094,0.2451929959238147,0.4844143644448187,0.1826718913312878,67.75323162670247,0.3809441315246108,0.023323780593144,-119.3236042162759,3.388488455643466,1.8059793320193185,0.3521120032026569,1.0977596988221925,254,False,False,False,False
9183,21.0,40.17857140000001,Saudi Arabia,12384.43,1.0,-0.0935800627124532,3.862881694896272e-06,0.4187660677185026,1.1369976712007197,0.7096477457046148,-0.1666143438403008,0.2270051382664938,0.3410796819760844,0.338804501558564,106.81415930390358,0.3048740435810956,-0.0785756661643029,0.8396624653452646,4.143425575956465,1.92291769035912,0.4298322004503746,0.6993434045405091,254,True,False,True,False
9184,20.0,41.0059172,Saudi Arabia,12392.71,0.8928382694622269,-0.2251614726805335,3.4324700477467154e-21,0.2517705013738105,1.2036781174986004,0.7488483993923926,-0.2720892517708814,0.0901135391719625,-0.0170835852192281,0.9631640428805418,151.79108462606865,0.2440318592348724,-0.203009467282884,0.9016172476848228,7.319139846743152,1.8886134598207889,0.3925099283540973,0.5095252490419029,254,True,False,True,False
9185,19.0,41.823529399999984,Saudi Arabia,12397.11,0.993938657808946,-0.3493503049709097,3.807050991326358e-45,0.057724273522777,1.2705312253334853,0.8311507860285093,-0.3780881009462353,-0.2432474532931595,0.1792651308999313,0.6335736898069523,216.82092597708103,0.2008800299002748,-0.3422507843405626,0.9796779320661012,11.19040225324195,1.7302609493383996,0.266190158547982,0.7269692861923464,254,True,True,True,True
9186,18.0,42.6315789,Saudi Arabia,12397.67,0.9926604089178253,-0.3399681761219131,3.1463686255935393e-41,0.0391775431919728,1.2145237488209233,0.8796066088354153,-0.424359155631311,-0.392983120277835,1.326926331437363,0.000753071098364,209.58970906833804,0.2788796569071921,-0.3290466212403853,0.9678747728504704,10.51737173140907,1.7314920647704373,0.2669581202866107,1.262765934200731,254,True,True,True,True
9187,17.0,43.43023260000001,Yemen,12394.45,1.0,-0.2141556917024323,6.672833696656964e-16,0.037270684068219,0.9487476626934356,0.8009458160570146,-0.4021109840963155,-0.1138972898577894,2.525301314941045,5.625609295839696e-10,218.08610053112108,0.2996048771173756,-0.1871377006867685,0.8738394912557119,9.136211546696382,2.020416157089908,0.4147209886052828,1.7899909166267882,254,True,True,True,True
9188,16.0,43.179190800000015,Yemen,12387.47,0.8765676775022032,-0.0618427272805909,0.0325629547749917,0.0200276578266365,0.9132258193802292,0.7724308368780022,-0.3222312999323308,0.3053678110003184,3.030902316570163,7.720700635881903e-12,230.7021457701921,0.3698881641489935,-0.0318832909542533,0.5155544128834003,9.028298223745283,2.297087409730909,0.5324942991681304,2.317766557198236,254,True,True,True,True
9189,16.0,44.21965320000001,Yemen,12387.47,1.0,-0.1389401653518985,4.600417635028204e-07,0.0700189457868463,0.9263303882191012,0.7912621991417822,-0.3809738586727907,0.1218604166794605,3.0076079787883327,1.864428925940084e-12,222.9280260919283,0.4237010866155757,-0.1170035482477497,0.8421146466279991,8.250642817902653,2.1677286205902244,0.4758554207006881,1.99198519730213,254,True,True,True,True
9190,16.0,45.260115600000006,Yemen,12387.47,1.0,-0.1554071839774974,5.216710032518131e-10,0.0787740881436084,0.8176671447444056,0.7578798288438384,-0.3701361841769798,0.012043994078101,2.8132287083441363,2.133445641512136e-12,149.66927332182723,0.4572525961400314,-0.1398535706121355,0.8999170246362996,7.05279278777738,2.122053873373512,0.4289135477345691,1.365927590326519,254,True,True,True,True
9191,16.0,46.300578,Yemen,12387.47,1.0,-0.1322327421142832,4.48458629274942e-09,0.0586671242125186,0.7945992020003569,0.7373749321162719,-0.3302627140745275,-0.0163210851701126,2.6903799033756046,2.642496964296536e-12,104.2412313322226,0.3292037894709066,-0.1182663742751934,0.8943804112674365,5.190692926522637,2.0938845825664854,0.393280760694856,0.6185657111420472,254,True,True,True,True
9192,16.0,47.34104049999999,Yemen,12387.47,1.0,-0.1073906199933401,3.574064237722864e-07,0.0520293227325001,0.7951612494258714,0.7167351437004209,-0.3054288496915945,0.0310431714615992,2.665741699131541,7.959619127119762e-13,92.75229025011262,0.2651861835393957,-0.0935659381293761,0.8712673242335198,4.502075947567228,2.089704492791041,0.3823622650362556,0.3952635904840669,254,True,True,True,True
9193,16.0,48.38150289999999,Yemen,12387.47,1.0,-0.1057875911888103,1.3129939759531516e-06,0.076583883863892,0.9435445504711802,0.7216798676492194,-0.3124519194755175,0.1342289961176173,2.5959019776363874,1.3831729395320116e-11,80.39385880964497,0.2186201413604458,-0.0904496149043108,0.8550115744943647,4.877322899008946,2.129528954705308,0.3945492256134124,0.6586559078737045,254,True,True,True,True
9194,16.0,49.42196530000001,Yemen,12387.47,1.0,-0.1253814914061038,9.246975358024676e-08,0.1142789886680011,0.999062770151085,0.7169313130853056,-0.3258761520920787,0.1842805495557606,2.3688584932766483,1.425521916917313e-09,78.57943474625547,0.154087728773118,-0.096999056656553,0.7736313834581721,5.718569636540474,2.1652391693275383,0.4288311411232389,0.8334438407217538,254,True,True,True,True
9195,16.0,50.462427700000006,Yemen,12387.47,1.0,-0.1123020766822988,8.285629404069387e-06,0.116964280230961,1.1231092847257644,0.768890338780611,-0.3155267573155882,0.2592636343129086,2.288299142031723,4.594986723810076e-08,87.80644758604467,0.0985524215767864,-0.0658567428788018,0.5864249782763119,5.5119035090557285,2.14501242014681,0.4529762605111378,1.1010359556228346,254,True,False,True,False
9196,15.0,43.9655172,Yemen,12376.79,1.0,-0.0817560010087997,0.006372536463449,0.1385064348537365,1.0073928117483224,0.8228009642277528,-0.3525493099468484,0.297333706506852,3.1900802501925574,4.301475048537532e-12,264.46240650489926,0.3497014296994967,-0.0632860791309217,0.7740848176283721,8.576902921116211,2.244960977343772,0.5221355726382212,2.3877831609548075,254,True,False,True,False
9197,15.0,45.0,Yemen,12376.79,1.0,-0.1579005577813035,2.1655155948049836e-08,0.1772677727162326,0.946627570275712,0.7930517514208321,-0.3988508730722723,0.1063435451385672,3.001584571112126,4.486297761174551e-12,177.1263413876295,0.4017006797827469,-0.1481084767542503,0.9379857730419452,8.954994378389962,2.193256795382095,0.4699415938675943,2.0743140154474835,254,True,False,True,False
9198,15.0,46.034482800000006,Yemen,12376.79,1.0,-0.15958987769721,3.870629801534296e-10,0.1578618687413194,0.9284997639461792,0.7733679153531187,-0.3751199118882105,0.0293272404373454,2.7959870254924013,2.473379466879537e-11,124.37982375423115,0.2609272961640564,-0.1544444932535361,0.9677587042617066,7.6451746767255635,2.1651113724737,0.413674249597329,1.5777679724124312,254,True,True,True,True
9199,15.0,47.06896549999999,Yemen,12376.79,1.0,-0.1290066058132228,1.944887593556536e-08,0.1262550346535064,0.9365686441328358,0.7771599365498112,-0.3342393576803534,0.083635419822629,2.609285748794685,1.8531024524403595e-10,106.00642401725054,0.1502876368072125,-0.1175640038694937,0.911302201374898,6.03983639079933,2.0977660391418618,0.3723858425309354,1.3313470994262022,254,True,True,True,True
9200,15.0,48.1034483,Yemen,12376.79,1.0,-0.1041312235565907,5.238889381541463e-06,0.114735151613679,1.032956966731148,0.7939094251061835,-0.3096488071986305,0.1751781004124905,2.492581496613393,2.4239615028579128e-09,97.81559045116109,0.149238882324848,-0.1037446208422012,0.9962873506986176,5.779976374152941,2.0849625995960763,0.376814069034571,1.488826707103597,254,True,False,True,False
9201,15.0,49.13793100000001,Yemen,12376.79,0.924391737257424,-0.103775913178032,1.712334738165751e-05,0.1250945073798956,1.108034419571233,0.7970387510187988,-0.3024546340238581,0.259865144590476,2.223551123067216,2.019875642989503e-07,64.6383494666467,0.1866632990159501,-0.0944775260610387,0.9103993707957884,6.3045074507666685,2.10867811074753,0.4108749371938686,1.6760588049970735,254,True,False,True,False
9202,15.0,50.172413800000015,Yemen,12376.79,0.6045121469977995,-0.088982308152048,0.0004074857575786,0.124213632568717,1.2206165508204183,0.8406006649620518,-0.2770598904433827,0.3329331059557032,1.9501600461690525,1.4686906298517289e-05,62.09694291775426,0.1651828247058594,-0.0705777396866467,0.7931659804334077,5.992965598159945,2.086041050431281,0.4223420036393164,1.7965212915717508,254,True,False,True,False
9203,15.0,51.20689659999999,(offshore/unassigned),12376.79,0.2954506042161224,-0.0294626155984774,0.2655597156109661,0.0768392480076655,1.60570457858815,0.9968318939445608,-0.2130076145333082,0.4128517518763378,1.8572505765681468,0.000240166072531,82.99591870357591,0.1165100325540233,-0.0097749446664888,0.3317745036524875,4.582465333801057,1.9662679575649964,0.3961674439160152,1.907726697585801,254,False,False,False,False
9204,14.0,43.8395415,Yemen,12397.86,1.0,-0.0127112224106338,0.6814888540484557,0.2079109235922349,1.0356037722286702,0.8373182187052608,-0.2813620489628511,0.3511595189350417,3.192212156303753,1.6754148981856318e-11,301.5291496614615,0.2110376863492433,0.0189973655063656,-1.4945348993715202,8.654792551929702,2.26554296814666,0.5442952486839081,2.537180522198468,254,False,False,False,False
9205,14.0,44.87106019999999,Yemen,12397.86,1.0,-0.150576123782586,5.192718271507076e-07,0.2701907799652248,1.0221603499038334,0.8140485403901325,-0.3960821856550178,0.1196664356523067,3.0610466529400435,1.4143179292888264e-11,185.35552955543,0.2388220598172327,-0.1268262582660802,0.8422733636655587,10.515199865311184,2.227143781363853,0.4954722442076513,2.614964590384825,254,True,False,True,False
9206,14.0,45.902578800000015,Yemen,12397.86,1.0,-0.1881239723439729,1.779665231628424e-11,0.2609498465698504,1.023361696163454,0.8025112536042507,-0.4142599074825535,0.0263725019773148,2.904482833987493,4.180590912278884e-11,124.7942800043772,0.1907475168411378,-0.177424104198508,0.9431233137800172,10.869603125205678,2.190662374291617,0.431711578048281,2.4628751510067035,254,True,False,True,False
9207,14.0,46.93409739999999,Yemen,12397.86,0.9489477478701848,-0.1622732762845173,1.0053363365698528e-10,0.2134168670366646,0.9712711705934912,0.7867248254882723,-0.3707400022581006,0.0553268818481349,2.6555095396181847,5.320368011826531e-10,98.93872179090975,0.150970816479123,-0.1738153758949017,1.0711275440704564,9.775936924789251,2.1601725304686035,0.3880309686563213,2.314738616393064,254,True,False,True,False
9208,14.0,47.96561600000001,(offshore/unassigned),12397.86,0.5507096361996883,-0.11800858161254,6.173996957829661e-07,0.1682937490005119,1.1028183103100695,0.823833914360881,-0.3181547638177449,0.1470756619493376,2.4520550760477744,1.7111484429406055e-08,64.20587624112765,0.1661138777966903,-0.1169582457158916,0.991099495627386,8.266654886658538,2.08351642764763,0.3681620941997882,2.37529368301944,254,True,False,True,False
9209,14.0,48.9971347,(offshore/unassigned),12397.86,0.1937103853615137,-0.0826196085080521,0.0005019871929046,0.1403297025673822,1.2538123305876088,0.8651368903818335,-0.2727422580939334,0.2543958208490575,2.154597498858561,1.7892403429401756e-06,51.3963136356324,0.2362967390197433,-0.083146383333699,1.0063759056132002,7.572876072728106,2.0400628235042144,0.3720675779135387,2.495853669478135,254,True,False,True,False
9210,13.0,43.58974359999999,Yemen,12379.64,0.6098747622073079,0.1586604853580639,9.736697521591325e-06,0.190477998651491,1.1441911064016823,0.8558291612842845,-0.097987806494594,0.4780558747347038,3.104810221812961,1.8039098194749856e-10,151.1813927379747,0.1952436093442674,0.1708242973665514,1.0766656674535962,9.704525767090349,2.265350592415184,0.5749426980623226,2.3268398499675502,254,False,False,True,False
9211,13.0,44.6153846,Yemen,12379.64,0.7512917662400334,-0.0441426771775947,0.1342094546262365,0.2862386099610697,1.0686524439720535,0.81969555119272,-0.2872148997045602,0.2096900707934522,3.061899890397903,3.28787973794553e-11,118.9585264120251,0.2660394057087553,-0.0282478164307935,0.6399207804535053,9.904621946751965,2.2499063790627924,0.5241284761878117,2.827184238052991,254,False,False,True,False
9212,13.0,45.641025600000006,(offshore/unassigned),12379.64,0.2529301325164036,-0.1471324208228313,1.348580561983084e-07,0.3139059240354553,1.0305750697758869,0.8093786707274366,-0.3704814168212573,0.05235690464085,2.895424414886997,1.0188345614895232e-10,63.76902716855207,0.229524593173556,-0.1367661760328272,0.9295447955519848,11.711582653739883,2.206196030183527,0.4527749647447801,2.948432670310712,254,True,False,True,False
9213,31.0,40.3246753,Saudi Arabia,12393.06,1.0,-0.9592392114886285,3.0605574775013137e-19,0.117972634164799,1.3636927842264157,0.725171116307845,-0.9006909446837089,-2.0131856129647785,1.5100972687616143,0.0086687798145858,101.70549876328246,0.3197744952598966,-0.9576276427155698,0.9983199511094238,96.7434975659463,3.0544448008146388,0.7366145542309375,1.288372745734977,254,True,True,True,True
9214,31.0,41.4935065,Saudi Arabia,12393.06,0.850877312726237,-0.5601781629905713,1.555542430282863e-08,0.4661436938566575,1.308679786098564,0.7035264375730775,-0.4814686561855783,-1.858021547067107,1.763563845569334,0.0065536736815926,92.00085889092102,0.2651584146412282,-0.5622504317052356,1.0036993029210586,44.01501327771854,3.551726263576375,0.7970044210981367,1.096097028092528,254,True,True,True,True
9215,31.0,42.6623377,Iraq,12393.06,0.1915465478539031,-0.236981619777813,0.009048235660855,0.7171337858642801,1.2110466375712896,0.7323835182807398,-0.1381950520311614,-1.7655634214247629,1.9848195917583653,0.0061380609933841,96.81972682097694,0.2819580266799711,-0.2595756221640266,1.0953407374267972,19.46979939589038,3.810007024875084,0.8298669075183737,1.0574970527017875,254,True,False,True,False
9216,30.0,39.9356913,Saudi Arabia,12401.62,1.0,-1.500253237693434,1.6371807283704968e-49,0.3682149152953963,1.4212479446896655,0.7382359766470252,-1.460748776760345,-2.18012185889675,0.9579647199015182,0.0421397178820421,90.75840510848744,0.4013422461506676,-1.50607241741059,1.0038787983061466,212.86986518429904,2.451666834760701,0.5873783185003082,1.5397491111444166,254,True,True,True,True
9217,30.0,41.093247599999984,Saudi Arabia,12401.62,1.0,-1.089807329521707,2.821767539499251e-29,0.0021289541125845,1.421128036902923,0.71019741995095,-1.0359024050543184,-1.9626976388075388,1.1749906841962243,0.0227175019925773,100.20298920329272,0.3524243307033793,-1.1049290856985503,1.0138756234861073,125.9636275978018,2.791249055553262,0.6724437815316138,1.5094264111131734,254,True,True,True,True
9218,30.0,42.2508039,Saudi Arabia,12401.62,1.0,-0.6568300645535097,2.1624158492652661e-13,0.3790902110181895,1.323590910560058,0.6998551983261357,-0.5816562961531838,-1.822676909051664,1.513808878228116,0.0100368924043181,99.41426692234626,0.2869609452433383,-0.6977649029655172,1.0623218098882754,54.69395753196553,3.233834580290798,0.7504383868679659,1.327837850445131,254,True,True,True,True
9219,30.0,43.40836010000001,Saudi Arabia,12401.62,0.6069670875516905,-0.2714925213113983,0.0002646616808463,0.691795193035539,1.2044262542331972,0.7376284637847366,-0.1891763229560162,-1.650382958928872,1.8717854234437248,0.0039861608662702,97.28534011487986,0.3161158782618048,-0.3405711384800471,1.2544402211706471,18.283090277111405,3.3980050413355216,0.785141955805946,1.1533344310000382,254,True,False,True,False
9220,29.0,39.554140099999984,Saudi Arabia,12406.28,1.0,-1.801215406757569,1.024797422797611e-90,0.6185701992047732,1.3577648515939214,0.7442027236894883,-1.778228672805391,-2.1188650234087416,0.3860986297186402,0.3424057732181215,114.38616302223087,0.3513630602644549,-1.8052621665289807,1.0022466828543826,297.3009943428241,2.091162685514247,0.4291237244956148,1.3005636387533297,254,True,True,True,True
9221,29.0,40.700636900000006,Saudi Arabia,12406.28,1.0,-1.6297547223061364,3.4532012668857706e-74,0.4665269044821388,1.3962916306326751,0.7127563804610815,-1.6017442599026916,-2.028579876847704,0.5086354664522769,0.2220628003864118,104.0681656442272,0.3146943476706789,-1.635775908585687,1.0036945352556064,267.04238009513085,2.237834421327551,0.4841583309882838,1.6135080288779078,254,True,True,True,True
9222,29.0,41.8471338,Saudi Arabia,12406.28,1.0,-1.355831751270766,2.142271489998272e-52,0.2354214085576434,1.4642933141190293,0.7052928765665493,-1.3144656495830702,-1.9113632924999744,0.6556229628054039,0.1391168856861794,101.6384803533826,0.2536582694161354,-1.3775219448797102,1.015997702951428,190.97335353129927,2.4082259800484,0.5628519280634835,1.5285691468050635,254,True,True,True,True
9223,29.0,42.99363060000002,Saudi Arabia,12406.28,1.0,-1.0025621858584568,1.707495330952071e-38,0.0581865614168254,1.465144435272343,0.7464445836002979,-0.9698366726579802,-1.7257550046143346,1.149706627428273,0.0153186582569692,108.3617257186173,0.2960775965920788,-1.036362764696117,1.0337141967993917,95.8707059432694,2.4431492636111267,0.5932853185076294,1.2012107094646192,254,True,True,True,True
9224,29.0,47.5796178,Kuwait,12406.28,0.9431816089300448,-0.0049702689939463,0.9154385833161892,0.7156068429067804,1.4166410160602336,0.7450775524976426,-0.1755373114762695,-0.6487029696175854,4.063031922268706,3.423725281242345e-13,102.24687315775856,0.2795690134581883,0.0772752251782795,-15.547493560690238,14.907496617475594,3.0204795371393653,0.6912695677313039,2.760862962121465,254,False,False,False,False
9225,28.0,38.044164,Saudi Arabia,12407.1,1.0,-1.4173606357525856,3.2954144426997656e-110,0.2654467781485222,1.292531929323681,0.7757377362297271,-1.4170078923087144,-1.5023920462631974,0.1779124430775083,0.634379914256753,72.75555057036959,0.2676531596928417,-1.41423996791373,0.997798254191532,169.87781697702027,1.8442458414753824,0.317038550526809,0.386083233054537,254,True,True,True,True
9226,28.0,39.17981069999999,Saudi Arabia,12407.1,1.0,-1.6141359572378091,3.434436512412729e-110,0.4222659746796696,1.2364830518932708,0.7435379326855959,-1.605364285441898,-1.7048711060166366,0.083101252641684,0.8233558915822711,122.67122233679488,0.2398458230382659,-1.6134557415922504,0.9995785883819088,238.79540819687804,1.914324661504669,0.34485742990581,0.7878090670022821,254,True,True,True,True
9227,28.0,40.315457400000014,Saudi Arabia,12407.1,1.0,-1.7784491086473202,1.2957225911788724e-107,0.5752216770249766,1.2430786650613297,0.7215296415032133,-1.77283361034819,-1.8848659246712112,0.1802093103541315,0.6330579136633979,108.49125775765668,0.2954754472816579,-1.7803130459687415,1.001048068967708,307.9519974616925,2.000596735177647,0.3707562419875687,1.3941002508040186,254,True,True,True,True
9228,28.0,41.45110410000001,Saudi Arabia,12407.1,1.0,-1.854438407090152,1.1036088392670129e-96,0.661876583364153,1.3634896470659217,0.7285317276685538,-1.8467457943073595,-1.9843553072758773,0.2064841202946686,0.5950545053326259,100.87074763442313,0.3192107637429203,-1.859400718720699,1.0026759107294014,328.4599120178687,2.039302443986935,0.4170928275907249,1.582461451770221,254,True,True,True,True
9229,28.0,42.5867508,Saudi Arabia,12407.1,1.0,-1.7745862859134796,6.929346224418749e-91,0.6236143671186166,1.4826163122714884,0.7570469293135934,-1.7791252609150754,-1.950877343627841,0.4808426039091959,0.2262119284194104,112.91997927333188,0.3158153113228073,-1.7773744543252714,1.0015711653098665,278.42658671376665,2.009649777170443,0.4297642656915783,1.3411301392040222,254,True,True,True,True
9230,28.0,43.7223975,Saudi Arabia,12407.1,1.0,-1.515419560245352,4.092560863580586e-87,0.4249218355499062,1.5365562361399048,0.7837763858219539,-1.5376272376259124,-1.7988741933968262,0.970687710454455,0.0151105807128305,128.21577661680448,0.2880292724681374,-1.4989436535763208,0.9891278249923317,189.95015439881885,1.9605176100289643,0.4154429152169497,0.9881886300623148,254,True,True,True,True
9231,28.0,45.99369089999999,Saudi Arabia,12407.1,1.0,-0.6928292113633605,5.325144914182933e-37,0.2375460760156605,1.5975080665364207,0.7450877418915786,-0.8131618493649396,-1.101513481782875,2.7523148382903,1.0678658814087904e-10,170.51047736235586,0.2959531079527193,-0.6260027795330533,0.9035455914181144,50.02611042958873,2.280410698308791,0.5384160189272891,1.7469584691283218,254,True,True,True,True
9232,28.0,47.12933749999999,Saudi Arabia,12407.1,1.0,-0.3691466605724295,2.46618185320179e-16,0.4676030655464559,1.6190796877963254,0.7342651740754585,-0.5518222017716936,-0.7156084067299553,3.5789755299894663,7.233762941627547e-15,118.58282318319348,0.2871771766759068,-0.3239622154915247,0.8775975786674108,22.635735304271247,2.5437617674069166,0.5943283964517129,2.239653997730408,254,True,False,True,False
9233,28.0,48.264984200000015,Saudi Arabia,12407.1,0.8794147677994506,-0.2537474343374459,5.288012616496809e-09,0.4983372813592865,1.72813716247618,0.7974301107148246,-0.5064412740275392,-0.4384242681509005,4.295611264721265,9.708671668951182e-18,98.10658617003357,0.2972775740404395,-0.1835851557187185,0.7234956136525025,16.18360650507894,2.5824487983814204,0.6079209355096167,2.6844394357355785,254,True,False,True,False
9234,27.0,38.8125,Saudi Arabia,12404.16,1.0,-1.0362104214843997,1.016399167492683e-99,0.0994731110561748,1.3086769252014423,0.7507698824766369,-1.057037301502646,-1.022912413892609,0.2854855207239702,0.4310201163487645,85.39788956140305,0.1968064723435866,-1.0373894630732348,1.0011378399255493,97.94237937489876,1.847448043862313,0.296285175806372,0.3254935354679671,254,True,True,True,True
9235,27.0,39.9375,Saudi Arabia,12404.16,1.0,-1.4288503603592262,6.844397083338284e-117,0.2565019961695333,1.228906231698319,0.7648793674842955,-1.443571364477453,-1.413813898418332,0.2040367490999368,0.5766483133008741,90.1870288176724,0.2561037659942394,-1.4285386940560396,0.9997818761769368,177.47501925622157,1.8274201820674911,0.2976279404926962,1.0680567611305214,254,True,True,True,True
9236,27.0,41.0625,Saudi Arabia,12404.16,1.0,-1.8315181923721533,1.1232937319341383e-127,0.6267263491181474,1.236765367768775,0.7902959356464734,-1.85095679293676,-1.8057335903061031,0.2606706863987141,0.4826713313027808,98.12639901555184,0.3357210718360043,-1.823333376397592,0.9955311303984584,271.71138675729105,1.797289178312755,0.3055195369624536,1.4555910393374925,254,True,True,True,True
9237,27.0,42.1875,Saudi Arabia,12404.16,1.0,-2.1044447094083254,2.661222904844501e-118,0.9183629646404264,1.2657157770323917,0.780636407018963,-2.131373217023025,-2.032951386405677,0.2706117215969534,0.471842037532051,111.08431608687778,0.3434560874628063,-2.088566337599202,0.9924548401114384,366.46976403062905,1.843093173153852,0.361647395487251,1.4382321877225732,254,True,True,True,True
9238,27.0,43.3125,Saudi Arabia,12404.16,1.0,-2.1286740114503955,1.583086496873587e-113,0.974392608224469,1.3525298076931351,0.8016422989339407,-2.1799828624013085,-2.0614928888481847,0.6381463523050506,0.0959341919866926,153.4780041166232,0.3150838379575421,-2.0974310920312087,0.9853228257351162,355.0462314268515,1.8332297833843856,0.3772608739636889,1.1331366829440024,254,True,True,True,True
9239,27.0,44.4375,Saudi Arabia,12404.16,1.0,-1.875502907038552,2.841097451030138e-103,0.7763981406430842,1.4649417246393677,0.7928502407801279,-1.9483836294371035,-1.8774074405999184,1.099886135676607,0.0041090525571452,154.14007777154137,0.3211934060582364,-1.8121544543420696,0.9662232180719412,282.1752979467381,1.8637461223624845,0.393281349419075,0.8382041931446464,254,True,True,True,True
9240,27.0,45.5625,Saudi Arabia,12404.16,1.0,-1.4216472151665445,5.806071664706873e-74,0.3990646917519032,1.5588304477935253,0.7692289787664539,-1.5487301516463658,-1.488070985575339,2.0740002866894622,1.9943797471343581e-07,144.9925606319448,0.2788023163377602,-1.3654341308797997,0.9604591886882714,174.41302498011913,2.0370848382657347,0.4635495637837205,1.0248048643740104,254,True,True,True,True
9241,27.0,46.6875,Saudi Arabia,12404.16,1.0,-0.9247471702645184,3.723866487086108e-47,0.0035465760754567,1.5509208130845389,0.7363929211365702,-1.1012863478550534,-1.0301668459500948,2.931450036229209,1.676096089178704e-12,124.66377194679808,0.2579685413972163,-0.8750598796807895,0.9462693240039696,84.77384805948986,2.2659670572365025,0.5271070876621126,1.4878547525225103,254,True,True,True,True
9242,27.0,47.8125,Saudi Arabia,12404.16,1.0,-0.5495400665094913,9.261141279867159e-29,0.2676578798422626,1.5918483968929709,0.7404808339943797,-0.7705161769367195,-0.6498481445416351,3.6116222808050056,1.121289806387226e-16,99.0283610286618,0.2657072777982266,-0.504987694625022,0.9189278915230836,35.551820409304355,2.4076860720682483,0.5479626595506288,1.9372953368042307,254,True,True,True,True
9243,27.0,48.9375,Saudi Arabia,12404.16,0.9355027605008072,-0.3932935138382866,3.8195560676562473e-19,0.3379067901083651,1.6402915427878912,0.7774477792158825,-0.650894939402321,-0.4607925496426581,4.096687288441449,2.3369973705635147e-19,98.80855299571218,0.2497992618904849,-0.3120169641217141,0.7933437830607306,22.171576927823352,2.4256565263134084,0.5589763407709774,2.39910588942232,254,True,True,True,True
9244,26.0,40.6811146,Saudi Arabia,12397.52,1.0,-1.346892243123495,3.3453436059263166e-126,0.2246584357255522,1.1972671559009864,0.8231327545244881,-1.3761083285418003,-1.3030586273687588,0.3606461594607275,0.316509360935899,91.50468767311396,0.311092059671507,-1.3452244185555864,0.9987617238302292,136.31815823511727,1.6740856654806442,0.2529941515749548,1.1955060239500848,254,True,True,True,True
9245,26.0,41.79566560000001,Saudi Arabia,12397.52,1.0,-1.8406260049141456,5.9111903604509655e-136,0.7095095960258999,1.1245902308305755,0.7942349549554619,-1.8778752027891497,-1.7599703368193536,0.40581705412593,0.245773891248942,108.27579860948995,0.3174695005970502,-1.8292792364162336,0.9938353753192564,270.9839303971883,1.6854158504660155,0.289801378294828,1.3218297056856598,254,True,True,True,True
9246,26.0,42.91021670000001,Saudi Arabia,12397.52,1.0,-2.128182711261396,1.0821988280009916e-131,0.9932341882612044,1.1251999088343072,0.8076463707510089,-2.180550411707148,-1.9856199341774583,0.4912755669204478,0.1687120314421086,138.1955825505429,0.3157712184624295,-2.1011596714145497,0.9873022933116354,349.3234464738164,1.692977397335969,0.3264744933277071,1.22963681688603,254,True,True,True,True
9247,26.0,44.024767800000006,Saudi Arabia,12397.52,1.0,-2.115046666218837,1.749326827062752e-113,1.009406816466328,1.1573789458235118,0.7688347327885829,-2.186121735240982,-1.970434557044048,0.7556889905602324,0.0361701646500119,167.21262924499268,0.3318899806136361,-2.070452935205358,0.9789159588174944,380.6142456541205,1.8017661260763604,0.3863461101334996,1.010977314586113,254,True,True,True,True
9248,26.0,45.139318900000006,Saudi Arabia,12397.52,1.0,-1.8141961163416915,6.221244130812684e-95,0.7663483543047572,1.207296859834148,0.7347117683366936,-1.9202208892170216,-1.7079367113406545,1.3657793211186944,0.0002035822835412,145.79076053613488,0.2988405206630896,-1.759417027117828,0.9698053100596836,307.49619351770343,1.9402336613275728,0.427745670641856,0.818003148051806,254,True,True,True,True
9249,26.0,46.253870000000006,Saudi Arabia,12397.52,1.0,-1.3486816773304424,7.058989823424219e-72,0.3893963692490669,1.2081193256536886,0.7131494315126858,-1.498474492574874,-1.307494585796481,2.184587794619033,9.325945611206166e-09,123.08950793909996,0.2595995405716024,-1.319205552890586,0.9781444910720511,182.3500974865107,2.1081179499441536,0.4722559132822989,0.7719569307808973,254,True,True,True,True
9250,26.0,47.368421100000006,Saudi Arabia,12397.52,1.0,-0.8781349724102605,7.916003613341413e-51,0.0324345502079071,1.2681450105237102,0.6882305225101099,-1.068029745995004,-0.913814893631144,2.9758459111586686,3.191799128075858e-14,109.9358104264441,0.2324541089120617,-0.857708932290293,0.9767392932046618,86.38227644572939,2.3064859441004626,0.4996341829577014,0.9548975917244048,254,True,True,True,True
9251,26.0,48.482972099999984,Saudi Arabia,12397.52,1.0,-0.5338656514201485,2.3952045840180167e-32,0.2017248610961342,1.3473796859950269,0.6820379966521148,-0.7513532591254156,-0.629800719263949,3.5339725381569047,1.1792018525688997e-18,89.75386474921834,0.2406835510561145,-0.4547854450442497,0.851872458612882,37.31507927806904,2.426291302254519,0.5197795236374348,1.3655998689885431,254,True,True,True,True
9252,26.0,49.59752320000001,Saudi Arabia,12397.52,0.9693349102611308,-0.3689213937376296,1.9797480634324668e-20,0.2798676289159202,1.3869780503639426,0.7042523067644672,-0.6050002580100904,-0.5108673600608076,3.918109662403016,3.4974457755728695e-21,86.62163323514201,0.2925707677674383,-0.255241289866678,0.6918581958090539,22.30726097030272,2.458359393368361,0.543693010510089,1.9391769818489564,254,True,True,True,True
9253,26.0,56.28482969999999,Oman,12397.52,0.2833363430589639,-0.9125159438790024,2.5071833503409705e-32,0.0548386679182466,1.243362260619652,0.8621406918160996,-0.9670164435340272,-1.2651236725383916,1.6031546893755555,0.0037886674405546,121.42354534124024,0.4836743108745316,-0.8179135792345418,0.8963279871666497,69.01884516234652,2.4765017732447245,0.5951224801773691,3.5434032247457994,254,True,True,True,False
9254,25.0,41.411042899999984,Saudi Arabia,12387.25,1.0,-1.207943382668324,2.558848800159613e-125,0.2039781939507663,1.0711307104843,0.7992636506721778,-1.2445033333045972,-1.190261693356095,0.5228072290519569,0.1156708463477698,103.91565929545322,0.356191055031234,-1.2043576616644498,0.9970315487833932,116.09274720446614,1.593670255416154,0.2493499747575024,0.9425686361925796,254,True,True,True,True
9255,25.0,42.51533739999999,Saudi Arabia,12387.25,1.0,-1.5925431009432145,2.1390940926161545e-137,0.5662866026857027,0.9943626692669414,0.7718928204752169,-1.6346677172871031,-1.5105825668709625,0.4640704074309698,0.1491844581504494,125.36325012561672,0.3583010674228643,-1.582670496453655,0.9938007301129168,214.659247970986,1.5969637873585354,0.2730013571835417,1.0131600201452924,254,True,True,True,True
9256,25.0,43.6196319,Saudi Arabia,12387.25,1.0,-1.7584870845037217,3.975173594011844e-127,0.7283925732524664,0.9539902308386295,0.729432792629052,-1.8101913146208224,-1.6229776624250485,0.4859828632689419,0.1304223981403335,135.35307143659642,0.3664933544552364,-1.7420277043171577,0.990640033508572,292.620195446942,1.6881397377059866,0.326493536600526,1.0095747158564077,254,True,True,True,True
9257,25.0,44.72392640000001,Saudi Arabia,12387.25,1.0,-1.6745785190155078,6.010475253005137e-113,0.673100467804162,0.9394689711565908,0.6979974148447193,-1.7502993346838174,-1.5216475759358827,0.8032252921777286,0.0143481453958459,133.4717853788364,0.2955563377260126,-1.6439396237238757,0.9817035182622282,290.1693402278904,1.807905253241844,0.3639629709392228,0.9598705301363344,254,True,True,True,True
9258,25.0,45.82822089999999,Saudi Arabia,12387.25,1.0,-1.395912333135177,6.199298974678361e-95,0.4596372906191676,0.9412264502485906,0.6716371549267126,-1.5065212328153648,-1.2681279497429905,1.38960915069388,4.0850010100662775e-05,113.84117442765272,0.249853614852636,-1.384588550857092,0.9918878986815366,218.9095100200396,1.961164010759576,0.3943947136302621,0.8633012963223218,254,True,True,True,True
9259,25.0,46.932515300000006,Saudi Arabia,12387.25,1.0,-1.029543701339923,1.1181500750130201e-73,0.1884593470540244,0.9982460332038336,0.6512943718531583,-1.179491722768495,-0.9535486870643328,2.106786889730245,2.4159179363674798e-09,100.28859655528018,0.2337624321204791,-1.0203825820170187,0.9911017674033834,128.57860426244008,2.1479612094598126,0.4218583264523115,0.6842264550538112,254,True,True,True,True
9260,25.0,48.036809800000015,Saudi Arabia,12387.25,1.0,-0.6807227952103004,3.627585031755243e-49,0.0472256238953502,1.0991087496359233,0.6356009342996556,-0.8658244262532478,-0.6886019076934445,2.835072473052996,4.339648898915915e-15,89.4996737622811,0.2283904582416376,-0.6314493151016876,0.9276159393290326,61.73980405527789,2.3109805359878983,0.4675967935090945,0.5263640433693141,254,True,True,True,True
9261,25.0,49.1411043,Saudi Arabia,12387.25,1.0,-0.4184500455018684,3.8807076710491466e-29,0.2025645272920419,1.1827135426624984,0.6576498580847838,-0.6255196214999996,-0.4756331650874893,3.278453901921883,1.218888211793393e-18,79.41607127684013,0.2778309158586136,-0.3617555344435903,0.8645130723064411,25.250147682098586,2.335167923581523,0.5025653985848004,0.7806126513832139,254,True,True,True,True
9262,25.0,50.2453988,Saudi Arabia,12387.25,0.8666383866586075,-0.2716366089091424,1.7337727621822222e-15,0.2519670213061367,1.3017301940779733,0.6768994218436609,-0.4955561883421293,-0.3312731140000927,3.537662107525813,1.548478037722459e-19,86.84068092377856,0.2980911297287994,-0.1982410414981643,0.7298023719787798,14.529020357938624,2.395670155623696,0.546916746795981,1.318858624079833,254,True,True,True,True
9263,25.0,51.34969330000001,Qatar,12387.25,0.6407546562380847,-0.2243481992500706,1.2713176910103434e-11,0.2369390574503032,1.277028445387734,0.6699949586887753,-0.4365622017518145,-0.2796486197540418,3.34726460296786,8.736161501024169e-18,80.25334436698662,0.3406924782504409,-0.1578702506962446,0.7036840555170846,14.590082510477814,2.39216456649303,0.5730271144981728,2.009277955195462,254,True,False,True,False
9264,25.0,55.7668712,United Arab Emirates,12387.25,0.953767705182624,-0.3759243783331283,4.831489281291732e-19,0.361475941316252,1.0388265582884968,0.7826977661883676,-0.4218757046672159,-0.628485681638604,1.2462516620811572,0.0093464047707434,93.69088137211898,0.3366694632429704,-0.3227761125368151,0.8586197946725993,25.50853915800557,2.358299083170851,0.5517686088282256,3.487592952137374,254,True,True,True,True
9265,25.0,56.87116559999998,(offshore/unassigned),12387.25,0.095731174172782,-0.4198802815377894,8.251993885658389e-21,0.3455673988406345,1.075676192765027,0.790170135615098,-0.4532861961974552,-0.5713139133723595,0.8292943491433921,0.0882861473721164,86.0751264821738,0.3252967364370737,-0.3974950779664882,0.9466866996246728,25.28424703544944,2.361082158965416,0.5575030620049473,2.963167655690785,254,True,True,True,False
9266,24.0,42.127659600000015,Saudi Arabia,12373.42,1.0,-0.8817761676638831,5.206858483556859e-109,0.0070558869188614,1.0130271007069946,0.7538563323135806,-0.9119423504044591,-0.8332433726036,0.3409516388110807,0.2713658515549431,117.48887461629542,0.3016414799076859,-0.8811104123291874,0.9992449837508542,70.04064063154487,1.5740488477336785,0.2543685418902058,0.6014221919629807,254,True,True,True,True
9267,24.0,43.22188449999999,Saudi Arabia,12373.42,1.0,-1.0911533018274446,2.5978495411860686e-114,0.1787453482365783,0.9129097224093332,0.7075266147767773,-1.1224819449474448,-0.9962997165093236,0.2587671359802834,0.388857217505581,124.8572718288051,0.2936630363665677,-1.08738438532739,0.9965459331023948,120.76321049452474,1.6239954700895642,0.2915174920585873,0.7450919223724066,254,True,True,True,True
9268,24.0,44.316109400000016,Saudi Arabia,12373.42,1.0,-1.1581572161407985,1.3412390483372746e-109,0.2524583692625895,0.7960692424651402,0.667681699827969,-1.2028326245469363,-1.0003715831867557,0.3202318362396006,0.2921856304629862,125.71670238743536,0.276081223147498,-1.1438693796686623,0.9876633014300544,152.6814050044063,1.742845225245406,0.3204606160340523,0.8047572025300758,254,True,True,True,True
9269,24.0,45.41033429999999,Saudi Arabia,12373.42,1.0,-1.094475305681048,2.1027051285769376e-99,0.2263786790052465,0.7800996055867613,0.6332527124991668,-1.164534449702729,-0.9049212703150888,0.6324133642820008,0.0448157306241676,114.89053937936356,0.2581865649932769,-1.079517943292276,0.9863337598289028,152.3131564046483,1.910844643683017,0.3423806389860016,0.8752292632384638,254,True,True,True,True
9270,24.0,46.50455929999998,Saudi Arabia,12373.42,1.0,-0.9357033594325542,1.82130922546334e-86,0.1329731572218531,0.8579259446754436,0.6254511585032053,-1.0390711235895145,-0.7442306522993338,1.136223167409503,0.0005982687769848,101.95573188209286,0.2528946843555623,-0.914195290208892,0.9770140087594584,115.44510426981768,2.0477934196482463,0.353516067460546,0.8627683159804456,254,True,True,True,True
9271,24.0,47.59878420000001,Saudi Arabia,12373.42,1.0,-0.7318052610825456,1.7164545895595534e-63,0.0279625355648949,0.9260245619853954,0.6110959987256993,-0.8773924403433244,-0.5818220395485907,1.874566633545599,3.84617284504542e-08,93.05763912697634,0.2225706498744825,-0.7055572510778314,0.9641325207666775,75.69826778546513,2.199020382927302,0.4090071548104861,0.6813390590203158,254,True,True,True,True
9272,24.0,48.69300909999998,Saudi Arabia,12373.42,1.0,-0.516585176258455,1.0535331844764596e-39,0.0773187193886591,1.0233978352682436,0.6224741549696494,-0.6951955608008777,-0.3939897755575399,2.4456067911926285,7.95320337278006e-12,77.63350235220665,0.2841912580433177,-0.4910391680052126,0.9505483133715372,38.61895066736584,2.3013116527809787,0.4773504255240477,0.3339507312261209,254,True,True,True,True
9273,24.0,49.78723400000001,Saudi Arabia,12373.42,1.0,-0.3347835625274717,8.723740221276334e-22,0.1491747060352103,1.1603229873850864,0.6479017495366115,-0.537023961080548,-0.2338958248903364,2.8478539825098705,2.76090583088021e-14,64.21211421004651,0.3562116095595193,-0.315105408599842,0.9412212661246924,17.7035806617843,2.3395433152745584,0.5338479705748744,0.1649876608017918,254,True,True,True,True
9274,24.0,50.88145900000001,Saudi Arabia,12373.42,0.9810372779067766,-0.2058403435819706,5.4301725920375766e-11,0.19154895086791,1.1837337852407377,0.6520859418829773,-0.4103636124024823,-0.093238875605472,2.855059748973312,2.972852365454504e-14,69.23457402309091,0.3503957362819,-0.1851594643532726,0.899529514628592,9.61783497991341,2.33301560894802,0.5780217622139858,0.5189988694171833,254,True,True,True,True
9275,24.0,51.97568390000001,(offshore/unassigned),12373.42,0.5941791281479719,-0.1431639227069137,3.415656568249344e-07,0.2133882273061602,1.1757881641530137,0.6266102671486291,-0.3233463072664106,-0.044007810911818,2.5127686928936592,1.2008083763111935e-11,71.0953640487666,0.2999445009164107,-0.0698890544379288,0.4881750451963113,8.285740186411902,2.367559212940271,0.5723456499444874,0.980114585653844,254,True,False,False,False
9276,24.0,53.06990880000001,United Arab Emirates,12373.42,0.6470301065244836,-0.1340338999941622,4.267522439314978e-07,0.2435754429994096,1.1460282437093048,0.616069929351664,-0.2746698477702922,-0.0978355056210355,2.0510300385552545,3.360579936557981e-08,68.74653033912182,0.3442386225950878,-0.0307716563919964,0.2295811462125376,9.780253781419548,2.3769501915911904,0.5486828823349686,1.505494470880305,254,True,False,False,False
9277,24.0,54.16413370000001,United Arab Emirates,12373.42,0.760428394411748,-0.1457820770389377,3.35563162939585e-08,0.3027425115100021,1.0094309598152682,0.6677555545211972,-0.2436544584670019,-0.1803434766907479,1.5600142085936035,6.399041785285193e-05,66.67648402120297,0.291858115174976,-0.0752025252160798,0.5158557673450734,10.685586395786276,2.2706967333033043,0.5154947170943054,1.9850522953943663,254,True,False,True,False
9278,24.0,55.2583587,United Arab Emirates,12373.42,1.0,-0.1676184545591076,1.8764373732950076e-09,0.3671026758228739,0.8992494978606903,0.7309397305851877,-0.2423675298101306,-0.2434710831314546,1.2943696065783703,0.001961024043131,64.51853428346416,0.2977900704781207,-0.1336876794510214,0.7975713640998808,10.92796085784703,2.208099929888822,0.4996244890153405,2.246023020836424,254,True,False,True,False
9279,24.0,56.3525836,Oman,12373.42,0.9585551400352862,-0.1990561879917247,6.004438595971497e-11,0.3895246512722509,0.8905120036790379,0.7550686887838547,-0.2581143280481975,-0.2411357303515743,0.9746178643719828,0.0266544054455665,100.68333542595306,0.270788343683199,-0.1902016706828004,0.955517497856975,11.26937873819084,2.2375686456690373,0.5094295288038109,2.157662484391456,254,True,False,True,False
9280,24.0,57.4468085,(offshore/unassigned),12373.42,0.3733113005650356,-0.2364695688748423,7.159526524421542e-13,0.355860573395758,0.956949491853584,0.7813566246849046,-0.2755056024836974,-0.1856119499022307,0.456749590453516,0.3190071417377789,98.14798880368473,0.2523093748381943,-0.2266441694202897,0.9584496241892632,11.262210065733925,2.245081567412249,0.5151200034756979,1.8854750866093013,254,True,False,True,False
9281,23.0,40.78549850000002,Saudi Arabia,12393.41,1.0,-0.1910594932675151,1.8152800810874696e-24,0.5324223470947176,1.1862673232633325,0.7845246783994226,-0.2284680060303164,-0.0839492087093158,0.3015598048214337,0.3696597643349714,102.1358083281666,0.2801258927431927,-0.1936583807231711,1.013602503655849,4.790309464463099,1.639526827896344,0.284327179754598,0.13069183621126,254,True,False,True,False
9282,23.0,41.8731118,Saudi Arabia,12393.41,1.0,-0.3636402194334295,2.451559549513164e-52,0.3960596181105311,1.0819781413824408,0.7476199130491499,-0.394538491632398,-0.2456592575624071,0.1827238996157598,0.5641536492886561,110.62774280978678,0.2734661660695953,-0.3647024419102761,1.002921080837817,13.60771986499173,1.620940906895843,0.2928845258760723,0.3413845237123507,254,True,False,True,False
9283,23.0,42.96072509999999,Saudi Arabia,12393.41,1.0,-0.5142924206071979,3.1859779960511466e-67,0.2697773625051566,0.9430268946083172,0.6881172172716425,-0.5331446228658935,-0.39000884090958,-0.008325447040658,0.9780040332364108,112.88709439880526,0.2586610693475314,-0.5121153281746745,0.9957668199155004,29.98680499751769,1.6777635215293372,0.3255449067563629,0.5326318731619264,254,True,True,True,True
9284,23.0,44.048338400000006,Saudi Arabia,12393.41,1.0,-0.6270624332890187,1.9217680085883105e-72,0.1640884334972475,0.7624673857151724,0.6387827228361576,-0.6506927407756877,-0.4366486686583331,-0.07333567619096,0.8089929203314665,119.3251420390637,0.2685541772644976,-0.6197863110859377,0.9883964948036884,50.64345253941616,1.8159706456471567,0.3512872377878472,0.542483059745482,254,True,True,True,True
9285,23.0,45.13595169999999,Saudi Arabia,12393.41,1.0,-0.7012891882171999,3.064087741494594e-73,0.0776055989704807,0.707330616646128,0.6272117451933898,-0.742922730262608,-0.4470770248097159,0.0603838962039865,0.8500188829280899,112.91495949883635,0.2922219469425919,-0.6953448562470379,0.9915237079509616,65.4820930373395,1.946648229002432,0.3633681744843624,0.6483598990054084,254,True,True,True,True
9286,23.0,46.22356500000001,Saudi Arabia,12393.41,1.0,-0.7199065077642901,2.8251017577248265e-74,0.0132716320948127,0.7635689204953703,0.6153054631334512,-0.7877471275022391,-0.4386529727435568,0.3970127863531534,0.2313515751947492,95.71415416353072,0.2364952453950499,-0.7159599928248499,0.994518017413544,72.10018607728153,2.0641233564156174,0.3537178188025821,0.8050896088322366,254,True,True,True,True
9287,23.0,47.3111782,Saudi Arabia,12393.41,1.0,-0.6738097291382336,1.0411410298017516e-62,0.022034463806374,0.8365427527438277,0.5990617287465995,-0.7829933901644021,-0.3761165540462268,0.9926581430245563,0.0039005416485834,85.15645235738097,0.2116175443851039,-0.6697704816529003,0.9940053589156403,67.59274264888688,2.21370880199089,0.395202571786691,0.8142623696124622,254,True,True,True,True
9288,23.0,48.398791500000016,Saudi Arabia,12393.41,1.0,-0.5649418251631702,2.615660975925241e-44,0.0188681119076885,0.9457797893813832,0.6171954706769088,-0.7178120144470639,-0.2701223074200475,1.6664825117173336,3.883680751277499e-06,72.43501512566581,0.2652474720912208,-0.5478013237642672,0.9696597054148852,46.24744025321544,2.2842301606787934,0.4667808744425186,0.6211233920564071,254,True,True,True,True
9289,23.0,49.4864048,Saudi Arabia,12393.41,1.0,-0.4174097071485713,2.5189682361592965e-27,0.0161384514217977,1.0299463374712474,0.6446732702948581,-0.6000977618615009,-0.1283697388130742,2.1314317277823047,1.5090293615208912e-08,67.11705285822973,0.2811074801174035,-0.3942935490868124,0.944619979684538,25.31303305644059,2.306122352856639,0.5365858434149706,0.487844768800349,254,True,True,True,True
9290,23.0,50.57401809999999,Saudi Arabia,12393.41,1.0,-0.2792522318141122,6.410129458038495e-16,0.0571198215269867,1.078755035665905,0.664515022196922,-0.4722083147910378,0.016163982005254,2.269723338941796,2.708170209586109e-09,64.39481561188586,0.2381065315775889,-0.2704692979791137,0.9685483844553658,13.260120780979817,2.274659645069803,0.577655481556069,0.6244641909231834,254,True,True,True,True
9291,23.0,51.661631400000005,Saudi Arabia,12393.41,1.0,-0.1913016111613083,3.763160159373272e-10,0.088060873107729,1.0879189348208644,0.6551946258033152,-0.3715252801878824,0.0955746225093872,2.0925940869329187,3.5066488963371296e-08,62.8363959553341,0.2007164976535971,-0.1743021467962726,0.9111378923479037,8.909042366720822,2.2832096905112578,0.5811889254318605,0.7171504575945316,254,True,True,True,True
9292,23.0,52.74924469999999,United Arab Emirates,12393.41,1.0,-0.1653040909076531,4.288364641015308e-09,0.1128000728694685,1.061665267686486,0.6231181186653073,-0.3153970416438121,0.0706716859792095,1.747567880607932,2.30826021777625e-06,59.29490731951471,0.1446854223090957,-0.1449171589007169,0.8766701302127766,8.187830760519427,2.321254134723491,0.567952204728872,0.586658664601676,254,True,True,True,True
9293,23.0,53.83685800000001,United Arab Emirates,12393.41,1.0,-0.1833130878365656,1.5039117991014187e-11,0.147581434028004,0.9764663796084456,0.6221138151043062,-0.3059947388702823,-0.0255266141671389,1.5044200481144747,4.480880168894514e-05,59.69403588445857,0.1792977151485714,-0.144536798232078,0.7884696064960787,8.686274263506006,2.303853353946555,0.5314833981353291,0.3741860665438324,254,True,True,True,True
9294,23.0,54.92447129999999,United Arab Emirates,12393.41,1.0,-0.21615275562125,6.261827952061965e-15,0.1800031046308896,0.8764436639021119,0.6788740051887667,-0.3160925931773612,-0.1066059062092003,1.266956993151397,0.0009706238894805,66.57241446354116,0.206235102713504,-0.1988787859138467,0.920084434465081,9.015434041098894,2.186872252185103,0.494576826900941,0.5231432347588594,254,True,True,True,True
9295,23.0,56.01208460000001,Oman,12393.41,1.0,-0.2428278295269447,1.2149331473936178e-16,0.208652035881053,0.79022547901656,0.7316617488755373,-0.3320670127386091,-0.1248549519340573,1.0812448571312678,0.0077312881292363,83.75958653710163,0.2290776324577647,-0.2362724930157911,0.9730041794471246,9.49327279221968,2.136529564340516,0.4831137425389285,0.7792022713456794,254,True,True,True,True
9296,23.0,57.0996979,Oman,12393.41,1.0,-0.2508045302155006,6.825803422197514e-16,0.2211109868079588,0.8253390789569747,0.7676614387684566,-0.3304107805722762,-0.0657090302163393,0.7753813274243386,0.0713490443558333,140.4136161816617,0.2499863790838261,-0.2442636692518048,0.9739204831823588,9.547794855455647,2.1486428973725245,0.4911765985208471,0.949451766221836,254,True,True,True,True
9297,23.0,58.18731120000001,Oman,12393.41,1.0,-0.2286362627518445,1.0368573440277846e-12,0.2225870820300484,1.037083110684934,0.8193516250108551,-0.2876645848867714,0.0723185515020323,0.1882816414649782,0.6813518673285429,130.2270350061978,0.2398454569855708,-0.1732494491836481,0.7577514043416999,8.313459775404182,2.140011466855204,0.5027864029194492,1.175318873414115,254,True,True,True,True
9298,23.0,59.2749245,(offshore/unassigned),12393.41,0.4070116162036649,-0.1649732176889446,4.371165363639441e-07,0.2357864488135365,1.3271377972759844,0.9010514794690616,-0.2058345062729549,0.2800218447647218,-0.4382239911974965,0.3803925829067666,86.56383093601715,0.220405539523498,-0.1622797472760432,0.9836732867877984,6.405333607498602,2.121501886166036,0.5145994742439896,1.5065878870895326,254,True,False,True,False
9299,22.0,40.54054049999999,Saudi Arabia,12409.39,1.0,-0.0690379919750596,5.422170031838605e-05,0.5405657127463058,1.1682281002258206,0.7463320553750887,-0.1252357540046591,0.1362266981071446,0.3538475477782667,0.2962074457270754,104.94116893503816,0.2628430444308978,-0.0705407104513881,1.0217665438020167,2.7348839960409674,1.7372310494694372,0.3484485849365371,0.417173854626359,254,True,False,True,False
9300,22.0,41.6216216,Saudi Arabia,12409.39,1.0,-0.1419365036753974,8.351794606690974e-15,0.5035244955151689,1.0622630780470574,0.7230389030227393,-0.1804402863971804,0.0564376933862018,0.1134183679483325,0.7281775690222018,106.2286594665299,0.2813060394001144,-0.1484176046143439,1.045661973989218,4.049125660473912,1.72583772265047,0.3521778367934733,0.2538534844597624,254,True,False,True,False
9301,22.0,42.7027027,Saudi Arabia,12409.39,1.0,-0.2263633959556769,2.579707530595454e-26,0.4430692433356764,0.9483211583937388,0.6706242648084755,-0.2480483917395198,-0.0197210113299246,-0.149645863207558,0.6373931919466129,113.54014124566066,0.2938796944000417,-0.2221426815819858,0.981354254048576,8.20105151837755,1.8104485121112688,0.3806982527259675,0.4239651177503754,254,True,False,True,False
9302,22.0,43.78378380000001,Saudi Arabia,12409.39,1.0,-0.3403756138546053,3.44568444555734e-39,0.3435764935488502,0.8195383729051025,0.6461351750422233,-0.354319073788585,-0.1178745352892421,-0.2898700962316144,0.3653674743931354,114.6349307320391,0.3600934359558516,-0.3369950132376661,0.990068029320152,16.57148455657366,1.896474320672079,0.3898779066637565,0.3744016747796195,254,True,False,True,False
9303,22.0,44.86486489999999,Saudi Arabia,12409.39,1.0,-0.4770799375149003,8.640634114401562e-54,0.206898078099167,0.7636599765833773,0.6464615422453447,-0.4925914873074351,-0.2133834147612794,-0.3575156338451332,0.2739668542253876,98.252890984683,0.3418840906821641,-0.4756458536431271,0.9969940386107132,30.03105587875065,1.935156784062765,0.3715259705477085,0.4400997486241555,254,True,True,True,True
9304,22.0,45.9459459,Saudi Arabia,12409.39,1.0,-0.5884043470989565,8.329635029724268e-65,0.0683060036420904,0.7875204887396298,0.6517075754685592,-0.624114700308665,-0.2726825716062813,-0.1658927969983316,0.6241539457890748,80.36077859268215,0.2761779104418787,-0.5882015919201932,0.999655415226344,44.09100433604644,1.9867940376631708,0.3480271990646149,0.7614120751666041,254,True,True,True,True
9305,22.0,47.027027,Saudi Arabia,12409.39,1.0,-0.6336266085178298,9.038314667492745e-66,0.04489468559657,0.8478091632856818,0.6358906362058961,-0.7104948940467424,-0.2892890482447168,0.3962503880939871,0.2531528271898363,73.36476515047252,0.1995730844402001,-0.6351871833785767,1.00246292507254,53.673267678448646,2.087680185797072,0.3567164776622956,0.9255239691739914,254,True,True,True,True
9306,22.0,48.10810810000001,Saudi Arabia,12409.39,1.0,-0.5919452042194634,3.794677808036271e-53,0.1015835962039144,0.909363490867554,0.6400687295549718,-0.7153398441617252,-0.2397413303877467,1.0871384330811429,0.0022003863973896,67.18908913976824,0.1971489974410671,-0.5957059628357517,1.0063532208547026,46.75554416218242,2.141151926991269,0.4164480219509168,0.7919217631022485,254,True,True,True,True
9307,22.0,49.18918919999999,Saudi Arabia,12409.39,1.0,-0.4747318552272369,2.1729915267982446e-34,0.0945563301882323,0.9378381489256896,0.6664524122376206,-0.6378670762471121,-0.1013299402337533,1.641108523434291,9.052364409716132e-06,68.77690499648452,0.1908292737576703,-0.4784037519462024,1.0077346752246232,29.190405921751463,2.163630343295021,0.5034634243455756,0.6068174099663775,254,True,True,True,True
9308,22.0,50.27027029999999,Saudi Arabia,12409.39,1.0,-0.3321902001135458,3.216629829875133e-21,0.0549348064387838,1.0311029689939284,0.7314715661230003,-0.5181068867774025,0.0631017088196367,1.9338349419612684,5.726033909877625e-07,66.07308523030952,0.1523276448060308,-0.3349993761332214,1.0084565288762746,14.310987834396553,2.072992763759471,0.540436852275711,0.9929717439304035,254,True,True,True,True
9309,22.0,51.3513514,Saudi Arabia,12409.39,1.0,-0.2347109811052253,5.5655611321200496e-14,0.0192968679970933,0.9840135578119004,0.7067051830563015,-0.4147787924648197,0.1402601110855659,1.889478302922356,6.537238863019191e-07,66.0247713001445,0.1018641493773685,-0.2402449270341768,1.0235777035351852,10.977052327186314,2.1066796374764625,0.5582646364661872,1.5077546448439805,254,True,True,True,True
9310,22.0,52.43243240000001,Saudi Arabia,12409.39,1.0,-0.2049044432716473,9.19506942816864e-13,0.0001389578318077,0.9289333936143612,0.6734792557009331,-0.3648546194138438,0.1284832096978971,1.6738130512350415,4.806335334893322e-06,65.48055292184776,0.0722379021761938,-0.1732650760443624,0.8455896479251076,11.227005022555105,2.1221081713053267,0.5489739476087504,1.7527603056287338,254,True,True,True,True
9311,22.0,53.51351349999999,Saudi Arabia,12409.39,1.0,-0.2365642411423246,1.896522352866245e-16,0.0007984165149323,0.8936238037037737,0.6425551519497605,-0.3753231217833886,0.046171421859001,1.4636764134711713,4.5041565014161615e-05,72.96684579147646,0.0995123290582467,-0.1958267810722662,0.8277953596310891,13.1624301685544,2.17077151146888,0.5296339699817298,1.5617281910852998,254,True,True,True,True
9312,22.0,54.59459459999999,Saudi Arabia,12409.39,1.0,-0.299172313651265,4.316349288249185e-23,0.0021654879051151,0.8569747882335543,0.6711668043569127,-0.4252405917686112,-0.0614294402550638,1.3675981951701448,0.0001883284593789,82.83946678973734,0.1509018044913623,-0.2713821585381566,0.9071098699811428,14.394856630012614,2.115880224302766,0.4926746259105281,1.0332002188322078,254,True,True,True,True
9313,22.0,55.6756757,Oman,12409.39,1.0,-0.3445426217933899,5.13352516159987e-27,0.0043249512310413,0.8113747788459499,0.7252193113863483,-0.4619887559991003,-0.1036221609075755,1.2275563421785507,0.0015643641903238,75.15760999328145,0.1816608054278455,-0.341217179685517,0.9903482417050072,14.54590671190764,2.0671906938319204,0.4667158320535681,0.3875606660394101,254,True,True,True,True
9314,22.0,56.756756800000005,Oman,12409.39,1.0,-0.3475123347721703,2.9015785981787708e-24,0.0332315696325774,0.7875677079477603,0.7539052605717746,-0.4567285194989591,-0.056015228306217,0.9834910605301448,0.0180698190199284,84.29083523961404,0.1969818738091022,-0.3469823158418438,0.9984748198055358,14.0726462576321,2.1216496000584075,0.4861032191760754,0.362322034113932,254,True,True,True,True
9315,22.0,57.83783779999999,Oman,12409.39,1.0,-0.2969730377002375,1.0199748449820584e-17,0.0843050331340112,0.933942069564835,0.7950921909345743,-0.3952301444976834,0.0950263700646535,0.5794359518472925,0.1976925840409586,91.75207934652768,0.2118885179573813,-0.2463966898740353,0.8296938058152823,10.960689142828878,2.1666780174070763,0.5082156239091243,0.7834315942758757,254,True,True,True,True
9316,22.0,58.9189189,Oman,12409.39,0.9937737568372476,-0.1990219015764358,2.618921009381058e-09,0.149497764304682,1.2986999575359488,0.9239511451807952,-0.275175044837212,0.3344912017508182,-0.0968738604078606,0.8468487992904362,85.54025526934615,0.283958197688561,-0.124527998225004,0.6256999719057461,6.175084024917452,2.075599613552515,0.505840345285811,1.1034994420350592,254,True,True,True,True
9317,22.0,60.0,(offshore/unassigned),12409.39,0.1815773195635389,-0.0787183572122487,0.0271768567605996,0.1923646502772017,1.8812586161754576,1.1736986100260316,-0.1247726780808071,0.6279181562427634,-0.9837281729385956,0.1025098356144577,78.68657614958163,0.2937398709918264,-0.0386684754251123,0.4912256403020492,3.575027973589616,1.9678903050597376,0.4926025847230352,1.2835877674499117,254,True,False,False,False
9318,21.0,41.25,Saudi Arabia,12384.43,1.0,-0.1423357407436327,1.824057077372925e-12,0.4088773082457848,1.1244760415997272,0.7221352786685201,-0.1891679731587252,0.1386590468060413,0.0525403026850767,0.8795837669520656,134.94000410040218,0.2425282897759542,-0.1267140010084706,0.8902472446235469,4.413150701911567,1.8362157267802204,0.3953620991969827,0.2226931840707721,254,True,False,True,False
9319,21.0,42.32142859999999,Saudi Arabia,12384.43,1.0,-0.2035533329865906,2.3259273736643657e-21,0.3698444712108147,1.0605234984647576,0.7151415535333964,-0.2252332157371481,0.0462663991674885,-0.2429510044471726,0.4744901934712658,115.54243576092026,0.3371007819792239,-0.192777741082305,0.947062562198402,6.396425925485269,1.817073288098243,0.3798322668745529,0.1998089991342913,254,True,False,True,False
9320,21.0,43.392857100000015,Saudi Arabia,12384.43,1.0,-0.30272201117525,7.484591622892481e-35,0.2837135924373333,0.992203498396972,0.7012528542469562,-0.3041256200058384,-0.0910184436667586,-0.4543064090069688,0.1780752272502352,106.70581362210214,0.3672213749957052,-0.2979148323749759,0.9841201543897938,11.731808758682154,1.8426532081662648,0.3675345238814756,0.2762971002604111,254,True,True,True,True
9321,21.0,44.464285700000005,Saudi Arabia,12384.43,1.0,-0.4402074949577683,8.654205418344692e-53,0.1477919536734036,0.9106120351123486,0.689677386182016,-0.4324802926837565,-0.2578320491093059,-0.5243480637582709,0.1202891104725172,82.68363191901395,0.3603431464477764,-0.4382075542334703,0.9954568226411276,22.84739024104956,1.8756472163417053,0.3390154467865783,0.3028374972419663,254,True,True,True,True
9322,21.0,45.5357143,Saudi Arabia,12384.43,1.0,-0.5722271748554868,2.816300121978193e-74,0.0038184045729519,0.8666155277305639,0.6852136053423954,-0.5762179292693005,-0.3992379932108602,-0.3268651215623289,0.3281068900542583,55.44169218434641,0.3162854699428439,-0.5722227649114896,0.999992293368454,37.51325805443417,1.8667988259490704,0.2818799700741018,0.5932229952165485,254,True,True,True,True
9323,21.0,46.60714289999999,Saudi Arabia,12384.43,1.0,-0.6419744894064928,3.217555376668757e-90,0.1211229025587147,0.8737698794743919,0.6885537800276547,-0.6824727620508173,-0.4452045983456222,0.1733172705519871,0.6003585759641296,58.45284655612584,0.2453277366720918,-0.6429859681235784,1.001575574627616,46.40434289951494,1.8375208346656604,0.2328403551155548,0.8891914548425232,254,True,True,True,True
9324,21.0,47.67857140000001,Saudi Arabia,12384.43,1.0,-0.6173523867589158,1.3091789283940148e-76,0.1812234829216465,0.8336369793613306,0.6721348595135533,-0.7132016389831227,-0.3797627635990652,0.9202491692011052,0.005254844314405,66.08538300730288,0.1713114875783789,-0.6278812168863449,1.0170548139980558,45.38458489659626,1.8904204999005647,0.2945782393088414,0.9052228360565618,254,True,True,True,True
9325,21.0,48.75,Saudi Arabia,12384.43,1.0,-0.5095093219032304,4.627516798187571e-50,0.1717375856057247,0.8884680511536333,0.7035314692150347,-0.6559915312557614,-0.2121225263269879,1.5530071084432082,8.208723211004468e-06,73.02799112706757,0.1509330570863928,-0.5248740407807303,1.030155913183504,29.116171665306823,1.930789371363146,0.3965124657726154,0.6146538275761139,254,True,True,True,True
9326,21.0,49.82142859999999,Saudi Arabia,12384.43,1.0,-0.3554036806461951,8.626293553230042e-29,0.1153017980758758,1.004600416549816,0.7885985226268163,-0.5342196247581166,0.0052067080725639,1.90144507356062,4.435617685234421e-07,70.78994009488574,0.1039255869512198,-0.3586729806622423,1.0091988355610242,12.860608241901902,1.8731866144261424,0.4599154133864305,0.6719255146269758,254,True,True,True,True
9327,21.0,50.892857100000015,Saudi Arabia,12384.43,1.0,-0.2302972189392406,3.4837738857005293e-15,0.0590558895845806,0.9761417165432164,0.7631966435643144,-0.4198401601716268,0.1403839251250141,2.0433662178009566,6.03109185719805e-08,67.01995484375706,0.0839097137402233,-0.1869006994187773,0.811562989252108,8.777069318844545,1.9459368368353551,0.5190699053381214,1.3872473447575508,254,True,True,True,True
9328,21.0,51.964285700000005,Saudi Arabia,12384.43,1.0,-0.176554902915564,6.396317625039125e-12,0.0236618275498496,0.9451273174441192,0.7494690254099672,-0.3512290266843825,0.1529684564197411,1.9075403395535249,1.7302971492152354e-07,69.80833334693065,0.0687988084113526,-0.160365990018616,0.908306636464861,8.636678091761656,1.913817315071482,0.4981171795739214,1.975077276863296,254,True,True,True,True
9329,21.0,53.0357143,Saudi Arabia,12384.43,1.0,-0.1899241017144701,5.693748490877745e-14,0.0227379604909419,0.8738937856937148,0.7017068022930179,-0.3475277018534484,0.1167528669210156,1.6941538947115338,1.5221969240538252e-06,74.91371980092177,0.0827854237357415,-0.1567796951971022,0.8254860430131356,10.5921505591778,1.964970252196567,0.4929517277745711,2.0817304629654845,254,True,True,True,True
9330,21.0,54.10714289999999,Saudi Arabia,12384.43,1.0,-0.2586238160653587,4.068516583648563e-22,0.0443182899317631,0.8457356760977185,0.6916568182948557,-0.4015032670903489,0.0137907077645801,1.540036857943044,1.1700156902233391e-05,77.8303359231601,0.1164492319617004,-0.2275904747102002,0.8800058640101581,12.566763210354631,1.980213153684036,0.4613835268913604,1.6813970493416028,254,True,True,True,True
9331,21.0,55.17857140000001,Saudi Arabia,12384.43,1.0,-0.3298228199354436,3.190155159461403e-29,0.0578546907903407,0.8246397008200947,0.7172523422291193,-0.4623979043128019,-0.0588415495097832,1.376930782958299,0.0001639052686139,77.55905263591558,0.1282418313565731,-0.3217714354923071,0.9755887587016798,14.275854058817352,1.9755434806772776,0.4400690871132372,1.0360450100056016,254,True,True,True,True
9332,21.0,56.25,Oman,12384.43,1.0,-0.3582489686337419,4.6616895700088675e-29,0.0445031384663546,0.895180359149911,0.7781487594396502,-0.4879756166453738,-0.0419174169779953,1.2258545983164886,0.0022533498984032,75.79558080527931,0.1147940046302793,-0.3833437941817488,1.0700485632762915,13.726706256373852,1.9904836496967253,0.4396972648813387,0.6807354787959603,254,True,True,True,True
9333,21.0,57.32142859999999,Oman,12384.43,1.0,-0.3250927906618533,1.1900863826497924e-21,0.0078365299549392,1.01578494817585,0.8183657850968165,-0.4529092198466192,0.0864256161707069,0.9757826536446536,0.028273059419602,66.60770309080058,0.1256538701309918,-0.3334546113041446,1.0257213352079186,11.704961226430502,2.0884899020286114,0.4734525222917202,0.9545477811454508,254,True,True,True,True
9334,21.0,58.392857100000015,Oman,12384.43,0.8695133970141598,-0.2354581888813365,6.972325872297409e-12,0.0915050886534884,1.1816786470556755,0.8767768683591171,-0.3486124174617182,0.3067073159168013,0.4469645237959017,0.3647480562071896,62.24247418654463,0.1699499310456527,-0.2237125152180095,0.9501156714101524,7.914675564883334,2.152240704900443,0.5068579187752139,1.1728111523467155,254,True,True,True,True
9335,20.0,42.07100589999999,Saudi Arabia,12392.71,1.0,-0.3012093866195411,1.6457258456682098e-35,0.1885293240147624,1.18373773564552,0.7692819530015753,-0.3186816054145853,-0.1005033170118738,-0.1944472513353891,0.5866281217369359,149.53321993350983,0.1997396997315329,-0.2697441997859305,0.8955371637426611,9.83682497346592,1.7779006034780844,0.3297444191452182,0.2065568667313586,254,True,True,True,True
9336,20.0,43.1360947,Saudi Arabia,12392.71,1.0,-0.3986093974464799,2.5347452000755763e-51,0.0949142392733883,1.159155399048576,0.7737161033249448,-0.3925832890508459,-0.3169671266387673,-0.2741205329357855,0.4385856130917124,109.76097108330578,0.3008197123689247,-0.3836076026840452,0.962364673641572,15.27267567465394,1.7498430403058238,0.293866257772646,0.0919827005487824,254,True,True,True,True
9337,20.0,44.20118339999999,Saudi Arabia,12392.71,1.0,-0.5107495388321237,4.4022451382372924e-67,0.0238273532271348,1.049007945600934,0.7505676296140095,-0.4918838564013359,-0.5456171094933384,-0.2100187263094795,0.5466149159384969,92.0788436724494,0.297800007059823,-0.5081642394698119,0.9949382247740776,25.21229620061909,1.775289916054822,0.2746501433588757,0.1882504361172805,254,True,True,True,True
9338,20.0,45.2662722,Saudi Arabia,12392.71,1.0,-0.6117466893843528,3.5536506501279307e-79,0.1442991108633577,0.969150871422385,0.7246864982504081,-0.5972627387134947,-0.7350758138367731,0.051485022637958,0.8818889986132441,55.219031968930125,0.3068688689516758,-0.6120052564956959,1.000422670225814,37.90178088832064,1.8282601978678863,0.2629878347675006,0.3336085470683272,254,True,True,True,True
9339,20.0,46.33136089999999,Saudi Arabia,12392.71,1.0,-0.6530507854175369,3.240249834023451e-92,0.2242080247321841,0.9203005892752238,0.7180424922009434,-0.6746598474015828,-0.7866067651195401,0.619578973359396,0.066148151169154,54.38655908141905,0.2300986516385897,-0.6548831891653272,1.002805913090846,43.70826670922263,1.8016382446210712,0.2208794632943825,0.5554578453087438,254,True,True,True,True
9340,20.0,47.396449700000005,Saudi Arabia,12392.71,1.0,-0.6049887347057681,1.286555055914053e-88,0.2451884217505507,0.824112621312084,0.6884903382980395,-0.6828295008141363,-0.643799728444403,1.2617099248172443,6.457279514771002e-05,68.54386139661074,0.1144390867413218,-0.6073344935016187,1.0038773594635468,41.08201792900344,1.782113893860594,0.2320132844124146,0.6794368751399361,254,True,True,True,True
9341,20.0,48.46153850000002,Saudi Arabia,12392.71,1.0,-0.4869726998462544,5.587168844303494e-63,0.2072243069901186,0.8508168314009406,0.7172958510559285,-0.6216311464045092,-0.3943562456460613,1.8312572056296792,1.3781692246153704e-08,75.77046328379461,0.1211874825615182,-0.4862230482856745,0.998460588117534,25.34270032240228,1.7761780558238058,0.3025359053658903,0.5360017362132357,254,True,True,True,True
9342,20.0,49.52662720000001,Saudi Arabia,12392.71,1.0,-0.3298842327163211,1.6361338407000946e-33,0.1317777672526883,1.000007609918701,0.8160716646432743,-0.5059809355915553,-0.1086458859675081,2.173548390409384,1.24858565815412e-09,78.96869375991324,0.1043866577161332,-0.3095968032052837,0.9385013665430828,10.156747471364994,1.7396834711367015,0.38101972599853,0.2756548344962731,254,True,True,True,True
9343,20.0,50.59171599999999,Saudi Arabia,12392.71,1.0,-0.188034272115063,6.889418930630302e-14,0.0515433244514533,0.9998874305226376,0.8137447370432308,-0.3810326628240744,0.1073380272241468,2.2707776049735044,8.765189914229887e-10,80.90235607388118,0.0923062672197059,-0.1455818914328557,0.7742306218717958,5.2953400525997765,1.807125452533052,0.4544348384762081,0.7972593531431519,254,True,True,True,True
9344,20.0,51.65680470000001,Saudi Arabia,12392.71,1.0,-0.1092902479855737,9.548200282209074e-07,0.0073376865190106,0.923145771761164,0.7734101841560775,-0.2884286374296894,0.171897169053825,2.08953573107551,5.778952704939301e-09,79.03067858424038,0.0820355955182198,-0.0815954878619609,0.7465944067830417,4.789152527581093,1.835280957789345,0.4639110404766083,1.3803873701905078,254,True,True,True,True
9345,20.0,52.72189349999999,Saudi Arabia,12392.71,1.0,-0.0898569284822069,1.96690964400858e-05,0.0359562815131628,0.884539707542139,0.7301849418487038,-0.2538017035740105,0.1779877179018014,1.8810519805536865,5.227479918522796e-08,82.74481364215413,0.120365730896435,-0.0405515281824162,0.4512899435511654,5.401610533337966,1.8640859468070552,0.465065368396004,1.596073793111379,254,True,True,False,False
9346,20.0,53.78698220000001,Saudi Arabia,12392.71,1.0,-0.1299910068106102,1.9488676564136087e-10,0.0337778193702665,0.8294288463539045,0.7106024813881824,-0.2751477642127335,0.1119220690077219,1.64184311427433,1.2284266618090486e-06,85.54704995825887,0.160787270933694,-0.0822575870950498,0.6327944456564955,5.77153987927078,1.864674893761584,0.4193087460319051,1.366360891441805,254,True,True,True,True
9347,20.0,54.852071,Saudi Arabia,12392.71,1.0,-0.1907638563073064,1.7000565341609148e-17,0.0332165177413901,0.8585401576991115,0.7305027577052469,-0.3285142822132444,0.0612318058479138,1.49259568720777,2.353695032086587e-05,80.96429076666632,0.178060054353343,-0.1491231818086569,0.7817161211525865,6.736113651233681,1.8811293014739672,0.4000468090511012,1.038458439460553,254,True,True,True,True
9348,20.0,55.91715980000001,Oman,12392.71,1.0,-0.2284758778125515,4.81197032030846e-20,0.0441826297996871,0.948146934561678,0.7976044844246776,-0.3641061878659331,0.0753561241295308,1.332443634951662,0.0006372716338878,77.04674131702632,0.0769135463042433,-0.2011837149670066,0.8805468520053737,7.606922806238052,1.8923563818093627,0.3890331461824277,1.2119169857644734,254,True,True,True,True
9349,20.0,56.9822485,Oman,12392.71,1.0,-0.2224780309810206,1.0048675264370708e-15,0.082596873871836,1.1246836975611951,0.866088204199404,-0.359859615335917,0.1710874105839858,1.1462270811041844,0.0093142568661264,70.61498635914177,0.0986907562163062,-0.1506464127709222,0.6771293871428309,7.631238608197216,1.9592999287969783,0.4142059526677041,1.614923791289009,254,True,True,True,True
9350,20.0,58.04733730000001,(offshore/unassigned),12392.71,0.3186175516382769,-0.1661687676334318,3.5525389312822566e-08,0.1475326653971683,1.3379008658305205,0.9381492776737944,-0.2920214644146781,0.3479211076181026,0.6907994329740121,0.1678232692566811,60.37201722889827,0.1487958577342398,-0.1504895721820851,0.905642945574857,6.258924556358785,2.0451428344474816,0.4512803874247397,1.7490277801780223,254,True,True,True,False
9351,19.0,42.8823529,Saudi Arabia,12397.11,1.0,-0.4386696467035121,8.204145742709835e-59,0.0379145281279788,1.271935176757504,0.8484541668619158,-0.4510685241655177,-0.5105157323151188,0.326325806532106,0.384363095776871,156.1298861913383,0.3278924827621783,-0.4323277423900353,0.9855428695348888,15.399790214086597,1.691755741647438,0.2461770229544822,0.540021915673763,254,True,True,True,True
9352,19.0,43.94117649999998,Saudi Arabia,12397.11,1.0,-0.5161610124291452,5.117672353165923e-59,0.1292591491412239,1.161326745677122,0.8042679626966963,-0.5201109085631974,-0.7540517670244143,0.5623545722968436,0.13738371652526,107.79712872269252,0.301372114231067,-0.514588583811006,0.996953608311602,22.86297477412463,1.803520975381224,0.3057150758431771,0.3347868708684683,254,True,True,True,True
9353,19.0,45.0,Saudi Arabia,12397.11,1.0,-0.564719420320701,1.8461233934892286e-54,0.1983876382484667,1.0974754854796178,0.7706503450982416,-0.5756509906482464,-0.9189884679940736,0.9297740139786702,0.0170546596079081,85.48938691616058,0.1977446427092095,-0.5641821326345676,0.9990485758647574,29.53838673555056,1.944829330530104,0.362036882297341,0.1752822286481376,254,True,True,True,True
9354,19.0,46.05882350000002,Saudi Arabia,12397.11,1.0,-0.5700232559693602,2.1298698265616092e-51,0.2368783236079502,1.0504085953175606,0.7392884728257081,-0.6095387845423293,-0.9606736419139628,1.444294279534709,0.000175257371843,72.748658740893,0.1448133738101399,-0.5743130621842677,1.007525668768746,32.66597603090573,2.019145683808711,0.3913753973300295,0.1242932120398934,254,True,True,True,True
9355,19.0,47.1176471,Saudi Arabia,12397.11,1.0,-0.5130845605315105,8.183839317064205e-55,0.2311283507110441,0.9561760100284888,0.6999740180825476,-0.5969351648489842,-0.7954998137539373,1.8835291791614217,5.739629450981692e-08,72.13319016465296,0.1375611354594163,-0.516552353427497,1.0067587161313023,29.572426910615818,1.952728644620849,0.3579242002530386,0.1704538586915575,254,True,True,True,True
9356,19.0,48.176470600000016,Saudi Arabia,12397.11,1.0,-0.4111365097859429,5.195728515451258e-52,0.188644284285678,0.8924979729397988,0.6949312750523018,-0.5420077258276353,-0.5133323815250512,2.2028527812127416,4.839575018929107e-12,76.46209802944213,0.1292349755450683,-0.4085708673795018,0.9937596337338735,19.83906358394112,1.8394815449766229,0.3239585410415206,0.2026679175022877,254,True,True,True,True
9357,19.0,49.2352941,Saudi Arabia,12397.11,1.0,-0.2845922098417261,9.843789381242792e-32,0.1246553042976587,0.9727926047708776,0.7800600130814879,-0.4600647175515518,-0.2034657953916282,2.4786168165885574,2.2922854986666125e-13,93.33903796194744,0.0925552075807506,-0.26019002873612,0.914255625200784,8.660217770492382,1.7483766713935276,0.354060420180744,0.0821916334913582,254,True,True,True,True
9358,19.0,50.29411759999999,Saudi Arabia,12397.11,1.0,-0.1597189283845717,1.014680446826087e-12,0.051732761027547,0.9804749687921364,0.8176885185013185,-0.3526424741704607,0.0511643491515294,2.462115615991736,6.303477637896272e-12,96.96359083366892,0.0699836293904984,-0.1157147801253875,0.7244900857759897,3.9493544088726127,1.7559824798209889,0.4091026930855274,0.1934337908021934,254,True,True,True,True
9359,19.0,51.3529412,Saudi Arabia,12397.11,1.0,-0.0647673467662265,0.0017283381538169,0.0218862307604913,0.848832693893902,0.767883808283538,-0.2471261739154051,0.1790084210232388,2.227235422481975,1.7028492847454983e-10,93.71881914635496,0.0728573491573358,-0.008316389184517,0.1284040430826124,2.733213159569688,1.8088627117625304,0.4550940350162558,0.4790367580616629,254,True,True,False,False
9360,19.0,52.41176469999999,Oman,12397.11,1.0,-0.0056221500426533,0.7683748648030231,0.0858846667259201,0.8237059101769055,0.7379114704256549,-0.1693403126920508,0.2192057175659427,1.9787325951355348,5.528272219010978e-09,75.5079888086766,0.1094815569007223,0.0666433864654298,-11.85371894378996,2.569943224364085,1.8194107849941,0.4409270949087697,0.6263481471118414,254,False,False,False,False
9361,19.0,53.47058820000001,Oman,12397.11,1.0,0.0100320327263344,0.5646758000984479,0.1367611882842931,0.8176079430714357,0.7112806170778366,-0.1284622808434478,0.2078490842627665,1.6452209036779086,6.509488105700755e-07,86.53967331939688,0.1969944758262689,0.0579625060513544,5.777742919358773,2.7395142971111195,1.822257416314201,0.3941624950958264,0.7208747839787332,254,False,False,True,False
9362,19.0,54.52941179999999,Oman,12397.11,1.0,-0.0029457674368056,0.8636016427105881,0.1835218238817783,0.8624153093338335,0.7269735595740321,-0.130630252875726,0.2062756410080221,1.4374084032241503,2.4723889929432704e-05,83.78158971356848,0.1880211136624034,0.0504975701911114,-17.14241577939044,3.489694861479925,1.824984231955568,0.3614700720485536,1.165788103943486,254,False,False,False,False
9363,19.0,55.58823530000001,Oman,12397.11,1.0,-0.0255802350158667,0.1622453080619103,0.2169955158705467,1.0103702927006093,0.8090755349339855,-0.1518333624283321,0.2334993597345374,1.2868261945901462,0.0006667236825111,79.22703798860312,0.1356640118641629,0.0217644745914254,-0.850831690089069,4.737730019210956,1.8080309919348203,0.329585207436177,1.84418889465452,254,False,False,False,False
9364,19.0,56.6470588,Oman,12397.11,0.8583391513619107,-0.0355870516212246,0.0936215988542667,0.2546173919941865,1.21866134389758,0.9142234238938866,-0.1658937663095949,0.3002439574515676,1.1610524513729876,0.0077080681374398,90.10782554280011,0.0839286273270644,0.0395330373556712,-1.110882625974362,5.478826860224441,1.8354058817812529,0.3375800022634603,2.330205688168618,254,False,False,False,False
9365,19.0,57.70588240000001,Oman,12397.11,0.3208357955272236,-0.0239541044657942,0.3559151394365318,0.2937750919137661,1.5130634649604904,1.015478210139267,-0.1523030967454552,0.4321967125952735,0.843821170276479,0.0991220305117492,73.66669872698063,0.1173297114681288,0.0329498597685647,-1.3755412904546769,5.399095711075495,1.9318202122419896,0.3796720890693732,2.424601528466156,254,False,False,False,False
9366,18.0,43.684210500000006,Saudi Arabia,12397.67,1.0,-0.3918478105183838,4.5656762847267914e-41,0.1029245732256266,1.1369261808894142,0.8458869838975437,-0.4789580618469726,-0.576668376223558,1.659548430738401,3.2453800003617804e-05,164.96005024140084,0.3161422316655309,-0.3848708443614181,0.982194704245672,13.825289817549166,1.8367872165881367,0.3277203463205978,1.019243591798126,254,True,True,True,True
9367,18.0,44.73684209999999,Saudi Arabia,12397.67,1.0,-0.406545211137671,3.49765510904601e-37,0.136375350161346,1.012354627695168,0.7759693251611393,-0.4982018334434764,-0.6820038117860386,1.9411395649301308,9.190520007710344e-07,96.74889194080606,0.2469901433790642,-0.4036142438506345,0.9927905502100626,16.986538180376474,1.9964533279286223,0.389069337693663,0.6321595342872216,254,True,True,True,True
9368,18.0,45.7894737,Saudi Arabia,12397.67,1.0,-0.3857532162395505,1.5527148987150437e-33,0.1421988450282929,0.9053680779452185,0.7164655053941088,-0.4860007433874259,-0.6997135389492718,2.170522094525796,1.2904807662749245e-08,85.35944481069845,0.2161114910453873,-0.3801320563904349,0.9854280933703872,17.933219403465532,2.103779385972627,0.4225007368359892,0.3539389380816581,254,True,True,True,True
9369,18.0,46.842105300000014,Saudi Arabia,12397.67,1.0,-0.3417894310999347,3.749811773753861e-33,0.133828218861063,0.8470456274501992,0.6774923181776408,-0.4626774030837302,-0.6014932876772072,2.3781670454126145,1.5997879432584457e-11,79.40532269111524,0.2571048697545185,-0.3316504892576202,0.9703357069594408,16.042141296158796,2.084081353833851,0.4038714094395996,0.297961425900258,254,True,True,True,True
9370,18.0,47.8947368,Saudi Arabia,12397.67,1.0,-0.2841782885696737,4.536026457430052e-31,0.1186964835314189,0.8383624331020334,0.6684244427905217,-0.4339046014474254,-0.4153024488338833,2.542466911169968,8.276038258347446e-15,81.1996367604782,0.1894080256217324,-0.2674507735270761,0.9411372518048772,11.97010965530239,1.9889057400618824,0.3752655777772102,0.2424964958221763,254,True,True,True,True
9371,18.0,48.947368400000016,Yemen,12397.67,1.0,-0.2203615163907341,5.629982642209011e-23,0.1029229083755875,0.9069552284303336,0.7162924041718491,-0.4027250415334418,-0.1670833224376313,2.642528162203256,1.5607608162435897e-15,96.89276688421768,0.1309265916292419,-0.1960827847552844,0.8898231776895208,7.24516049274881,1.884529871097394,0.370078816560974,0.1391314048537413,254,True,True,True,True
9372,18.0,50.0,Yemen,12397.67,1.0,-0.1515367200312098,1.0091591012513318e-11,0.0703751988690711,0.8403861674398886,0.7260596456882288,-0.3451111391204454,0.0447871301196825,2.506373411539096,4.703390730097289e-13,107.93602622036512,0.0935862540309672,-0.1416453548761956,0.93472628183468,4.815308024468004,1.922244066144479,0.4312239652216089,0.1093349009212973,254,True,True,True,True
9373,18.0,51.052631599999984,Yemen,12397.67,1.0,-0.0743246215480716,0.0005678324189645,0.017989844843453,0.8727836330850461,0.767171498006419,-0.2681511355836011,0.1689065384410109,2.4096310475681744,2.403250943447464e-11,113.53871160264438,0.0835184333059756,-0.0459698895929733,0.6185014956751702,2.955987538287148,1.8799188776482856,0.45424217796158,0.2025126703906604,254,True,True,True,True
9374,18.0,52.1052632,Yemen,12397.67,1.0,0.006359917587547,0.7459773736506368,0.0615075317928202,0.8941788095666481,0.774265268838024,-0.1652595520023198,0.223692033677725,2.1260163221253823,2.3311770472711503e-09,113.36005752440542,0.1666650280324672,0.0516974623962996,8.128637153652003,2.40993930462149,1.8216548039833176,0.4236580053510319,0.4451685510923709,254,False,False,True,False
9375,18.0,53.15789469999999,Oman,12397.67,1.0,0.0791175629533615,1.9961938974688585e-05,0.1743154714810753,0.9172473675619875,0.7518150524909571,-0.0615551322361286,0.2623532350051987,1.7168426286671297,6.39421555757118e-07,98.60941117629407,0.2290520014883276,0.1233646486631848,1.5592574399176846,3.492389258682058,1.797872935880837,0.3765592052732591,0.9306607672659444,254,False,False,True,False
9376,18.0,54.2105263,Oman,12397.67,1.0,0.131403630661862,1.6549944385711316e-12,0.2838830950149499,1.0082477635368967,0.781180284773716,0.0129005830197209,0.3216196679799035,1.346971200179158,0.000142463336941,71.69594441540539,0.2245952104296302,0.1740572037895466,1.3245996546126195,5.585022600319292,1.758615026045948,0.3131794490746207,1.6126521922008916,254,False,False,True,False
9377,18.0,55.26315790000001,Oman,12397.67,0.8380627929756809,0.1485479752333112,1.350717036897112e-14,0.367717996535494,1.1650758211222962,0.8626864688175694,0.0348719819657068,0.3538434905699856,1.220791715129414,0.0015137140054509,107.28092439162234,0.2178266064074768,0.1693410652872425,1.1399755871547457,6.933260683075276,1.7231030703874997,0.2671918925801597,2.3033879463637708,254,False,False,True,False
9378,18.0,56.3157895,Oman,12397.67,0.4081065200082466,0.1437467344570444,2.73499883832684e-11,0.4288740044313611,1.396194328443977,0.98654419537378,0.0235884429012753,0.4038718248807216,1.17057925919704,0.0086898253886468,110.10241308870414,0.1550815964600865,0.1635708684630331,1.137910152052273,6.770477977143708,1.7409523460474876,0.2641173931122829,2.7224553093210093,254,False,False,True,False
9379,17.0,44.47674419999999,Yemen,12394.45,1.0,-0.237983934355755,5.760738442016993e-19,0.0621448054307656,0.8523942891289591,0.7671115089151295,-0.4192701733570808,-0.233131467587554,2.650505925298422,1.873842443998766e-11,129.8528276927148,0.3291631396804433,-0.2140612094551107,0.8994775636203957,9.491298959175865,2.057788150138196,0.4114241216718786,1.3391919762188795,254,True,True,True,True
9380,17.0,45.523255800000015,Yemen,12394.45,1.0,-0.2224045894304563,2.38734151804554e-19,0.0601576416406269,0.7263041072722671,0.7233853849835457,-0.3919219076946808,-0.2653147688355166,2.6004841102000578,2.650826872161903e-12,107.2984657001992,0.2910282303697582,-0.2000332974089391,0.8994117339088791,8.369385272858008,2.06317818043166,0.3959411228677209,0.7225035598796725,254,True,True,True,True
9381,17.0,46.56976739999999,Yemen,12394.45,1.0,-0.1886474842467332,2.528154877270294e-17,0.0471053806334441,0.6848186491008074,0.6907468952962104,-0.3550823826768641,-0.2316809057170928,2.572071314650868,2.708827068841416e-13,91.56082434890172,0.3108980662338476,-0.1680762282108301,0.8909539869135081,6.904468185146729,2.054508641603896,0.3784603999543063,0.2742223220651289,254,True,True,True,True
9382,17.0,47.61627909999999,Yemen,12394.45,1.0,-0.1623358703505329,1.4065115900332162e-14,0.0521292548827534,0.752372257646912,0.6737244575927199,-0.3435427241236625,-0.1641880503322768,2.72341329459528,1.954540190446228e-15,83.01553660227609,0.290740907860299,-0.1398026719334517,0.8611939655208356,6.146504935689599,2.071274233726213,0.3743931364479666,0.262195290099677,254,True,True,True,True
9383,17.0,48.662790700000016,Yemen,12394.45,1.0,-0.150415516972321,1.268675504988019e-12,0.0769537542389669,0.8743981435406828,0.6881966913748803,-0.3493829254841424,-0.0161344553954348,2.713745597058264,6.124232467522496e-15,81.56762179763365,0.2038406427731489,-0.1282414288161677,0.8525811126239476,5.53637064276055,2.053019351484727,0.3839381413710721,0.1964726134087258,254,True,True,True,True
9384,17.0,49.70930229999999,Yemen,12394.45,1.0,-0.1432109464673803,4.369993394205251e-10,0.0979452603533133,0.9051679801340926,0.7030013427542832,-0.3463710505278659,0.1018679741673169,2.5494569214320983,2.430839226743123e-12,91.47860629794496,0.1185192175096648,-0.1169750812679652,0.8168026547789705,5.337531538945224,2.0780852398117986,0.4347771669019423,0.2372910265991906,254,True,True,True,True
9385,17.0,50.75581399999999,Yemen,12394.45,1.0,-0.1035768999008909,1.2169934412258204e-05,0.0758843007607056,0.958529019155389,0.7426794362559808,-0.3062400420758042,0.1957559780938562,2.4298305397096285,2.29805193383728e-10,102.83991584631926,0.0662230909628591,-0.0747449188334868,0.7216369567442897,4.420256891303089,2.053997190184159,0.4656605517654064,0.6226474649331578,254,True,True,True,True
9386,17.0,51.80232560000002,Yemen,12394.45,1.0,-0.0251641561686575,0.2528310567157048,0.0080173039424812,1.187853505890633,0.8592294311905972,-0.2128277154919129,0.2435966593298395,2.2707302435089245,2.3876003865524344e-08,94.2654153673599,0.1332165522887498,0.017804822347238,-0.7075469659266498,3.161586202579693,1.867870058770548,0.4088317536082302,1.042018188044248,254,False,True,False,False
9387,17.0,52.84883719999999,Yemen,12394.45,0.9173464604552136,0.0750987875774329,0.000207867867704,0.1327509383433019,1.170709067196264,0.8653859558226168,-0.0737849661497375,0.2789990740978335,1.8075290049785149,3.782218091247295e-06,85.72794304229319,0.2586560392956679,0.1088405846406341,1.449298825609011,3.861743503181061,1.764993219860264,0.3569980428154495,1.4679460624769125,254,False,False,True,False
9388,17.0,53.8953488,Oman,12394.45,0.6032955909544301,0.1764586627046008,4.367478315662542e-17,0.2928695645133106,1.2931644434863132,0.9509229100766592,0.0531446571979217,0.368272869330457,1.420188433546302,0.0005124303058143,91.48496092297135,0.3300449275988667,0.2123028207017066,1.2031306224796137,5.567019635299098,1.663753009832047,0.2679131357028291,1.950499431958991,254,False,False,True,False
9389,17.0,54.94186049999999,Oman,12394.45,0.3785159654422237,0.2372195907206484,4.379227955096488e-26,0.437449974015209,1.5279083631899295,1.0265834208795386,0.1372901816550059,0.391532784846671,1.1340149793432377,0.0097180956018454,105.08687535300852,0.2586977817652236,0.2582114629023463,1.0884913093304256,7.1038593727283805,1.6444798903440403,0.2165603080942189,2.3975845658705373,254,False,False,True,False
9390,16.0,51.5028902,Yemen,12387.47,0.9960935647036236,-0.0428378994471746,0.0826486844532713,0.0609932150682617,1.4638577081298474,0.9387346025990572,-0.2331845270521964,0.3262006250803407,2.107620083587755,5.2589107763271714e-06,85.29346111230552,0.0849150658457171,0.0058937828876895,-0.1375833774239441,3.898841853388903,1.924670783154252,0.4023410054929993,1.4710267725683417,254,False,False,False,False
9391,16.0,52.54335259999999,(offshore/unassigned),12387.47,0.2201890911628176,0.0545079724923179,0.0176612649732133,0.0675402477847562,1.5904455711378918,1.048588260627337,-0.0993940271828258,0.3154641644868364,1.7784805813986724,0.0001531173076827,94.1598013881594,0.1675227911759717,0.0750946777274847,1.3776824617365493,3.5538721701327733,1.7377864127793563,0.3295631572899985,1.801275072772943,254,False,False,True,False
9392,31.0,49.6753247,Iran,12393.06,0.0,-0.1899888334153612,0.1969297444772318,0.1810769485092297,2.732338451294168,1.044531327142931,-0.8439087857818626,-0.2913781278250629,10.16287419458012,1.097894852210752e-20,292.5657878469307,0.2582800773935318,-0.1334500446030878,0.702409937490031,46.681607021826544,4.345417410443548,0.8495558661934438,7.952409644845105,254,False,True,True,False
9393,31.0,50.84415580000001,Iran,12393.06,0.0,-0.373427747514234,0.0523295987768916,0.1113807862564606,2.378342301611462,0.9822729926158208,-1.207151228422684,0.0464774826066265,11.66423545028009,2.655454062502509e-24,412.1253353432985,0.2766939864731956,-0.4623963444094323,1.2382484898013828,64.43735482706404,4.939351743185173,0.8804876862126676,8.362293244688125,254,False,True,True,False
9394,30.0,49.19614150000001,(offshore/unassigned),12401.62,0.0,-0.1823689026208281,0.0532654518269621,0.3078884784401595,2.1863026281716462,0.9833664452937592,-0.6206542720139838,-0.4829514634622041,7.382087929629399,1.5947238687989774e-17,192.4287829672297,0.2920186408406756,-0.0421945813471363,0.2313693877670859,29.30058189580625,3.6196229943665,0.7821354585695737,5.679974439454328,254,False,False,False,False
9395,30.0,50.3536977,Iran,12401.62,0.0,-0.5081045617972624,0.0004875797928569,0.0412773595197245,2.3540251341724456,1.1066087403977158,-1.184906206908563,-0.3319037194487881,9.900192018420537,3.5307998233615787e-22,331.9120625934254,0.2817420255748241,-0.4075878369366712,0.8021731501385376,41.72356105745202,3.873044164637912,0.8214798693972853,6.7931333460396734,254,True,True,True,False
9396,30.0,51.51125400000001,Iran,12401.62,0.0,-1.0007467999700133,1.472911204965413e-06,0.2482023409663644,2.038804608274816,1.047781516852333,-1.7523233296593066,-0.615784763343397,10.523311524402809,2.836686412883652e-24,347.7814068443452,0.2471445206273826,-1.0154821096270812,1.0147243135401576,83.78232159499258,4.179734217688195,0.8439160484470647,7.287599274740739,254,True,True,True,False
9397,29.0,51.0191083,Iran,12406.28,0.0,-0.9094392084038274,4.272737532690172e-10,0.1528719958547941,2.3221020087511404,1.2452515519410463,-1.5716199909335096,-0.6228511548795894,9.427181010369662,4.252447786030072e-24,237.58511206872453,0.2850480198501849,-0.6467316630344323,0.7111323737289954,43.47652498909845,3.1604942073547484,0.7687713102435071,5.289990043944488,254,True,True,True,False
9398,29.0,52.16560509999999,Iran,12406.28,0.0,-1.5268862448889884,3.6814036693431526e-14,0.5568321485839346,2.2035704940765504,1.1583225053547797,-2.189466087343672,-1.295159405024786,9.516430313141514,3.6604174311682357e-25,254.01517139514908,0.2619978010983221,-1.3921956023583362,0.9117873757907584,106.74207872985475,3.366732306453564,0.78455384379243,5.517451256625562,254,True,True,True,False
9399,29.0,53.312101900000016,Iran,12406.28,0.0,-2.1079328665985466,7.694913270146361e-20,0.9005325734907506,1.89311597323822,1.0136045935094449,-2.6485957188659626,-2.140793218251585,8.23891976988986,2.03916634528483e-23,198.8306387863122,0.2932791821810692,-2.07976644231818,0.986637893110032,237.66526158666744,3.435857087554037,0.7722030298759014,5.163890474348096,254,True,True,True,False
9400,29.0,54.45859870000001,Iran,12406.28,0.0,-2.468989606501636,1.5033989861289227e-28,1.083962772469785,1.6465948551791316,0.9337341610454344,-2.8395782357414188,-2.7661994296203414,6.252378575973078,7.393377245088087e-18,167.31305404837866,0.3233103528699534,-2.405381937125412,0.9742373685135308,367.85883789910616,3.200110918210471,0.7320585542712151,4.426142619975932,254,True,True,True,False
9401,29.0,55.6050955,Iran,12406.28,0.0,-2.499125668444124,2.644789343355364e-37,1.0413841107221065,1.4084945519660297,0.9050794868707144,-2.704542094073984,-2.987494378127665,4.197628213986644,1.5164304410752622e-10,138.3226448095714,0.2899145025682219,-2.490113618113814,0.9963939187036078,394.5379523920553,2.885002058987017,0.6866541386918119,3.527768947973612,254,True,True,True,False
9402,28.0,51.6719243,Iran,12407.1,0.0,-1.1091323467245564,9.81236556846536e-17,0.2361434964536159,2.429510581512838,1.2208729167429937,-1.6746255440222546,-1.0477765597536963,8.459502434099669,1.359767849352595e-25,209.20012092217803,0.2649523660976582,-0.9756081073692672,0.8796137902301673,52.92110694031785,2.8190769555330832,0.71880286498045,4.086593440237015,254,True,True,True,False
9403,28.0,52.807571,Iran,12407.1,0.0,-1.636940940463245,3.633586214410209e-21,0.562912019714713,2.3173172668273168,1.130318957271951,-2.159385224721493,-1.7612021189840013,8.194053521319713,9.720251215783062e-25,203.6955794886065,0.3013175154892225,-1.497478181887245,0.9148028159546594,118.23409802929098,2.992399339324647,0.7316846120756442,4.121580242222275,254,True,True,True,False
9404,28.0,53.94321769999999,Iran,12407.1,0.0,-2.0727147927800096,1.1250105525251551e-27,0.8252480933771414,2.0094046738720315,1.037507639437133,-2.467722367399753,-2.4103358586744927,6.720962968780624,1.7938687580148072e-19,165.98720913170837,0.3277331115760856,-1.9206365141159183,0.9266284588724736,212.7691868699553,2.9739087719891133,0.7149917114384459,3.7986136016066094,254,True,True,True,False
9405,28.0,55.07886439999999,Iran,12407.1,0.0,-2.27553242381114,1.414984166385515e-36,0.9339476430971247,1.6789387952604962,0.9840034228857208,-2.533431827966637,-2.713006993209772,4.862733539070499,1.274325236540436e-12,154.32709748856723,0.3327773622005888,-2.192765832876836,0.9636275932312652,278.46047889010265,2.7993850048390345,0.6735049913127876,3.226896515668222,254,True,True,True,False
9406,28.0,56.214511000000016,Iran,12407.1,0.0,-2.205971556054941,7.436468646170295e-43,0.84762402054872,1.393863756190834,0.9428641799234594,-2.3477787216678925,-2.651419035948776,3.135236760137424,7.412842358435938e-07,156.91632503876465,0.3272792783950541,-2.1704593262053216,0.983901773460249,282.4396505093219,2.632371151043756,0.640704213508358,2.557784604011476,254,True,True,True,False
9407,28.0,57.35015770000001,Iran,12407.1,0.0,-1.9292206382625865,1.0698117500016675e-40,0.6480216530772547,1.2301862404019095,0.8720100493579505,-2.004661710409948,-2.281514338106338,1.929781806595608,0.0012533379402678,123.28257397826138,0.3319287529388641,-1.9544867443521168,1.0130965352476662,252.8618952311756,2.650177276733303,0.6463820040527634,2.0562566647854967,254,True,True,True,False
9408,27.0,53.4375,Iran,12404.16,0.0,-1.302368685431868,2.264172802391138e-24,0.2587221498966363,2.096584584485784,1.018825552631226,-1.6280047004488902,-1.7877673484326162,6.011907552860735,7.878811391556604e-18,160.42435898755986,0.3084654806024728,-1.1913599457958428,0.9147639674711509,95.5807086521925,2.822091390333708,0.6876438152233315,4.002922227886617,254,True,True,True,False
9409,27.0,54.5625,Iran,12404.16,0.0,-1.5492133453475103,1.6304759421336738e-32,0.3915024015577693,1.8094391383579829,0.9889382922528688,-1.7714007930846698,-2.061971499932808,4.495513969017659,1.803876464965491e-11,142.03168275843683,0.3446378299014613,-1.4716525864361316,0.949935391955986,135.8026573272501,2.7052901324063168,0.652657131873339,3.848787708777357,254,True,True,True,False
9410,27.0,55.6875,(offshore/unassigned),12404.16,0.0,-1.6326432601461676,1.2028757854502431e-37,0.4394163230808415,1.4914980086209162,0.9494432373546816,-1.767378851748058,-2.112704832390558,3.0986874917287013,9.050954816775404e-07,144.4877483105908,0.4188223471616415,-1.5138275488670678,0.9272249399611876,159.0941811856828,2.603173121429444,0.6330143828433274,3.333257562356946,254,True,True,True,False
9411,27.0,56.8125,(offshore/unassigned),12404.16,0.0,-1.562628713464011,1.156708627355065e-40,0.4041351072581521,1.2855663185274515,0.8900355575341864,-1.6435951758317202,-1.903729521051644,1.978168752912152,0.0008218120861371,150.4830912128091,0.4172317946875427,-1.5024262873631988,0.9614736209682488,163.4836210439008,2.569041199647281,0.6160226553119408,2.637081367218029,254,True,True,True,False
9446,32.0,52.524590200000006,Iran,12380.52,0.0,-0.2257253006934725,0.1190875421373427,0.5000762553399374,1.947495452221188,0.934754470109188,-0.9687755260593924,0.6054906297277822,9.28632370224384,1.9668455623294791e-22,,,,,42.69620922404843,4.279190307248745,0.8702996569555516,6.460622543773602,254,False,False,False,False
9447,32.0,53.70491799999999,Iran,12380.52,0.0,-0.4964209189547408,1.256734231875997e-06,0.4977954153877719,1.9329207047461547,0.8117489973113938,-0.9558288352644596,-0.1174663850605828,6.041091374605755,8.945465424151304e-18,,,,,45.6222833418305,3.564381773473554,0.7972133354043661,4.676223043528411,254,True,False,False,False
9448,32.0,54.8852459,Iran,12380.52,0.0,-0.7368669871079727,5.507073404231569e-18,0.4466447069537917,1.6111157801045328,0.7008851368046812,-0.9304710991395736,-0.9718139419548404,3.431407113746565,3.56277484692447e-10,,,,,71.59399294535906,3.1042732853143926,0.7108190737264147,2.9529516176337043,254,True,True,False,False
9449,32.0,56.06557380000001,Iran,12380.52,0.0,-0.8557069646076839,3.8434095651311335e-19,0.4222334566382307,1.2933939860091967,0.6745491149190197,-0.8813135901114446,-1.5300050439776596,1.891153705042208,0.000716345635465,,,,,91.87635644117472,3.205138799264281,0.7236619639557424,1.612691753319073,254,True,True,False,False
9450,32.0,57.2459016,Iran,12380.52,0.0,-0.8530802139195682,9.817905350778992e-17,0.4074117685134029,1.0444517731294969,0.6967398399666128,-0.7733130716346828,-1.626156177295788,0.5020456641464737,0.3896788950998355,,,,,84.79883469431032,3.2051064165326792,0.7479553749827611,0.9358049767836976,254,True,True,False,False
9451,32.0,58.426229500000005,Iran,12380.52,0.0,-0.758843970668966,1.6058784379107714e-14,0.4278341884660881,0.8988243577692494,0.707950462075624,-0.6246598307416718,-1.5171761336346028,-0.3771379346998581,0.5249035790470443,,,,,66.95124077827742,3.204755066482244,0.7571941670692995,0.6815004368893922,254,True,True,False,False
9452,32.0,59.60655739999999,Iran,12380.52,0.0,-0.6298377305435172,1.1847765869652814e-11,0.4655321779211198,0.846321841565887,0.6890496071331084,-0.4482269678211818,-1.336442889505551,-1.23015388253298,0.0401829490969569,,,,,52.03822990421279,3.3408440119532483,0.7695443156918342,0.597608840203718,254,True,True,False,False
9453,31.0,52.01298700000001,Iran,12393.06,0.0,-0.7139257863299422,0.0011693494580301,0.0191521697903654,1.700223035328644,0.8781258561585277,-1.509154343077264,-0.1103427895179458,10.63354183651507,2.917863966052494e-24,311.1188683420187,0.2645906684732149,-0.8354654711059597,1.1702413431525047,94.83733935556586,5.040605896216718,0.8836902932061901,7.901692178845205,254,True,True,True,False
9454,31.0,53.18181820000001,Iran,12393.06,0.0,-1.1154155637171108,3.135454452559101e-08,0.098406079977034,1.6357068703101765,0.7997387623735833,-1.7086359658925172,-0.7592631003911137,8.125588715867966,1.3226910582681237e-21,165.80417137825862,0.1941439780549271,-1.188155711936432,1.0652134958355033,147.9979754556163,4.45008393344308,0.8458543968641429,6.7129512594536935,254,True,True,True,False
9455,31.0,54.35064940000001,Iran,12393.06,0.0,-1.4105917512655264,3.741276415449489e-18,0.1658470231187119,1.5757442975654388,0.7490221341428015,-1.7575190600295674,-1.5473436343247366,5.526802710082012,8.278628950201018e-17,117.3432290010775,0.1610186193382007,-1.4154797674910151,1.0034652238828872,210.70647174546068,3.628775739358743,0.7721082925731191,5.186678116380035,254,True,True,True,False
9456,31.0,55.51948049999999,Iran,12393.06,0.0,-1.4739632683465622,7.459328176388354e-25,0.1017338168377047,1.3476721070041522,0.6988735254046438,-1.604502055656226,-2.0434408779052324,3.244864622562102,3.58616545963589e-08,108.61068425894092,0.1821838328630181,-1.456195749271537,0.98794575179953,243.787768618201,3.3214002683299846,0.7320939407041962,3.602443850069397,254,True,True,True,False
9457,31.0,56.68831169999999,Iran,12393.06,0.0,-1.2867487937183597,1.5263208308501882e-21,0.0800640906339942,1.1035377661850077,0.7012043480448288,-1.2858620555580975,-2.0586769532462066,1.7119026384668077,0.004222240501573,126.9708843975483,0.2070833452153907,-1.298503342824762,1.0091350768415603,182.48068652533857,3.28963048344482,0.7466822965956762,2.268133268166449,254,True,True,True,False
9458,31.0,57.85714289999999,Iran,12393.06,0.0,-0.9334857044973962,1.9021909134168802e-17,0.3602201993623977,0.9868819154576453,0.7313362471015816,-0.8629885118474585,-1.6937448567485929,0.6143981464037954,0.305922589108032,104.56919587576218,0.2064003991247636,-0.969607176026868,1.0386952594511558,91.72471547085549,3.1406259323832955,0.7483683009198506,1.3826539762939425,254,True,True,True,False
9459,31.0,59.02597399999999,Iran,12393.06,0.0,-0.571125455357008,1.0609853891807916e-11,0.6114878459068873,0.945291330913549,0.7614923991483697,-0.4472017415628126,-1.2576835761028806,-0.3810935395052094,0.5281063965690823,98.01513284958978,0.1830457289722502,-0.5940549066232463,1.0401478362611334,36.81183111148406,3.0340633106223263,0.7498306717930745,0.9093301418258356,254,True,False,True,False
9460,30.0,52.66881029999999,Iran,12401.62,0.0,-1.563239779830938,2.8144024534048917e-10,0.5448947300746416,1.6375324021664377,0.9204357629550902,-2.225108370794365,-1.2821500001353652,9.358533886539629,7.414220968046717e-24,259.4467702057833,0.2284023651963986,-1.621125347572275,1.0370292315281266,186.31872261550083,4.263219419019655,0.8376069386545836,6.929372603804869,254,True,True,True,False
9461,30.0,53.8263666,Iran,12401.62,0.0,-2.0241527257951883,9.40597192190316e-18,0.7619026977678433,1.544831455113117,0.8398703597193075,-2.4960649264473806,-2.082438798050454,7.241463928425727,1.4530775413853964e-20,153.0603238241747,0.2218335531472251,-2.042659278080333,1.00914286360377,326.2388886420192,3.861081463123008,0.7948897259513645,5.988951721376162,254,True,True,True,False
9462,30.0,54.983922800000016,Iran,12401.62,0.0,-2.206871528054592,1.7400556302690583e-27,0.783148279012747,1.400867535550795,0.7851713491304749,-2.474480885773265,-2.617801970037421,4.958332758882176,3.8783676920219455e-14,137.122064421031,0.2112630953377611,-2.1897343377835083,0.992234622607964,420.98813764297415,3.378565851211655,0.7408013386716028,4.760124298726044,254,True,True,True,False
9463,30.0,56.1414791,Iran,12401.62,0.0,-2.055667323617695,5.248613900862172e-30,0.6020412679547079,1.2174433567467118,0.7624344133498608,-2.1566318543992176,-2.716112103821154,3.0093102031758243,9.74907635603812e-07,148.6957128951326,0.2184825004827321,-2.0693874659292844,1.006674300921145,381.0637961738591,3.1571018551389263,0.7247554131406393,3.4714475158726694,254,True,True,True,False
9464,30.0,57.29903540000001,Iran,12401.62,0.0,-1.6190610458165582,3.839898029577727e-27,0.2368958472516205,1.1094224202919911,0.782494795753041,-1.628687589505578,-2.3089292874429765,1.6852637484892277,0.0057855041108823,139.59868917940184,0.2192930522962907,-1.6350157047043248,1.0098542664150876,226.09852290208937,3.006874772426077,0.7223861379234876,2.415269524326529,254,True,True,True,False
9465,30.0,58.4565916,Iran,12401.62,0.0,-1.0888765964748364,9.029029005631176e-22,0.1846011597699686,0.9749211103680242,0.7949926764851192,-1.0428406151380818,-1.6937688476189978,0.6304479335333898,0.2984104916781819,87.57307647514,0.2163056029619895,-1.1585303772706226,1.0639684800107612,103.13558834176456,2.9190110887760885,0.7207785671947311,1.650211113497538,254,True,True,True,False
9466,30.0,59.614147900000006,Iran,12401.62,0.0,-0.6744300485576206,3.8178376758188e-14,0.4353068305567528,0.9966990885842024,0.8029182485697214,-0.5660116892434915,-1.2159367786812971,-0.4737510812178016,0.4413838408930078,81.82792387126634,0.1835800479749796,-0.6790058468471261,1.0067846892339565,43.82288873192137,2.9320566740041416,0.7357278723480146,1.2180202106907738,254,True,True,True,False
9467,29.0,56.75159239999999,Iran,12406.28,0.0,-2.207241394986626,1.62417757335002e-37,0.7868990622963026,1.2341888686809197,0.8675212062343653,-2.30610532494427,-2.744227673857571,2.703446653378265,1.2451030563638109e-05,166.06107964258024,0.2406595289688908,-2.2498754505141214,1.019315538220845,334.25096336251505,2.7797368008729952,0.6799263393938735,2.708136506545919,254,True,True,True,False
9468,29.0,57.898089200000015,Iran,12406.28,0.0,-1.7217199479571634,5.562048484911818e-33,0.403172823421511,1.1717709665881637,0.8541823924971012,-1.7624205354869416,-2.185917063614772,1.6436522112116194,0.0066860843034765,127.23161845778426,0.2232915929319464,-1.7940892361308831,1.0420331356789974,212.1199056759645,2.7329495783450857,0.6849120995086545,2.09194553629753,254,True,True,True,False
9469,29.0,59.04458600000001,Iran,12406.28,0.0,-1.2526041773941996,3.5441300026566195e-25,0.090132017971094,1.1138445546518438,0.817292142301906,-1.228130585032969,-1.6457537643264373,0.4810451603238875,0.4232050415422286,77.91201799797514,0.1956366055998556,-1.318123504954106,1.052306489745393,126.19048566679922,2.8117103794047704,0.708889331314663,1.681474696140812,254,True,True,True,False
9471,28.0,58.485804400000006,Iran,12407.1,0.0,-1.5854083924102464,1.5276578757443e-32,0.4228592383784844,1.1188534335482876,0.7823957480051003,-1.6139172307678542,-1.825679433050484,0.9528813866277708,0.0983030430407235,103.51144197086492,0.2751325799194623,-1.635170773517981,1.031387736652562,214.47954291455696,2.824554041908696,0.6845686194439365,1.827071140014772,254,True,True,True,False
9472,28.0,59.6214511,Iran,12407.1,0.0,-1.2904181800905163,2.960969506198688e-27,0.2789591132571884,1.1073350565553717,0.7737074182656248,-1.2780086629434086,-1.4203748618473109,0.0634241239633131,0.9114039955448162,87.45388274546713,0.2157013819535486,-1.336320436308781,1.0355716130836323,148.09589722583448,2.8168063590596053,0.7017322750053931,1.723198257529109,254,True,True,True,False
9474,27.0,59.0625,Iran,12404.16,0.0,-1.257208409233014,2.457423169661741e-31,0.2740598264899032,1.1587252133383334,0.7723223398743131,-1.2741278290820226,-1.268799538097091,0.2525545286002361,0.649294588712966,104.1686537473773,0.2586964064533298,-1.3033010654293604,1.036662701154271,141.95304541784944,2.749954637538611,0.6662488037027224,2.051297169849789,254,True,True,True,False
9476,27.0,57.9375,Iran,12404.16,0.0,-1.4156525568487548,4.65142747787127e-37,0.3171336073136213,1.197908724619647,0.8315515415443419,-1.4624556787106588,-1.5959748332698176,1.1029502553836932,0.0535023049626883,113.05122301215306,0.3445045349681935,-1.408295048179568,0.9948027440535516,153.53125802359418,2.636351807673651,0.6338184986411542,2.120623758520677,254,True,True,True,False
9479,26.0,57.39938080000002,Iran,12397.52,0.0,-0.9078921191917724,4.7353341172780385e-32,0.0531665554991466,1.2123667527167594,0.8292307582710152,-0.9409150934010536,-1.114657303315568,0.9461562518538396,0.0826142959964305,108.39235987591869,0.3936555327697955,-0.8438503250296776,0.9294610088485994,70.30541066569063,2.52103272129598,0.6014390516401273,2.759665565120941,254,True,True,True,False
9480,26.0,58.51393189999999,Iran,12397.52,0.0,-0.8859192834976781,1.4760355358121498e-29,0.0267866141894403,1.244323924197017,0.8092014759618782,-0.8986938581671458,-0.9095271619373508,0.2201595948634865,0.6864618268394389,96.23136647200832,0.3112371002096786,-0.8860097068330536,1.000102067239149,69.37859660539507,2.5773829550698126,0.6215102760073145,2.386992383302704,254,True,True,True,False
9481,26.0,59.62848300000002,Iran,12397.52,0.0,-0.8399339798201586,1.3725734805987701e-25,0.0526377358551447,1.1798834225943,0.791114141189489,-0.8425303239546911,-0.6983277882170815,-0.328711244137739,0.5444220691180842,107.85924262056749,0.2580083457727389,-0.8248431597179853,0.982033325874726,66.52436956484351,2.621850463724513,0.6535003464214353,2.477505914745976,254,True,True,True,False
10029,24.0,34.4680851,Egypt,12373.42,0.0,0.5470292099123839,0.0059415602845547,0.2186076170043545,3.757980005228163,1.5404937265278318,-0.5057530924234925,2.8314296419871194,10.941064810681048,7.273717583695387e-16,12.164209650557796,0.0487838753963786,0.4472439575948842,0.8175869761443233,22.884251377153227,3.591100226362101,0.8483415997793624,5.002945560601788,254,False,True,True,False
10032,23.0,34.25981869999998,Egypt,12393.41,0.0,0.6401152755976716,0.003915548135597,0.1703261817248501,3.767255421328446,1.4269700495584503,-0.4232114977968073,2.858230174599674,11.222209659099123,5.4271715503541845e-17,12.430955919747554,0.0756935339893923,0.4878136812704251,0.7620716140775684,29.921718781237296,3.847700810556514,0.8656745712704338,5.237841470244183,254,False,True,True,False
10036,22.0,34.0540541,Egypt,12409.39,0.0,0.6114080558464463,0.0001028910584588,0.1241764968247426,2.7572597846243783,1.2130667825279002,-0.2146237654492001,2.2328974801821966,8.85758482926093,3.3464647869040983e-17,14.142319383487727,0.0619934775740998,0.6396806727620152,1.0462418128862037,30.768466000448576,3.5517043307017424,0.8268460255364177,4.551895296573628,254,False,True,True,False
10037,22.0,35.135135100000014,Egypt,12409.39,0.0,0.4611051906197314,4.940362745455476e-06,0.0961627090071309,2.3020537515846176,1.1037793429969025,-0.1945766884662726,1.5367318303658624,7.507973187584488,1.9392425324622285e-19,20.249407209145524,0.1092112824897952,0.4168853835497976,0.9041003919073176,24.11863564918077,3.1251775873178893,0.7592509560635561,4.172093813992759,254,False,True,True,False
10042,21.0,34.82142859999999,Sudan,12384.43,0.0,0.4665108402672361,1.9635840381020136e-10,0.1131413144505738,1.5771876370111086,0.9700149493165732,-0.0148595067936754,1.2668660418237283,5.414098513214048,4.937625006220752e-16,24.235134210127093,0.1062016513486812,0.4648020016538343,0.9963369798386188,23.324466145264523,2.807784430171789,0.6860791409344318,3.144691671368987,254,False,True,True,False
10049,20.0,34.6153846,Sudan,12392.71,0.0,0.4798365280464067,4.346931932213957e-19,0.162933817863942,1.285998405251929,0.8655433405199794,0.1528778946833815,1.027790914282818,3.6405071678537695,2.1153518657202794e-11,21.3949922968944,0.173846337509359,0.4850094081354942,1.0107805049985426,22.362287070095487,2.5110080509343,0.5808334661015485,1.6890239632493689,254,False,True,True,False
10057,19.0,34.41176469999999,Sudan,12397.11,0.0,0.3360762115730356,5.807474343808118e-28,0.0689396388109183,1.612973629305782,0.9879133715556287,0.2028070660834336,0.3577934090025472,1.9619364386429337,3.128503376604466e-05,37.19864009278051,0.2746981251253395,0.3390363366774287,1.0088078983351365,8.330471136686366,1.8556797144536816,0.3443838406495541,0.6110063996627064,254,False,True,True,False
10058,19.0,35.47058820000001,Sudan,12397.11,0.0,0.1780338385374496,1.074905259030404e-11,0.000276244710446,1.41981644249752,0.8759989953059988,0.0398191728620259,0.282480855213173,1.840966485905331,4.478001971707989e-05,67.27869944491735,0.3135559176329334,0.1725482490861094,0.9691879392344488,5.217311543395603,2.0020848586050497,0.3882738037750837,0.5507467986622256,254,False,True,True,False
10059,19.0,36.52941179999999,Sudan,12397.11,0.0,0.0489930399626203,0.0295797186722797,0.0348836617248119,1.6267931778795,0.9199489418189716,-0.0772341578168824,0.1961590141260412,1.5560869009351823,0.0006748291605267,83.37377958698198,0.3074306614888175,0.0464333185782439,0.9477533668796752,3.156551860862679,1.924673660054552,0.3387391779969153,0.7876779425595335,254,False,True,True,False
10066,18.0,34.2105263,Sudan,12397.67,0.0,-0.0126156139835732,0.7606101385737701,0.229317508785821,2.837466062734747,1.0995346828193282,0.1459727574445515,-1.0212433320691248,-0.1206234736900357,0.8480273512794182,66.09242461335575,0.3310994720749444,-0.0188389105502992,1.4933011246879728,4.051619545638027,2.188796066085957,0.5799983971684164,0.8665595183954697,254,False,False,True,False
10067,18.0,35.26315790000001,Sudan,12397.67,0.0,-0.0659130463327777,0.0102064726370737,0.2031436309948855,2.3519217835693365,1.00083478555511,0.0092996715375193,-0.6263377805682234,0.1032835962163098,0.8353970380013218,83.80096069430388,0.3252630521833515,-0.0689127442582696,1.0455099269778427,2.9276436706932483,1.898967772262524,0.3855229036474569,0.352659544754116,254,True,False,True,False
10068,18.0,36.3157895,Sudan,12397.67,0.0,-0.0961269058093829,7.097350266966973e-06,0.1557364415117156,2.2253379139722447,1.0572081442894976,-0.0813230258631658,-0.2725348467372269,0.168110222129897,0.7273356660152924,119.88157703075558,0.287446678398331,-0.0966538159128851,1.0054814008530255,2.5259055510692905,1.7438678248310515,0.2338751804935982,0.2687590204172738,254,True,False,True,False
10075,17.0,34.01162790000001,Sudan,12394.45,0.0,-0.2447860238298087,8.115434412892135e-05,0.470730546245542,2.5011399504753444,1.280012294152883,0.0860449845621937,-1.6778258038916427,-1.7415559387188366,0.0223761971775684,102.2788327585598,0.2737231127866383,-0.2794547811535944,1.1416288266028196,6.6350907468775135,2.28970671805643,0.6551451702213992,1.3046545690809777,254,True,False,True,False
10076,17.0,35.05813950000001,Sudan,12394.45,0.0,-0.213067789695447,7.275923600296242e-08,0.3694960018033253,2.389921610945123,1.0433625189882298,-0.0139979420459172,-1.113231120622444,-1.0372410718895737,0.0704874821994225,101.06242260485789,0.2748224941753489,-0.2447388142397942,1.1486429487517416,6.434782288497991,2.1083634152695137,0.537618572496924,1.0652590975404326,254,True,False,True,False
10077,17.0,36.104651200000006,Sudan,12394.45,0.0,-0.1484919989141232,2.7249065751317116e-09,0.2483141386589291,2.372608925887357,1.056299850062819,-0.0652756243860788,-0.5540602189608246,-0.4349534723714376,0.3823990893788983,130.42020301645,0.2931887503222347,-0.1579581105486901,1.0637482942097196,3.986634517190104,1.8037643188567505,0.3108740282244335,0.7401678863608504,254,True,False,True,False
10085,16.0,34.85549129999998,Sudan,12387.47,0.0,-0.0650855832507324,0.0269816671778822,0.3286188877701765,2.529753903742912,1.0244459323137125,0.0613820662501418,-0.6100054230546199,-0.9055995260752848,0.0929113639137807,190.32987916317023,0.2394285262276368,-0.0894995303504615,1.375105297984011,8.170538262177837,2.017264400618351,0.4317723871340753,2.7686422522686,254,True,False,True,False
10086,16.0,35.8959538,Sudan,12387.47,0.0,0.0395034230847655,0.0577135155425514,0.1754766173563742,1.7046299268958196,1.2339664872756968,0.0491422714917229,0.0224127869767398,-0.3418753967538173,0.492450789529476,177.34100217290688,0.2295846055795517,0.0537965074151251,1.361818880852171,4.631041773180927,1.5439310878259125,0.2028393936326341,2.676116934044058,254,False,False,True,False
10095,15.0,34.6551724,Sudan,12376.79,0.0,0.3240408037942681,9.244515564599949e-18,0.0960378549116499,1.593696603879545,1.2262748556438876,0.2523956495970108,0.6739729234225256,-0.0311220093406591,0.957198027915406,340.5398974989029,0.1533081844892657,0.3149141265551011,0.9718347901489546,15.337625505576057,1.807974036419172,0.4229910735805426,5.036243714738674,254,False,True,True,False
10096,15.0,35.689655200000004,Sudan,12376.79,0.0,0.3770690154624256,4.86236869775857e-19,0.0069541556688194,1.510035865537895,1.160806370852065,0.2566440788320396,0.9297419240270712,0.2468488512090528,0.6723874486689799,364.8311961219528,0.1688183113668223,0.4462648259126334,1.1835096696167098,19.49997827267471,1.92301546762942,0.4695595332581507,5.288695025318852,254,False,True,True,False
10097,15.0,36.72413790000002,Eritrea,12376.79,0.0,0.4629024731608302,1.3647819476948526e-20,0.1126986583459702,1.5078616013306332,1.0841185381703733,0.2992213278455033,1.1174367034408652,0.6948674141259522,0.2334523195298752,465.227948211444,0.1383656409661378,0.5528415462747818,1.1942937839580374,24.85148316792568,2.0596573233727145,0.5299734751501074,5.172350926394324,254,False,True,True,False
10098,15.0,37.7586207,Eritrea,12376.79,0.0,0.5463706566793034,8.559382428681187e-23,0.1940316691424003,1.5042326193425242,1.0469139787548114,0.3598915504971223,1.2213573307376766,1.0364824395471353,0.0731539115929012,576.6731713401775,0.0970671876963683,0.5337781471990148,0.9769524418517962,28.350607213811152,2.119342206018902,0.5570744994534841,4.733156056491107,254,False,True,True,False
10099,15.0,38.79310340000001,Eritrea,12376.79,0.0,0.5958808221313183,1.2338125371169093e-21,0.22374515422419,1.4186441678216752,0.96067030496404,0.3871697236645626,1.248995702015116,1.4603936860853115,0.0095394548022326,517.3378079632919,0.1040913993273449,0.5931311461904737,0.9953855270404413,33.35714972155384,2.2575756899005457,0.6092686904560947,4.048081206830687,254,False,True,True,False
10109,14.0,34.555873899999995,Sudan,12397.86,0.0,0.6989466957176171,7.13712397094993e-17,0.1435275057715354,1.3170188796027855,1.1288144825516573,0.4776902613162104,1.671236341298178,0.8203276725151751,0.2485232185932535,508.1286426073741,0.1284973515063464,0.6572389848463422,0.9403277658699666,46.58472928133951,2.411070289876021,0.6656615818351047,7.458495409053875,254,False,True,True,False
10110,14.0,35.58739259999999,Sudan,12397.86,0.0,0.717033403480908,7.950123321604082e-17,0.2047808766187004,1.352308779900506,1.1126918353884792,0.476876497713472,1.7579817440674077,0.9569320487332948,0.1787687984427625,587.2746445506345,0.1415486379749041,0.7385673303014064,1.030031971615213,53.52521090394329,2.4500039702645706,0.6726006768261898,8.21441047780591,254,False,True,True,False
10111,14.0,36.618911200000014,Ethiopia,12397.86,0.0,0.7681318511966699,6.111096444233266e-18,0.2866747392457339,1.3560603179153927,1.0757663351900766,0.5195701797628303,1.7772030346470515,1.1799332781681258,0.0862233952231024,769.8672157463927,0.1217835232135995,0.7694986729168258,1.001779410290078,60.56956876376802,2.451579429970956,0.6796779678619014,8.304419947511986,254,False,True,True,False
10112,14.0,37.65042979999998,Ethiopia,12397.86,0.0,0.829942487577835,2.8204872566101086e-20,0.3547330836852209,1.3081321431962991,1.0591950421393397,0.5809430301651464,1.754065371832934,1.419234360885676,0.0306495756044306,1091.440559141338,0.0928863947931716,0.7624960173783337,0.918733561410572,61.56420030216191,2.3812393933850355,0.6739710087868869,7.628259511943193,254,False,True,True,False
10113,14.0,38.68194840000001,Ethiopia,12397.86,0.0,0.8716473380744842,8.422660398005349e-21,0.3807631800898496,1.3338258944920596,1.0102147198717388,0.6107887620646384,1.6919147747702814,1.8692456142825569,0.0030642525955902,878.6267061159015,0.0866987560415212,0.771321820607119,0.8849012518193542,62.26261292911072,2.410337032959009,0.6848105370404671,6.33812249351764,254,False,True,True,False
10123,13.0,34.358974399999994,Sudan,12379.64,0.0,0.9154916057628064,6.593494141828441e-13,0.2605790467156718,1.2974934658954396,1.0852241618615015,0.6047120041050169,2.1961643012385705,1.4969858806903351,0.0659169102127054,633.487667150889,0.1301651481427248,0.7903470606326763,0.8633034488329829,82.95210720355712,2.8777360440974267,0.7601109616603621,9.76124096554227,254,False,True,True,False
10124,13.0,35.3846154,Sudan,12379.64,0.0,0.9086330915706586,2.7657621197290465e-13,0.2875890913387468,1.3746756201980932,1.1252841165108642,0.5909558678628013,2.216208592345625,1.5492277113324138,0.0570963839738513,746.4663596570003,0.1281476357386246,0.8404455837906215,0.9249559493126444,87.37066610963753,2.776822713628144,0.7525356998909704,11.121347050749648,254,False,True,True,False
10125,13.0,36.41025640000001,Ethiopia,12379.64,0.0,0.9253444983108832,1.3380174060010483e-14,0.3332557087882842,1.457834395452488,1.1444159319257117,0.6108486701454225,2.169078230474546,1.666470628659506,0.0346639072843228,1091.7598520498725,0.0972483258556842,0.8127160038532397,0.8782847959184557,88.96284487038281,2.64771943628439,0.7404936189647298,11.590552737534798,254,False,True,True,False
10126,13.0,37.43589739999999,Ethiopia,12379.64,0.0,0.9670261793263036,1.516637239434881e-16,0.3877888058750506,1.3949948798794,1.1338708591288966,0.6652880775081735,2.099185801344751,1.7533189500720232,0.0191126522218757,1213.6818847060204,0.0835334856236193,0.8404812279972136,0.8691400977197432,86.95020979251406,2.5370135786223083,0.7292979994748147,10.88153360066512,254,False,True,True,False
10127,13.0,38.46153850000002,Ethiopia,12379.64,0.0,1.0120397266391716,2.33971402997564e-18,0.4234547474345091,1.3550909738031045,1.1099738282959208,0.7086222166858898,1.996525894195936,2.1414044412320203,0.0024404623978198,865.1321212699017,0.0816052124747755,0.9468060549091092,0.9355423803898556,79.87731886047719,2.4565804132275915,0.7225477835881063,9.106328943663549,254,False,True,True,False
10128,13.0,39.4871795,Ethiopia,12379.64,0.0,1.0070135728544134,4.255714150293817e-20,0.4009792215425941,1.4096048793770013,1.0594420332701724,0.7214916763484833,1.812438788555899,2.3152024229022423,0.0004227530043716,654.1319561004639,0.1283116192784947,1.0899028224429024,1.0823119487392177,70.03368446685353,2.399898440815448,0.7122804439121129,6.667211300659297,254,False,True,True,False
10139,12.0,34.26136360000001,Sudan,12392.95,0.0,0.947595728165174,3.993031708673158e-09,0.2344031501716623,1.5699582777147274,1.1381716161570536,0.5424571916926677,2.5375288343174915,2.185561907225916,0.0225817361343682,706.5690695104796,0.1184360786186487,0.7750651500888879,0.8179280752875949,100.48528470454204,3.2364412366034605,0.806380674474447,12.252643927544725,254,False,True,True,False
10140,12.0,35.284090899999995,Sudan,12392.95,0.0,0.928239006092202,1.1100681237197032e-09,0.2425398469678875,1.5819706008031915,1.14780347613267,0.5413741769195575,2.460019375958013,2.0603882256268102,0.0267723134351659,929.4933809142216,0.1081773049545506,0.9607274130162278,1.0350000449354084,113.07833866582136,3.114181023645489,0.7971326285109965,13.958958722651154,254,False,True,True,False
10141,12.0,36.30681820000001,Ethiopia,12392.95,0.0,0.9172098669723,1.7870855087764212e-10,0.248867870561177,1.7029369386609086,1.193690499303518,0.5348847913568839,2.3512778149825664,2.246378550714067,0.0125614774853945,1172.508887924875,0.0835372321198091,0.7397923670078925,0.8065682605987867,109.31617271036708,2.900915175578147,0.7853900911437677,14.588747282428232,254,False,True,True,False
10142,12.0,37.3295455,Ethiopia,12392.95,0.0,0.928402555058021,3.053523813268857e-12,0.268701231713845,1.5954455927146858,1.19969764266073,0.5606706744543093,2.1983209921803413,2.430507246333715,0.0040171255130609,1075.7067153664927,0.0846476420588157,0.7799679229000769,0.8401182425131654,100.24314651495077,2.7151444186041296,0.7663644215149652,13.769741362171214,254,False,True,True,False
10143,12.0,38.352272700000015,Ethiopia,12392.95,0.0,0.9722026643391216,1.801899728891283e-14,0.3055104823488578,1.4774942550335362,1.172933816516042,0.6173970460581923,2.0594493940863767,2.682227959102293,0.000605506088661,929.1501232981682,0.1116993859536955,0.9309944678642456,0.9576135738088228,87.42767186146797,2.5801279180911862,0.7513143692471843,11.574003827964864,254,False,True,True,False
10144,12.0,39.375,Ethiopia,12392.95,0.0,1.0055043708857685,4.9045893617433315e-17,0.3269140293676744,1.4458428198200364,1.1103785528801704,0.6769547905818092,1.887559533367905,2.7832327074170964,0.000100107906082,758.5379306475322,0.1352511442368734,1.0376081333213636,1.03192801877859,75.11194292151428,2.501321831587437,0.7354528388123619,8.505272025185699,254,False,True,True,False
11066,14.0,39.71346700000001,Ethiopia,12397.86,0.0,0.8373420847001851,6.108331846223415e-21,0.3209364018297991,1.3681994625616656,0.9668748715344038,0.5786625528490439,1.5242044176260563,2.1854199597884354,0.000248952926007,473.0306649208069,0.1264951115348055,0.8758826590911313,1.046027274987314,54.90788748609584,2.3912084402919302,0.6853924210928974,4.675240973609181,254,False,True,True,False
11067,14.0,40.7449857,Ethiopia,12397.86,0.0,0.7001627426885673,7.637286608613498e-20,0.1802954876991719,1.3952458657039613,0.9205816264210016,0.4440018486264583,1.2628460525938316,2.475427009340512,9.458360626534638e-06,231.048964013656,0.1947747318128087,0.7315562202814105,1.044837400905245,40.46211523442548,2.3675123558137474,0.6745484411746501,3.110002841306907,254,False,True,True,False
11068,13.0,40.5128205,Ethiopia,12379.64,0.0,0.9104547405613655,2.947044120793544e-21,0.3018875009072889,1.50068546746548,0.9972514011447484,0.6399389611064419,1.5389969765030496,2.5290798834560286,2.845035044163116e-05,339.6946934175987,0.1759304574565064,0.9585505679890828,1.05282615959368,55.6018318599186,2.357892343383872,0.6943738690798809,4.12097791403005,254,False,True,True,False
11069,13.0,41.53846149999998,Ethiopia,12379.64,0.0,0.7063338596386104,3.1568110047182804e-20,0.133470704874672,1.4533268010874578,0.915348624865464,0.4404471209847402,1.1843470606212556,2.834716704311248,3.6721120968958933e-07,202.08283985654515,0.1986928577523954,0.7371496843735343,1.0436278458329755,38.25909234889924,2.38974344812936,0.6704551066373444,2.156763979961612,254,False,True,True,False
11070,12.0,40.39772729999999,Ethiopia,12392.95,0.0,0.978362333996306,1.2090123172021036e-19,0.3031805278178688,1.4427509288700164,1.027040849844395,0.6728499371078227,1.6640330293504908,2.9174561854383123,6.424720692774812e-06,405.5993059153358,0.1753706426446544,0.9928854547183772,1.0148443170974797,63.54232022394701,2.45701330868064,0.7140674854799182,5.224687849527323,254,False,True,True,False
11071,12.0,41.420454500000005,Ethiopia,12392.95,0.0,0.8493563360462333,3.079791277519671e-21,0.2071367832914214,1.4305849462570868,0.9356593114306674,0.5622088377799319,1.3581564048172738,3.077605644270878,1.895971764914261e-07,213.9455762070914,0.1852471380979555,0.8485515412242025,0.9990524650398476,50.34997646111531,2.4809002572462364,0.6837343082325723,2.4448297985459058,254,False,True,True,False
11855,23.0,35.347432,Egypt,12393.41,0.0,0.5078062650226427,6.575586515398111e-05,0.1802333678148559,3.056091563921302,1.3879636835443374,-0.2938362339913009,1.868759651268852,9.146177984914884,2.50225002765873e-19,21.614553682738915,0.1627786178701155,0.3838962534074707,0.7559895965252674,20.01718429952559,3.0355374182384063,0.7817457661590365,4.635312424928932,254,False,True,True,False
11856,22.0,36.21621619999999,Egypt,12409.39,0.0,0.3247677344866477,1.769691528448698e-07,0.1021554017794437,1.9604802530404444,1.0159867404638263,-0.1540528605976,0.9245276814726372,5.864646289090407,1.567211470643682e-19,30.6833460884324,0.2244149798440779,0.2347649917531442,0.7228704296140482,16.846083434469563,2.646316895883647,0.6631674353317489,3.554769700499666,254,False,True,True,False
11857,21.0,35.892857100000015,Sudan,12384.43,0.0,0.3093859243551278,4.102668508934513e-09,0.0665923700702157,1.4501178160058,0.869377543685479,-0.0790697927127017,0.8639134539178102,4.55420196935705,2.3755659811435048e-15,33.47968001267873,0.1796839028997225,0.2708347833170434,0.8753946511353451,17.603589129191317,2.6913751665625867,0.6343284098191557,2.849167571495545,254,False,True,True,False
11858,21.0,36.964285700000005,Sudan,12384.43,0.0,0.1919290378601068,1.2633803307550164e-06,0.0839441268051992,1.2368595546211962,0.7351194366893155,-0.1125255505025435,0.59403560281195,3.625882854156168,9.615420132949133e-14,40.60840495784457,0.2665154144083672,0.1797535070860186,0.9365623310060948,14.585735528463433,2.67634536975291,0.6101988172077253,2.404938626721337,254,False,True,True,False
11859,20.0,35.68047339999998,Sudan,12392.71,0.0,0.2925740300667667,2.5555931007549414e-12,0.0730365570333293,1.1497527839243469,0.7704454758087179,0.0093156357793184,0.7222806600788327,3.251044188080713,5.282809673314965e-11,36.30797400139272,0.2312227267085626,0.2826123324420119,0.965951531574824,14.957363121184091,2.566487916110517,0.576677999406506,1.6728306871499468,254,False,True,True,False
11860,20.0,36.7455621,Sudan,12392.71,0.0,0.1497132450663588,4.334498167326023e-06,0.0339722374682976,1.1949568082854671,0.748225952880807,-0.0958114611136699,0.4965099640435415,2.867066757030482,6.441421918519981e-10,51.78238219581544,0.2867122855240551,0.1507124389490122,1.0066740513320018,9.151955868643624,2.4633157379326813,0.5450355973542568,1.596874543708,254,False,True,True,False
11861,18.0,37.368421100000006,Sudan,12397.67,0.0,-0.1173112089227603,7.88987546171891e-09,0.1369020334449505,2.255950507675035,1.0013091421622808,-0.1312672477547065,-0.1372280171257497,0.2152569820774947,0.6380929212032395,112.17437469710907,0.2106698652154394,-0.1163847857304917,0.9921028587056964,3.078585715184356,1.7478054683237865,0.2153005849791326,0.674625982457956,254,True,False,True,False
11862,17.0,37.15116280000001,Eritrea,12394.45,0.0,-0.0659039215077874,0.0004750335832521,0.1587332216397329,1.9558965686800056,1.0682380196481964,-0.0694553142446152,-0.075929196434521,-0.0491184411956807,0.9142540740451784,176.33521335199475,0.2285976202180284,-0.0605194313125168,0.9182978786075072,2.6607701151908225,1.6327247398568612,0.1809008281654174,0.808626435040982,254,True,False,True,False
11863,17.0,38.19767439999998,Eritrea,12394.45,0.0,-0.0012475795348724,0.949596067430331,0.0842619712062764,1.9258852389174863,0.9996702093925212,-0.0491982100162248,0.1608754630378578,0.1987275478647519,0.6616396681088322,322.88468961914384,0.1776172785553823,0.0113411248122887,-9.090502445159306,3.190136027204624,1.7370070682881351,0.2454975397807132,1.0359387643380322,254,False,False,False,False
11864,16.0,36.9364162,Eritrea,12387.47,0.0,0.1455441881228489,2.363798554860316e-09,0.0647156371052523,1.6599779005614357,1.1098767110025587,0.0726940075178248,0.408968103865118,0.271876730182208,0.579887676220864,268.9888816419989,0.1746396430776965,0.1864272460765894,1.2808979079208056,6.311492883228531,1.6924649073705749,0.3028015775442689,2.515872022569764,254,False,True,True,False
11865,16.0,37.97687859999999,Eritrea,12387.47,0.0,0.2369700734099842,4.011819144099072e-15,0.0194538759647448,1.6514610354998116,1.0316436085026628,0.1200627150735266,0.6369123470775215,0.6408383053783318,0.1992463764317713,451.2894380030533,0.1359266893522968,0.2572854457797073,1.0857296960640903,8.800323570298804,1.853205752744376,0.3977288398904618,2.368509362276743,254,False,True,True,False
11866,16.0,39.01734099999999,Eritrea,12387.47,0.0,0.2909875816472029,4.514943540617245e-16,0.0527085028616163,1.6122081376742408,0.9375573747348758,0.1458740355814822,0.760023873145806,0.9294037861874302,0.0640672053353824,320.8640745282173,0.1599943463715525,0.2992188610279647,1.0282873905964187,12.210308919440669,2.0539292409296004,0.4834043214270026,2.3046825534089663,254,False,True,True,False
11867,15.0,39.82758619999999,Eritrea,12376.79,0.0,0.5716810716588796,3.6223665270857624e-19,0.1711009666715707,1.297429965323934,0.8919749203300507,0.3421165230276037,1.168154060006221,1.9482061508559605,0.0003442790637665,253.1001523137093,0.1630019450846336,0.5804060017403457,1.0152618837915142,33.16716518963622,2.363341839831903,0.6429934264755457,3.260675022573671,254,False,True,True,False
11868,13.0,42.56410260000001,Eritrea,12379.64,0.0,0.4319124867938123,9.914023851753325e-16,0.0426017645709947,1.286369202940003,0.8695445377196341,0.1674459391744571,0.822438078584601,3.040301823680198,4.922208331457529e-09,102.21539591749509,0.1968441600712814,0.4510370251211126,1.0442787344938005,19.47374735264365,2.3650018115616174,0.6277453910790108,1.6777657663787742,254,False,True,True,False
11869,12.0,42.44318179999999,Djibouti,12392.95,0.0,0.6260584598951259,8.818722965499322e-21,0.0596633086442107,1.3462234565866145,0.8755055321470371,0.3590971358391593,1.0054736254258998,3.091619415427524,1.1526784003476468e-08,152.6706935527424,0.2044236556452368,0.6468088459640421,1.0331444863350177,31.848686888868112,2.4444697517355425,0.6388986199343742,1.070119491470014,254,False,True,True,False
11870,12.0,43.465909100000005,(offshore/unassigned),12392.95,0.0,0.3642736113596492,4.550244295540463e-15,0.1027688199820855,1.2073353581109096,0.8333649802114038,0.1146742623386956,0.6559262450540568,3.0509490309011627,9.162624098966083e-10,77.41050808690488,0.2631250602049473,0.363834770705775,0.9987952993568868,16.782062447083188,2.373366408967908,0.595548246299519,1.809736218947852,254,False,True,True,False
11871,12.0,50.625,(offshore/unassigned),12392.95,0.0,0.0146906771278954,0.602903224086996,0.1253256517937224,1.8967872837850503,1.342680822365156,-0.007883744649038,0.0622444604358016,0.2834672425903782,0.6436764676546554,,,,,4.547224169735666,1.7454010414282488,0.2989194621969927,2.9136484954275885,254,False,False,False,False
