mascon_id,lat_center,lon_center,lon_center_0_360,lat_span_deg,lon_span_deg,area_km2,gsfc_location_code,gsfc_basin_code,country_of_center,frac_area_land,frac_area_arabian_peninsula,on_arabian_peninsula,leakage_2sigma_cm,leakage_trend_uncert_cm_per_yr,mean_noise_2sigma_cm,series_std_cm,signal_variance_cm2,noise_variance_cm2,variance_snr,n_months_observed,trend_cm_per_yr,trend_p_value,significant_decline,trend_leakage_uncert_cm_per_yr,trend_grace_only_cm_per_yr,trend_gracefo_only_cm_per_yr,p_grace_only,p_gracefo_only,intermission_step_cm,intermission_step_se_cm,intermission_step_p,trend_with_step_term_cm_per_yr,annual_amplitude_cm,semiannual_amplitude_cm,residual_sd_cm,noise_sd_cm,residual_over_noise_sd,residual_lag1_autocorr,chirps_mean_annual_precip_mm,chirps_annual_cv,chirps_cells,precip_adjusted_trend_cm_per_yr,precip_adjusted_p_value,fraction_unexplained_by_precip,precip_explained_trend_cm_per_yr
9121,32.0,39.5409836,39.5409836,1.0,1.1803279,12380.52,80,6004,Saudi Arabia,1.0,0.5509412899050062,True,1.450497446783504,-0.269187124440556,1.6059977013275877,6.210098232016359,38.56532005129271,0.6673934530460264,56.78498406791096,254,-0.7974655905638177,1.475067356507888e-16,True,0.269187124440556,-0.7929613124103332,-1.7456646616680025,4.503906866721531e-10,3.765702467796681e-15,2.0785817144419854,0.5791571477045285,0.0004002871615351,-0.9167952436052198,1.039432547614742,0.6862678088553866,2.273619899398612,0.8029988506637935,2.831411150239057,0.7365272239089771,,,0,,,,
9141,29.0,44.14012739999998,44.1401274,1.0,1.1464968,12406.28,80,6004,Saudi Arabia,1.0,0.939365466894766,True,1.3786182786523091,-0.3633343661404854,1.5138467866600798,4.963558989275762,24.636917840020217,0.5930017158772497,40.5461156019994,254,-0.6271955485522558,2.8278597711122585e-23,True,0.3633343661404854,-0.6036933450787711,-1.5116661583332638,9.101860005539899e-17,2.8780309136545496e-19,1.6322194117560018,0.489223805297534,0.0009795990055071,-0.7208999118394952,1.1213139439518118,0.68174933739669,1.9140893642675771,0.7569233933300399,2.5287755420619966,0.6336293246580985,108.80165671502864,0.2917867343084878,4,-0.6589553895524447,1.1655728217105012e-19,1.05063786098849,0.0317598410001889
9142,29.0,45.286624200000006,45.2866242,1.0,1.1464968,12406.28,80,6004,Saudi Arabia,1.0,0.6479991179305242,True,1.36575401609257,-0.6195954820752947,1.4845103329712137,3.0933299566114614,9.568690220469865,0.5702411489701911,15.78007670570624,254,-0.2866430862630773,4.045120413263275e-09,True,0.6195954820752947,-0.3071800236084663,-1.214900192588259,2.5692065263755935e-07,2.376745941480157e-13,2.390600190495475,0.4968656572700115,2.6106542767168207e-06,-0.4238854613453195,1.551029507190387,0.7035697122447978,1.9887271413895244,0.7422551664856074,2.679303871747569,0.6677004078674659,127.63343283440918,0.2755379421245157,6,-0.2733184056268678,8.691509098848768e-07,0.953514732171212,-0.0133246806362095
9143,29.0,46.433121,46.433121,1.0,1.1464968,12406.28,80,6004,Saudi Arabia,1.0,0.6879320591239189,True,1.3463496013839422,-0.7557827047611058,1.4550577032374536,2.6495843609972165,7.020297286041028,0.5478384833142733,11.814538408419477,254,-0.0550860539859501,0.1978953698438621,False,0.7557827047611058,-0.1437835337416358,-0.8830793581015342,0.0132824416415423,8.674667946177666e-06,3.222433680722576,0.5041145053872891,8.09280164072369e-10,-0.2400833001359714,2.128167960978682,0.7016025073330078,2.082835788507981,0.7275288516187269,2.862890982087847,0.6795854708016325,121.2156667430342,0.2772422352574933,4,-0.0070425929691311,0.8948500698886778,0.1278471130084457,-0.048043461016819
9144,28.0,44.8580442,44.8580442,1.0,1.1356467,12407.1,80,6004,Saudi Arabia,1.0,1.0,True,1.6047757475172115,0.1004417929131829,1.5569044613261949,8.253572746686041,68.12146308483857,0.6272144129754869,107.60953076902734,254,-1.1212223511789017,1.552657084783165e-65,True,0.1004417929131829,-1.178620059200099,-1.510110586471528,7.970235275681815e-34,1.6041395416254973e-17,1.735526257730775,0.3979679065508181,1.9023687381547312e-05,-1.2208574748501644,1.1464681784140511,0.7040524473726784,1.5806582917372738,0.778452230663098,2.0305141786167717,0.4598864889709684,141.2446091300808,0.3007343837290689,4,-1.0701078477104655,2.8068105665092527e-56,0.9544118047462292,-0.0511145034684357
9155,31.0,37.98701299999999,37.987013,1.0,1.1688312,12393.06,80,6005,Saudi Arabia,1.0,0.8554131293517118,True,1.3514928088451477,0.4488660476985388,1.6367150084546618,11.357935439824931,129.0026974552312,0.6931675653889241,185.1060786692321,254,-1.5515487982602334,2.7970686570113726e-48,True,0.4488660476985388,-1.517326041294287,-2.2662681955665,1.2127561503205067e-34,2.8171016888397922e-22,1.0899604102910097,0.4847782639181041,0.0254349696021339,-1.614122521816637,1.546761911794979,0.7344604395875098,1.874240499596356,0.8183575042273313,2.290246609720965,0.595039858783812,98.217326052053,0.1685012072260059,4,-1.55012450385268,2.2702917255407587e-47,0.9990820176528444,-0.0014242944075535
9156,31.0,39.15584419999999,39.1558442,1.0,1.1688312,12393.06,80,6005,Saudi Arabia,1.0,1.0,True,1.3457972411397896,0.2236273721073909,1.5275614114455496,9.815547957664148,96.34498170920484,0.6037949288320834,158.56573516701158,254,-1.3295653773826135,1.974960781338848e-33,True,0.2236273721073909,-1.2869282619110287,-2.19172651259236,2.350984111852404e-25,2.7458614654130275e-22,1.3042381419176583,0.5175300257389731,0.0123628315896773,-1.4044406078712923,1.4816694413875957,0.6840807001360267,2.006001485312846,0.7637807057227746,2.6264102644679186,0.6663772808629201,101.81310066055934,0.2835218383242845,6,-1.3268267876106996,2.5031257845984704e-33,0.9979402368484466,-0.0027385897719138
9158,30.0,37.6205788,37.6205788,1.0,1.1575563,12401.62,80,6005,Saudi Arabia,1.0,0.7218312763440606,True,1.3348564881414078,0.7462067658282524,1.6584703378427317,13.562153639797565,183.93201134947435,0.7117172963074303,257.4340893550856,254,-1.868609862441684,5.970060827019593e-82,True,0.7462067658282524,-1.8378918648345248,-2.340841564418102,7.81511536747192e-48,7.535261456321296e-26,0.5938835695250306,0.4379293927919335,0.1763002979719407,-1.9027042258270712,0.927820888978459,0.7518873152418887,1.6822779235027567,0.8292351689213654,2.028710294199164,0.4613604401579252,87.24386455777415,0.2028128697638503,4,-1.8677249506004137,1.203376650873335e-80,0.999526433067139,-0.0008849118412703
9159,30.0,38.77813499999999,38.778135,1.0,1.1575563,12401.62,80,6005,Saudi Arabia,1.0,1.0,True,1.3700115138210889,0.6425106834718392,1.5839427024213018,12.99974209939394,168.99329465075522,0.6491888290490073,259.31454499658054,254,-1.7872176434787246,9.361682930039724e-66,True,0.6425106834718392,-1.7507487033113227,-2.3681033855907665,4.698395587294008e-41,3.5328684532823927e-25,0.7604633751095258,0.4531896329278152,0.0946070706852307,-1.830875215404816,1.3035694350646534,0.6947721076440492,1.7443124032454689,0.7919713512106505,2.2024943207592265,0.5279504324536002,107.2946984699835,0.3346374969175401,6,-1.7857857784888918,3.6630962487681823e-67,0.9991988300948922,-0.0014318649898328
9160,29.0,37.2611465,37.2611465,1.0,1.1464968,12406.28,80,6005,Saudi Arabia,1.0,1.0,True,1.3837977967957849,0.6054096664347705,1.6876101331844595,12.59007414013128,158.5099668540024,0.736947164511612,214.09000168153136,254,-1.733814277367227,1.331411826734307e-110,True,0.6054096664347705,-1.7182896457841617,-1.927378179430874,2.806713420867451e-52,1.1212211014900201e-23,0.1943972007935484,0.4046512355105551,0.6313633670922056,-1.7449744595057175,0.5549158171158888,0.7859313086173342,1.5494106248646176,0.8438050665922306,1.8362186791814692,0.3406152566745674,66.09416051812588,0.2278478467216367,6,-1.732400785228628,1.8897283843258122e-107,0.9991847499717528,-0.0014134921385988
9161,29.0,38.40764329999999,38.4076433,1.0,1.1464968,12406.28,80,6005,Saudi Arabia,1.0,1.0,True,1.344747957554592,0.6663206856953455,1.610440857800976,13.344987735040249,178.08869764837465,0.6710913854747165,264.37175339003693,254,-1.8399366579852348,2.511382118020276e-101,True,0.6663206856953455,-1.8232230431035288,-2.1199458869461862,7.587259075390397e-48,8.53862935680021e-26,0.3765387530978858,0.4084534247285515,0.3574987635505426,-1.861553435642624,0.77391765054573,0.7300326599828089,1.5659260121566438,0.8052204289004886,1.9447171928994431,0.3870617683464753,97.06986873257904,0.2953689669143008,4,-1.838584390756772,6.328161455254502e-102,0.999265046857676,-0.0013522672284631
9167,29.0,36.1146497,36.1146497,1.0,1.1464968,12406.28,80,6006,Saudi Arabia,1.0,0.8179233516955893,True,1.4856543272187694,0.4467786365649754,1.765921886237042,10.858855847725636,117.91475032168526,0.8069285499845106,145.12787008707116,254,-1.4879308840191556,3.2504902547349517e-102,True,0.4467786365649754,-1.473098931005285,-1.6441973141015434,1.3577822489813659e-49,1.8663058198784443e-18,0.1209938154188922,0.4149798323532515,0.7708635460532538,-1.4948770386561243,0.809853519571083,0.8055448968914286,1.588490313064329,0.8829609431185211,1.7990493525726694,0.3379078977138191,48.24633994564525,0.1741529758997669,4,-1.4887048937940734,1.8663933211395203e-100,1.0005201920218412,0.0007740097749178
9168,28.0,35.7728707,35.7728707,1.0,1.1356467,12407.1,80,6006,Saudi Arabia,0.9159738422376812,0.9159738422376812,True,1.330648761776196,0.0402636205085881,1.5503703562101914,7.404168565673353,54.82171214890539,0.6219608023028294,87.14335557148664,254,-0.9965850353131352,8.06451337190093e-88,True,0.0402636205085881,-1.018464579476308,-1.094685665558386,6.915543622191928e-38,1.7250253127281056e-16,0.5408581637959021,0.375154263968677,0.1506549854968422,-1.0276352541147082,1.2939358989335077,0.7742612253367526,1.4418244147995616,0.7751851781050954,1.8599741784589268,0.3331313411063956,125.94399760797388,0.1637597821271519,6,-1.0026421066538544,9.822522171745006e-87,1.0060778269049726,0.0060570713407193
9169,28.0,36.9085174,36.9085174,1.0,1.1356467,12407.1,80,6006,Saudi Arabia,1.0,1.0,True,1.3029247203850696,0.1293924695928581,1.5813013199047152,8.876563448103617,78.79337864820917,0.6470254600622339,120.77786425997895,254,-1.210261528190575,6.760314325781029e-103,True,0.1293924695928581,-1.2189559752156598,-1.281046781587365,2.1267543383614666e-42,2.485286709007005e-20,0.2794981710812407,0.372519837594166,0.4537937446417102,-1.226307286482922,0.9521604316888672,0.8037424337450672,1.427337241838583,0.7906506599523577,1.8052691462049624,0.3127218016577819,51.49455422202966,0.2616584398038624,4,-1.2096908423351185,2.604025492443379e-94,0.9995284607151728,-0.0005706858554568
9170,27.0,36.5625,36.5625,1.0,1.125,12404.16,80,6006,Saudi Arabia,0.9424047402999746,0.9424047402999746,True,1.2244144340786307,-0.3919362521219049,1.4451995482361732,4.544503823786267,20.65251500440801,0.5404403139882592,37.21423840867777,254,-0.5806261952107281,3.993707212834859e-64,True,0.3919362521219049,-0.6450929052416547,-0.5617766668445406,1.4544086773785103e-24,1.6602409306846115e-10,0.9102712799070156,0.3554176702537157,0.0110283368697422,-0.6328841147575754,1.3395447576637018,0.802595887758936,1.3782031796937757,0.7225997741180867,1.907284265866032,0.3281915950106361,46.44779450636027,0.2523403047970362,4,-0.5956783653679616,5.787026905426361e-56,1.025924028714844,0.0150521701572334
9171,27.0,37.6875,37.6875,1.0,1.125,12404.16,80,6006,Saudi Arabia,1.0,1.0,True,1.340315147413446,-0.3266586524206122,1.509030226937166,5.614933950214644,31.52748326527302,0.5892342482328347,52.50585672816323,254,-0.7494548618533039,1.1023402043314688e-80,True,0.3266586524206122,-0.7824017763276314,-0.7239732674140036,6.753784701014855e-28,1.8447019049645806e-13,0.4209356807701978,0.3606995980801263,0.2443366175481588,-0.773620430322445,0.6211765280991047,0.8106541011131543,1.3842754329133529,0.7545151134685827,1.8346556725016387,0.3041609468285085,55.86528348158026,0.252376519434486,6,-0.7546393398282243,1.977120458295082e-75,1.0069176654109626,0.0051844779749203
9172,26.0,37.3374613,37.3374613,1.0,1.1145511,12397.52,80,6006,Saudi Arabia,0.9689842980811154,0.9689842980811154,True,1.3584493688325443,-0.7839220849030158,1.5067988011584452,2.214921033658345,4.905875185342151,0.5874929174941509,7.350526515736242,254,-0.1622304756513587,1.4512192895658704e-13,True,0.7839220849030158,-0.2511015856227571,0.0466439239746581,1.827965799449021e-07,0.5776932281441342,0.8556213324633669,0.3817654348009112,0.0259005413345939,-0.2113509870213368,1.4254774164138038,0.8277866499380977,1.475880318188504,0.7533994005792221,1.9589613650526276,0.3711034597799849,38.68702180108812,0.2680809900394138,4,-0.1747957886599515,1.0495622620574889e-15,1.07745346833351,0.0125653130085927
9173,26.0,38.4520124,38.4520124,1.0,1.1145511,12397.52,80,6006,Saudi Arabia,1.0,1.0,True,1.3698713499395414,-0.6320261597706407,1.5784290403090997,3.2598847968175613,10.626848888522272,0.6446770775399234,15.483987501268302,254,-0.3925083475789027,6.693490665579088e-48,True,0.6320261597706407,-0.4446939961739107,-0.2929760251952834,9.15716630862995e-17,0.0004552108354161,0.5626555147491107,0.3712604457030206,0.1309174708024881,-0.4248099342282722,0.8200762212424825,0.8115159839547947,1.427484610986046,0.7892145201545502,1.8087409373898808,0.2960399452536959,53.687743844348006,0.2746087978667926,4,-0.3987774633369297,2.9144853091577246e-48,1.0159719297607213,0.006269115758027
9174,26.0,39.5665635,39.5665635,1.0,1.1145511,12397.52,80,6006,Saudi Arabia,1.0,1.0,True,1.205944400510348,-0.2611619702538055,1.5628098268037864,6.037083847424898,36.44638138083861,0.6319815068716792,56.67001246800544,254,-0.8124282361753191,4.637539280195152e-92,True,0.2611619702538055,-0.849864401765197,-0.7607624728329891,1.578418994981604e-37,1.5515549971921546e-12,0.4571814197812486,0.3553569681242389,0.1994587395780757,-0.838674642472661,0.8533014612492553,0.7368476366429016,1.3645767860958786,0.7814049134018938,1.7463120114706097,0.271883423264591,64.32678437546807,0.2899044155926908,4,-0.8148926870974332,3.166693492476891e-91,1.0030334382932282,0.0024644509221141
9175,25.0,38.09815950000001,38.0981595,1.0,1.1042945,12387.25,80,6006,Saudi Arabia,1.0,1.0,True,1.334728059214479,-0.8975803679202263,1.6195208800627758,1.9739819928636169,3.896604908149816,0.6786802429124075,4.741444441388761,254,0.0428507480745157,0.0234928224125485,False,0.8975803679202263,-0.055313145448477,0.23290270313341,0.1545229030921273,0.0113223514576205,1.058574029171952,0.3841938998488583,0.006300346021435,-0.0179211093617656,1.5727851638574712,0.7892517399606578,1.4928184806030185,0.8097604400313877,1.8435310084364636,0.334834966779845,53.13872300476457,0.3038322481409495,4,0.0392769428029666,0.0246983163174913,0.916598765899388,0.003573805271549
9176,25.0,39.20245399999999,39.202454,1.0,1.1042945,12387.25,80,6006,Saudi Arabia,1.0,1.0,True,1.2831636163122515,-0.6646649817150889,1.6457000299003746,2.49814704168942,6.240738641901599,0.7007989741285386,7.905176623099536,254,-0.2604329916869979,2.519591622536274e-32,True,0.6646649817150889,-0.3151910565642771,-0.1991576241520771,2.1486980488592034e-13,0.0309912267665794,0.6904796478795859,0.3700153773148725,0.0632148547576109,-0.3000728558506929,0.980746530628887,0.7290688736446465,1.4260759206674751,0.8228500149501876,1.7330933885366762,0.2743343772905077,59.72784778646505,0.335753382921123,6,-0.2610104977123356,1.694837981978752e-33,1.002217484127479,0.0005775060253376
9177,25.0,40.3067485,40.3067485,1.0,1.1042945,12387.25,80,6006,Saudi Arabia,1.0,1.0,True,1.2024344023962452,-0.2578120731547767,1.630116014827946,5.363006911170474,28.76184312926226,0.6875893345352824,40.82997275357883,254,-0.7159415267671093,3.3967816194296296e-86,True,0.2578120731547767,-0.7460775044819277,-0.7069306656915678,3.384157894700909e-38,1.4840640679285607e-09,0.4381758581498864,0.3543450675245669,0.2174177349599622,-0.7410968395271754,0.8490546957322931,0.6774125867089383,1.3603461151802354,0.8150580074139732,1.669017545752798,0.2655560373742004,74.70886843133485,0.3301022994474601,4,-0.7149193384723953,8.46052988942523e-86,0.9985722461171798,-0.001022188294714
9178,24.0,38.84498479999999,38.8449848,1.0,1.0942249,12373.42,80,6006,Saudi Arabia,0.9347769803720152,0.9347769803720152,True,1.3438077063913905,-0.7918794725108527,1.7171306327607196,1.872897394763964,3.5077446513136428,0.7629547393483079,3.5975789524682007,254,0.0425920877438419,0.0164949349386968,False,0.7918794725108527,-0.0276804422072399,0.1410897425213181,0.4408923347384473,0.179568934239162,0.8251705916978815,0.3856423823748696,0.0333568737427471,-0.0047802718430469,1.3592562657217997,0.7032973306409093,1.4895526248911697,0.8585653163803599,1.7349322136270302,0.2802562331704183,62.277870092851416,0.3997523924268835,4,0.0465606528449511,0.0066443741565883,1.093176111135407,-0.0039685651011092
9179,24.0,39.93920969999999,39.9392097,1.0,1.0942249,12373.42,80,6006,Saudi Arabia,1.0,1.0,True,1.2811491598525984,-0.5780429075782497,1.6826508227393258,2.281352304244744,5.2045683360828034,0.7326222559710145,6.104027066697135,254,-0.2340417397002453,1.9304480623101557e-29,True,0.5780429075782497,-0.2663625386373456,-0.2118640781500652,2.1789407524116645e-11,0.0314101200528709,0.4216804225262213,0.3674767410977136,0.2522843023247758,-0.258250063176195,0.6577252845504448,0.6378918260333079,1.4101563074605012,0.8413254113696632,1.6761128196101804,0.263197551741733,69.00747444325438,0.3618639157981939,4,-0.2340233828797774,1.1206933812486639e-29,0.9999215660399235,-1.835682046785747e-05
9180,24.0,41.03343469999999,41.0334347,1.0,1.0942249,12373.42,80,6006,Saudi Arabia,1.0,1.0,True,1.1187283259533352,-0.2887388935859324,1.5731887428769429,4.293025268554493,18.430065956447383,0.6404035984495575,27.77882947732852,254,-0.5676506591824592,5.70870015137396e-78,True,0.2887388935859324,-0.5937643727232311,-0.5528094126191658,2.687000518636021e-34,1.2381657832581504e-07,0.3510058083798529,0.3305046629692713,0.2892594228124774,-0.5878016116508965,0.4242090756351734,0.5979967879524732,1.2677971690623415,0.786594371438471,1.611754692248661,0.25979865239259,95.5659724837945,0.3443952030389379,4,-0.5673015433066682,6.578516922895595e-78,0.999384981114452,-0.000349115875791
9181,23.0,39.6978852,39.6978852,1.0,1.0876133,12393.41,80,6006,Saudi Arabia,1.0,1.0,True,1.301170133457248,-0.6303590123541654,1.6478134501602015,1.6025101875573289,2.568038901225025,0.7026000724232735,2.6550507209141574,254,-0.0295064530635215,0.079749195458789,False,0.6303590123541654,-0.069252535586523,0.0740556174395996,0.0557257323373377,0.4330724263700097,0.3282194626482921,0.3677100715481047,0.3729380882264734,-0.0483492603138349,0.8339469544201876,0.6009001741853742,1.4095734184396815,0.8239067250801008,1.7108410157747431,0.2863854254157336,76.9914360716939,0.2958167435965116,6,-0.027202779316365,0.0969347086129906,0.921926442931074,-0.0023036737471564
9182,22.0,39.45945950000001,39.4594595,1.0,1.0810811,12409.39,80,6006,Saudi Arabia,0.8807434170275278,0.8807434170275278,True,1.2448673077870722,-0.5315513465334387,1.541943194850573,1.6431299296646975,2.6998759657599143,0.6152177436602241,3.388488455643466,254,-0.000195466611542,0.991239278489143,False,0.5315513465334387,-0.0724038758602094,0.2451929959238147,0.0368639392748832,0.0105231627127279,0.4844143644448187,0.3624966562628839,0.1826718913312878,-0.0280052936853794,1.0977596988221925,0.5502435794254296,1.392358770523985,0.7709715974252862,1.8059793320193185,0.3521120032026569,67.75323162670247,0.3809441315246108,4,0.023323780593144,0.1676811556685721,-119.3236042162759,-0.023519247204686
9183,21.0,40.17857140000001,40.1785714,1.0,1.0714286,12384.43,80,6006,Saudi Arabia,1.0,1.0,True,1.1369976712007197,-0.4187660677185026,1.4192954914092295,1.6373634999873787,2.6809592310909185,0.5212400163080751,4.143425575956465,254,-0.0935800627124532,3.862881694896272e-06,True,0.4187660677185026,-0.1666143438403008,0.2270051382664938,3.639800008245728e-06,0.0213896413699595,0.3410796819760844,0.3558890849943617,0.338804501558564,-0.1131611644930029,0.6993434045405091,0.4829753243398951,1.364594204138874,0.7096477457046148,1.92291769035912,0.4298322004503746,106.81415930390358,0.3048740435810956,4,-0.0785756661643029,3.3457439784472403e-06,0.8396624653452646,-0.0150043965481502
9184,20.0,41.0059172,41.0059172,1.0,1.0650888,12392.71,80,6006,Saudi Arabia,0.8928382694622269,0.8928382694622269,True,1.2036781174986004,-0.2517705013738105,1.4976967987847865,2.197400230184159,4.828567771613395,0.5804167090067279,7.319139846743152,254,-0.2251614726805335,3.4324700477467154e-21,True,0.2517705013738105,-0.2720892517708814,0.0901135391719625,1.0349778316460459e-12,0.3844374988625078,-0.0170835852192281,0.3695321686193995,0.9631640428805418,-0.224180718215722,0.5095252490419029,0.3949223485740802,1.4142851664577265,0.7488483993923926,1.8886134598207889,0.3925099283540973,151.79108462606865,0.2440318592348724,4,-0.203009467282884,2.181306443436042e-22,0.9016172476848228,-0.0221520053976494
9185,19.0,41.823529399999984,41.8235294,1.0,1.0588235,12397.11,80,6006,Saudi Arabia,0.993938657808946,0.993938657808946,True,1.2705312253334853,-0.057724273522777,1.6623015720570191,2.9523299042034914,8.716251863254197,0.715009372306494,11.19040225324195,254,-0.3493503049709097,3.807050991326358e-45,True,0.057724273522777,-0.3780881009462353,-0.2432474532931595,6.173962353046937e-23,0.028269841323033,0.1792651308999313,0.3755851253534923,0.6335736898069523,-0.3596417675215905,0.7269692861923464,0.3721999818020587,1.4381077480770457,0.8311507860285093,1.7302609493383996,0.266190158547982,216.82092597708103,0.2008800299002748,4,-0.3422507843405626,4.8103990589043005e-45,0.9796779320661012,-0.007099520630347
9186,18.0,42.6315789,42.6315789,1.0,1.0526316,12397.67,80,6006,Saudi Arabia,0.9926604089178253,0.9926604089178253,True,1.2145237488209233,0.0391775431919728,1.7592132176708306,3.0369750441201444,9.223217418608552,0.800809215305249,10.51737173140907,254,-0.3399681761219131,3.1463686255935393e-41,True,0.0391775431919728,-0.424359155631311,-0.392983120277835,1.0983579600545968e-29,0.0017929484763692,1.326926331437363,0.3888881506266365,0.000753071098364,-0.4161459167619679,1.262765934200731,0.4338557715359895,1.5230318633181557,0.8796066088354153,1.7314920647704373,0.2669581202866107,209.58970906833804,0.2788796569071921,4,-0.3290466212403853,1.3960975625646988e-38,0.9678747728504704,-0.0109215548815277
9187,17.0,43.43023260000001,43.4302326,1.0,1.0465116,12394.45,80,6006,Yemen,1.0,1.0,True,0.9487476626934356,0.037270684068219,1.6018916321140289,2.5942810141827124,6.730293980548882,0.6639851535796365,9.136211546696382,254,-0.2141556917024323,6.672833696656964e-16,True,0.037270684068219,-0.4021109840963155,-0.1138972898577894,1.5700280863274054e-27,0.3779918627025382,2.525301314941045,0.3911047787639567,5.625609295839696e-10,-0.35913114666924,1.7899909166267882,0.4614261936066414,1.6182438677151538,0.8009458160570146,2.020416157089908,0.4147209886052828,218.08610053112108,0.2996048771173756,4,-0.1871377006867685,5.479720933693468e-16,0.8738394912557119,-0.0270179910156637
9188,16.0,43.179190800000015,43.1791908,1.0,1.0404624,12387.47,80,6006,Yemen,0.8765676775022032,0.8765676775022032,True,0.9132258193802292,0.0200276578266365,1.5448616737560044,2.4885666169358296,6.19296380692744,0.6175488272041578,9.028298223745283,254,-0.0618427272805909,0.0325629547749917,True,0.0200276578266365,-0.3222312999323308,0.3053678110003184,1.175613171056291e-18,0.0141003951726703,3.030902316570163,0.4215968611512725,7.720700635881903e-12,-0.235844316597852,2.317766557198236,0.5929333375470998,1.7743411502803688,0.7724308368780022,2.297087409730909,0.5324942991681304,230.70214577019212,0.3698881641489935,4,-0.0318832909542533,0.0847485275907271,0.5155544128834003,-0.0299594363263376
9189,16.0,44.21965320000001,44.2196532,1.0,1.0404624,12387.47,80,6006,Yemen,1.0,1.0,True,0.9263303882191012,0.0700189457868463,1.5825243982835635,2.448400290259092,5.994663981340803,0.6480267479076596,8.250642817902653,254,-0.1389401653518985,4.600417635028204e-07,True,0.0700189457868463,-0.3809738586727907,0.1218604166794605,2.065899542131139e-23,0.2828086535034266,3.0076079787883327,0.4052576627257099,1.864428925940084e-12,-0.3116044460485645,1.99198519730213,0.3462575149016598,1.7152417154708028,0.7912621991417822,2.1677286205902244,0.4758554207006881,222.9280260919283,0.4237010866155757,6,-0.1170035482477497,2.349477918626432e-09,0.8421146466279991,-0.0219366171041487
9190,16.0,45.260115600000006,45.2601156,1.0,1.0404624,12387.47,80,6006,Yemen,1.0,1.0,True,0.8176671447444056,0.0787740881436084,1.5157596576876764,2.18801178954646,4.787395591194303,0.5945012764342659,7.05279278777738,254,-0.1554071839774974,5.216710032518131e-10,True,0.0787740881436084,-0.3701361841769798,0.012043994078101,1.487921510990309e-22,0.9045042299469394,2.8132287083441363,0.3801855239928925,2.133445641512136e-12,-0.3169123119021616,1.365927590326519,0.1299107875599772,1.6082618263497217,0.7578798288438384,2.122053873373512,0.4289135477345691,149.66927332182723,0.4572525961400314,4,-0.1398535706121355,5.801777848914756e-13,0.8999170246362996,-0.0155536133653619
9191,16.0,46.300578,46.300578,1.0,1.0404624,12387.47,80,6006,Yemen,1.0,1.0,True,0.7945992020003569,0.0586671242125186,1.4747498642325438,1.866526016826944,3.4839193714918566,0.5627672722330944,5.190692926522637,254,-0.1322327421142832,4.48458629274942e-09,True,0.0586671242125186,-0.3302627140745275,-0.0163210851701126,4.1536285556550925e-19,0.8532839354621142,2.6903799033756046,0.3652999987561491,2.642496964296536e-12,-0.2866852219897555,0.6185657111420472,0.1089776448820392,1.5439780019292704,0.7373749321162719,2.0938845825664854,0.393280760694856,104.2412313322226,0.3292037894709066,4,-0.1182663742751934,1.753393314379347e-10,0.8943804112674365,-0.0139663678390897
9192,16.0,47.34104049999999,47.3410405,1.0,1.0404624,12387.47,80,6006,Yemen,1.0,1.0,True,0.7951612494258714,0.0520293227325001,1.4334702874008414,1.7104013771263735,2.925472870875796,0.5317034695185023,4.502075947567228,254,-0.1073906199933401,3.574064237722864e-07,True,0.0520293227325001,-0.3054288496915945,0.0310431714615992,3.2471633825658374e-18,0.6868119032489957,2.665741699131541,0.352677771167953,7.959619127119762e-13,-0.2604286409887114,0.3952635904840669,0.2018243151682701,1.497764649932002,0.7167351437004209,2.089704492791041,0.3823622650362556,92.75229025011262,0.2651861835393957,4,-0.0935659381293761,2.310148179849689e-08,0.8712673242335198,-0.0138246818639639
9193,16.0,48.38150289999999,48.3815029,1.0,1.0404624,12387.47,80,6006,Yemen,1.0,1.0,True,0.9435445504711802,0.076583883863892,1.4433597352984386,1.7799606985813774,3.1682600884943053,0.5390651735382019,4.877322899008946,254,-0.1057875911888103,1.3129939759531516e-06,True,0.076583883863892,-0.3124519194755175,0.1342289961176173,3.138647871485364e-19,0.0832604803263116,2.5959019776363874,0.3660114547765655,1.3831729395320116e-11,-0.2548161716716339,0.6586559078737045,0.2416369147902812,1.536838174186907,0.7216798676492194,2.129528954705308,0.3945492256134124,80.39385880964497,0.2186201413604458,4,-0.0904496149043108,1.018865879955732e-09,0.8550115744943647,-0.0153379762844994
9194,16.0,49.42196530000001,49.4219653,1.0,1.0404624,12387.47,80,6006,Yemen,1.0,1.0,True,0.999062770151085,0.1142789886680011,1.4338626261706109,1.890566717450931,3.5742425131331883,0.5319945623088961,5.718569636540474,254,-0.1253814914061038,9.246975358024676e-08,True,0.1142789886680011,-0.3258761520920787,0.1842805495557606,1.5394977434258265e-18,0.0242722232002803,2.3688584932766483,0.3765564506463042,1.425521916917313e-09,-0.2613756936753042,0.8334438407217538,0.235105769363395,1.5523277608097283,0.7169313130853056,2.1652391693275383,0.4288311411232389,78.57943474625547,0.154087728773118,4,-0.096999056656553,3.9164680471653665e-10,0.7736313834581721,-0.0283824347495508
9195,16.0,50.462427700000006,50.4624277,1.0,1.0404624,12387.47,80,6006,Yemen,1.0,1.0,True,1.1231092847257644,0.116964280230961,1.5377806775612228,1.996155775624427,3.9846378805587577,0.6119006332046462,5.5119035090557285,254,-0.1123020766822988,8.285629404069387e-06,True,0.116964280230961,-0.3155267573155882,0.2592636343129086,4.731514658397945e-15,0.0040150899481336,2.288299142031723,0.4055921301221675,4.5949867238100755e-08,-0.2436714333817984,1.1010359556228346,0.2317291527684583,1.649279326415299,0.768890338780611,2.14501242014681,0.4529762605111378,87.80644758604467,0.0985524215767864,4,-0.0658567428788018,0.0001963531251379,0.5864249782763119,-0.046445333803497
9196,15.0,43.9655172,43.9655172,1.0,1.0344828,12376.79,80,6006,Yemen,1.0,1.0,True,1.0073928117483224,0.1385064348537365,1.6456019284555057,2.590498718949164,6.710683612877259,0.7007154262868013,8.576902921116211,254,-0.0817560010087997,0.006372536463449,True,0.1385064348537365,-0.3525493099468484,0.297333706506852,1.4633107492980765e-19,0.0176393696307337,3.1900802501925574,0.4378786851156527,4.301475048537532e-12,-0.2648958635337163,2.3877831609548075,0.4817488794967687,1.847156056812134,0.8228009642277528,2.244960977343772,0.5221355726382212,264.46240650489926,0.3497014296994967,4,-0.0632860791309217,0.0008733160915912,0.7740848176283721,-0.0184699218778779
9197,15.0,45.0,45.0,1.0,1.0344828,12376.79,80,6006,Yemen,1.0,1.0,True,0.946627570275712,0.1772677727162326,1.5861035028416646,2.545646441828659,6.480315806794914,0.6509612723501091,8.954994378389962,254,-0.1579005577813035,2.1655155948049833e-08,True,0.1772677727162326,-0.3988508730722723,0.1063435451385672,3.383415901878557e-23,0.3481431640909147,3.001584571112126,0.4123954703912717,4.486297761174551e-12,-0.3302190396368004,2.0743140154474835,0.1956491332908652,1.7393661428934122,0.7930517514208321,2.193256795382095,0.4699415938675943,177.1263413876295,0.4017006797827469,4,-0.1481084767542503,9.895802769298378e-14,0.9379857730419452,-0.0097920810270532
9198,15.0,46.034482800000006,46.0344828,1.0,1.0344828,12376.79,80,6006,Yemen,1.0,1.0,True,0.9284997639461792,0.1578618687413194,1.5467358307062375,2.313391226790947,5.351778968193324,0.6190481012027808,7.6451746767255635,254,-0.15958987769721,3.870629801534296e-10,True,0.1578618687413194,-0.3751199118882105,0.0293272404373454,1.3925391442611943e-20,0.7706095179029521,2.7959870254924013,0.3997012696290138,2.473379466879537e-11,-0.3201051749030468,1.5777679724124312,0.0687767972686062,1.674427668637315,0.7733679153531187,2.1651113724737,0.413674249597329,124.37982375423115,0.2609272961640564,4,-0.1544444932535361,5.0762462731439526e-15,0.9677587042617066,-0.0051453844436738
9199,15.0,47.06896549999999,47.0689655,1.0,1.0344828,12376.79,80,6006,Yemen,1.0,1.0,True,0.9365686441328358,0.1262550346535064,1.554319873099623,2.0978176474908534,4.4008388821240585,0.6251336874640592,6.03983639079933,254,-0.1290066058132228,1.9448875935565358e-08,True,0.1262550346535064,-0.3342393576803534,0.083635419822629,1.2545896931050046e-18,0.3353099659780472,2.609285748794685,0.3922892392951904,1.8531024524403595e-10,-0.2788035375028372,1.3313470994262022,0.2225810637171126,1.6302997218758382,0.7771599365498112,2.0977660391418618,0.3723858425309354,106.00642401725054,0.1502876368072125,4,-0.1175640038694937,1.6442934425778167e-10,0.911302201374898,-0.0114426019437291
9200,15.0,48.1034483,48.1034483,1.0,1.0344828,12376.79,80,6006,Yemen,1.0,1.0,True,1.032956966731148,0.114735151613679,1.587818850212367,2.103105675630155,4.423053482867772,0.6523700436080602,5.779976374152941,254,-0.1041312235565907,5.238889381541463e-06,True,0.114735151613679,-0.3096488071986305,0.1751781004124905,8.5991519095194e-17,0.0505601830023988,2.492581496613393,0.4023714428659004,2.4239615028579128e-09,-0.2472282608785747,1.488826707103597,0.3124828422164166,1.6552714588132147,0.7939094251061835,2.0849625995960763,0.376814069034571,97.81559045116109,0.149238882324848,4,-0.1037446208422012,8.611427168520007e-11,0.9962873506986176,-0.0003866027143894
9201,15.0,49.13793100000001,49.137931,1.0,1.0344828,12376.79,80,6006,Yemen,0.924391737257424,0.924391737257424,True,1.108034419571233,0.1250945073798956,1.594077502037598,2.1915478241397555,4.802881865491696,0.6575230291520333,6.3045074507666685,254,-0.103775913178032,1.712334738165751e-05,True,0.1250945073798956,-0.3024546340238581,0.259865144590476,2.1274525954574555e-15,0.0075238533404193,2.223551123067216,0.4157288264227669,2.019875642989503e-07,-0.2314281397861475,1.6760588049970735,0.3358043463738933,1.680698167690892,0.7970387510187988,2.10867811074753,0.4108749371938686,64.6383494666467,0.1866632990159501,4,-0.0944775260610387,8.048026577997431e-09,0.9103993707957884,-0.0092983871169933
9202,15.0,50.172413800000015,50.1724138,1.0,1.0344828,12376.79,80,6006,Yemen,0.6045121469977995,0.6045121469977995,True,1.2206165508204183,0.124213632568717,1.6812013299241038,2.261499376940216,5.114379431900984,0.7313605880238747,5.992965598159945,254,-0.088982308152048,0.0004074857575786,True,0.124213632568717,-0.2770598904433827,0.3329331059557032,1.745061174213659e-11,0.0011540171849149,1.9501600461690525,0.4410504013168131,1.4686906298517289e-05,-0.2009393796819658,1.7965212915717508,0.3168992734253046,1.753527494130672,0.8406006649620518,2.086041050431281,0.4223420036393164,62.09694291775426,0.1651828247058594,4,-0.0705777396866467,8.615149644540762e-05,0.7931659804334077,-0.0184045684654012
9204,14.0,43.8395415,43.8395415,1.0,1.0315186,12397.86,80,6006,Yemen,1.0,1.0,True,1.0356037722286702,0.2079109235922349,1.6746364374105225,2.6469032157225123,7.006096633402176,0.7256599865526752,8.654792551929702,254,-0.0127112224106338,0.6814888540484557,False,0.2079109235922349,-0.2813620489628511,0.3511595189350417,2.724247718409918e-12,0.0152604455453185,3.192212156303753,0.4521266360355326,1.6754148981856318e-11,-0.1959734758980029,2.537180522198468,0.6523197462940361,1.8969804024887909,0.8373182187052608,2.26554296814666,0.5442952486839081,301.5291496614615,0.2110376863492433,4,0.0189973655063656,0.3682959772976083,-1.4945348993715202,-0.0317085879169994
9205,14.0,44.87106019999999,44.8710602,1.0,1.0315186,12397.86,80,6006,Yemen,1.0,1.0,True,1.0221603499038334,0.2701907799652248,1.6280970807802642,2.810360866582015,7.898128200415612,0.68588720063889,10.515199865311184,254,-0.150576123782586,5.192718271507076e-07,True,0.2701907799652248,-0.3960821856550178,0.1196664356523067,8.951708350847567e-21,0.3660555226433007,3.0610466529400435,0.4318207587373098,1.4143179292888264e-11,-0.3263082744606,2.614964590384825,0.2997157156088242,1.813003144458205,0.8140485403901325,2.227143781363853,0.4954722442076513,185.35552955543,0.2388220598172327,4,-0.1268262582660802,1.4508307582633131e-09,0.8422733636655587,-0.0237498655165057
9206,14.0,45.902578800000015,45.9025788,1.0,1.0315186,12397.86,80,6006,Yemen,1.0,1.0,True,1.023361696163454,0.2609498465698504,1.6050225072085016,2.812841607906736,7.912077911171348,0.6665831896577625,10.869603125205678,254,-0.1881239723439729,1.779665231628424e-11,True,0.2609498465698504,-0.4142599074825535,0.0263725019773148,1.2594170648262098e-22,0.8193282420080789,2.904482833987493,0.4205335848743459,4.1805909122788835e-11,-0.3548679239703749,2.4628751510067035,0.0460191595644677,1.7580312082164296,0.8025112536042507,2.190662374291617,0.431711578048281,124.7942800043772,0.1907475168411378,4,-0.177424104198508,3.763445304376325e-18,0.9431233137800172,-0.0106998681454648
9207,14.0,46.93409739999999,46.9340974,1.0,1.0315186,12397.86,80,6006,Yemen,0.9489477478701848,0.9489477478701848,True,0.9712711705934912,0.2134168670366646,1.5734496509765432,2.6274013724085115,6.903237971734129,0.6406160336604919,9.775936924789251,254,-0.1622732762845173,1.0053363365698528e-10,True,0.2134168670366646,-0.3707400022581006,0.0553268818481349,4.045712913611444e-20,0.5840439391519716,2.6555095396181847,0.4106431096099936,5.320368011826531e-10,-0.3147238774848864,2.314738616393064,0.2444304446884257,1.6994613570574717,0.7867248254882723,2.1601725304686035,0.3880309686563213,98.93872179090975,0.150970816479123,4,-0.1738153758949017,8.558412543385751e-21,1.0711275440704564,0.0115420996103843
9208,14.0,47.96561600000001,47.965616,1.0,1.0315186,12397.86,80,6006,(offshore/unassigned),0.5507096361996883,0.5507096361996883,True,1.1028183103100695,0.1682937490005119,1.647667828721762,2.551392110604064,6.50960170205266,0.7024758968227808,8.266654886658538,254,-0.11800858161254,6.173996957829661e-07,True,0.1682937490005119,-0.3181547638177449,0.1470756619493376,2.773036115438332e-16,0.149374943954787,2.4520550760477744,0.4204780347319545,1.7111484429406055e-08,-0.2587790307270432,2.37529368301944,0.3981362971002139,1.7164714942241464,0.823833914360881,2.08351642764763,0.3681620941997882,64.20587624112765,0.1661138777966903,4,-0.1169582457158916,7.652765473568445e-12,0.991099495627386,-0.0010503358966483
9210,13.0,43.58974359999999,43.5897436,1.0,1.025641,12379.64,80,6006,Yemen,0.637621380611643,0.6098747622073079,True,1.1441911064016823,0.190477998651491,1.7116583225685684,2.848700840546885,8.115096478932532,0.7580995791407523,9.704525767090349,254,0.1586604853580639,9.736697521591325e-06,False,0.190477998651491,-0.097987806494594,0.4780558747347038,0.0189670737694943,0.0065165802832541,3.104810221812961,0.4664607814747387,1.8039098194749858e-10,-0.0195840955280941,2.3268398499675502,0.881023879093272,1.938753097521544,0.8558291612842845,2.265350592415184,0.5749426980623226,151.1813927379747,0.1952436093442674,4,0.1708242973665514,7.73593306186974e-12,1.0766656674535962,-0.0121638120084874
9211,13.0,44.6153846,44.6153846,1.0,1.025641,12379.64,80,6006,Yemen,0.7512917662400334,0.7512917662400334,True,1.0686524439720535,0.2862386099610697,1.639391102385439,2.753809743021664,7.583468100761041,0.6954361313754525,9.904621946751965,254,-0.0441426771775947,0.1342094546262365,False,0.2862386099610697,-0.2872148997045602,0.2096900707934522,6.380798570746892e-12,0.1613129927001741,3.061899890397903,0.4407344690889005,3.28787973794553e-11,-0.2199238115107142,2.827184238052991,0.4647925802578814,1.8442382495178924,0.81969555119272,2.2499063790627924,0.5241284761878117,118.9585264120251,0.2660394057087553,4,-0.0282478164307935,0.1706440238607306,0.6399207804535053,-0.0158948607468011
9213,31.0,40.3246753,40.3246753,1.0,1.1688312,12393.06,80,6009,Saudi Arabia,1.0,1.0,True,1.3636927842264157,-0.117972634164799,1.45034223261569,7.293911386370415,53.20114331222399,0.544293427563607,96.7434975659463,254,-0.9592392114886285,3.0605574775013137e-19,True,0.117972634164799,-0.9006909446837089,-2.0131856129647785,1.3773852377320738e-15,1.0652702670132026e-18,1.5100972687616143,0.5707166811968466,0.0086687798145858,-1.0459326437881944,1.288372745734977,0.6764562090234455,2.214995145907445,0.725171116307845,3.0544448008146388,0.7366145542309375,101.70549876328246,0.3197744952598966,4,-0.9576276427155698,1.0700534356441236e-19,0.9983199511094238,-0.0016115687730585
9214,31.0,41.4935065,41.4935065,1.0,1.1688312,12393.06,80,6009,Saudi Arabia,1.0,0.850877312726237,True,1.308679786098564,-0.4661436938566575,1.407052875146154,4.802143800694812,23.06058508255161,0.5122865329458007,44.01501327771854,254,-0.5601781629905713,1.555542430282863e-08,True,0.4661436938566575,-0.4814686561855783,-1.858021547067107,3.4820471123489706e-07,9.394832949544049e-14,1.763563845569334,0.6431701191932985,0.0065536736815926,-0.6614229013359412,1.096097028092528,0.6698731777011472,2.4987333254486246,0.7035264375730775,3.551726263576375,0.7970044210981367,92.00085889092102,0.2651584146412282,4,-0.5622504317052356,4.235269353818846e-09,1.0036993029210586,0.0020722687146642
9216,30.0,39.9356913,39.9356913,1.0,1.1575563,12401.62,80,6009,Saudi Arabia,1.0,1.0,True,1.4212479446896655,0.3682149152953963,1.4764719532940511,10.983633958556585,120.64021493555737,0.5640823443340067,212.86986518429904,254,-1.500253237693434,1.6371807283704968e-49,True,0.3682149152953963,-1.460748776760345,-2.18012185889675,9.547211881022109e-33,7.628676908333305e-23,0.9579647199015182,0.4689601916807125,0.0421397178820421,-1.555249198091574,1.5397491111444166,0.6847130402841052,1.809908660172687,0.7382359766470252,2.451666834760701,0.5873783185003082,90.75840510848744,0.4013422461506676,4,-1.50607241741059,5.89828318827256e-54,1.0038787983061466,0.005819179717156
9217,30.0,41.093247599999984,41.0932476,1.0,1.1575563,12401.62,80,6009,Saudi Arabia,1.0,1.0,True,1.421128036902923,-0.0021289541125845,1.4203948399019006,8.1413195041145,66.28108326807516,0.5220478063059276,125.9636275978018,254,-1.089807329521707,2.821767539499251e-29,True,0.0021289541125845,-1.0359024050543184,-1.9626976388075388,2.4769575940133947e-23,2.3289916219249803e-16,1.1749906841962243,0.5125342390518132,0.0227175019925773,-1.1572625706112576,1.5094264111131734,0.6657794635766968,1.9823378776944525,0.71019741995095,2.791249055553262,0.6724437815316138,100.20298920329272,0.3524243307033793,4,-1.1049290856985503,6.3920420823946635e-34,1.0138756234861073,0.0151217561768433
9218,30.0,42.2508039,42.2508039,1.0,1.1575563,12401.62,80,6009,Saudi Arabia,1.0,1.0,True,1.323590910560058,-0.3790902110181895,1.3997103966522708,5.313592922237025,28.234269743247413,0.506953913753433,54.69395753196553,254,-0.6568300645535097,2.1624158492652661e-13,True,0.3790902110181895,-0.5816562961531838,-1.822676909051664,2.755336172920837e-13,9.621101167821368e-13,1.513808878228116,0.5834506503483649,0.0100368924043181,-0.7437365772755511,1.327837850445131,0.6680780359491932,2.2632159415433324,0.6998551983261357,3.233834580290798,0.7504383868679659,99.41426692234626,0.2869609452433383,6,-0.6977649029655172,1.822700901382709e-16,1.0623218098882754,0.0409348384120075
9219,30.0,43.40836010000001,43.4083601,1.0,1.1575563,12401.62,80,6009,Saudi Arabia,1.0,0.6069670875516905,True,1.2044262542331972,-0.691795193035539,1.4752569275694734,3.295353670222443,10.859355811848523,0.5631543313749008,18.283090277111405,254,-0.2714925213113983,0.0002646616808463,True,0.691795193035539,-0.1891763229560162,-1.650382958928872,0.0028710584081131,2.865961935319019e-12,1.8717854234437252,0.6439852909213927,0.0039861608662702,-0.3789501707247429,1.1533344310000382,0.6888303770133405,2.506465238573111,0.7376284637847366,3.3980050413355216,0.785141955805946,97.28534011487986,0.3161158782618048,4,-0.3405711384800471,1.4538378339935653e-05,1.2544402211706471,0.0690786171686488
9220,29.0,39.554140099999984,39.5541401,1.0,1.1464968,12406.28,80,6009,Saudi Arabia,1.0,1.0,True,1.3577648515939214,0.6185701992047732,1.4884054473789765,13.076594390327982,170.99732084915723,0.5732375154359614,297.3009943428241,254,-1.801215406757569,1.0247974227976112e-90,True,0.6185701992047732,-1.778228672805391,-2.1188650234087416,6.378734330292129e-42,3.0973978048712245e-25,0.3860986297186402,0.4058842093019859,0.3424057732181215,-1.8233810090064335,1.3005636387533297,0.7034239479456492,1.5562489662375272,0.7442027236894883,2.091162685514247,0.4291237244956148,114.38616302223087,0.3513630602644549,4,-1.8052621665289807,1.5116685483788812e-93,1.0022466828543826,0.0040467597714117
9221,29.0,40.700636900000006,40.7006369,1.0,1.1464968,12406.28,80,6009,Saudi Arabia,1.0,1.0,True,1.3962916306326751,0.4665269044821388,1.4255127609221638,11.871863481645525,140.94114252682854,0.5258166357006946,267.04238009513085,254,-1.6297547223061364,3.4532012668857706e-74,True,0.4665269044821388,-1.6017442599026916,-2.028579876847704,6.448506088950778e-39,1.6134649891261645e-19,0.5086354664522769,0.4155016610863102,0.2220628003864118,-1.6589550627664544,1.6135080288779078,0.681995504785463,1.595030762216644,0.7127563804610815,2.237834421327551,0.4841583309882838,104.0681656442272,0.3146943476706789,6,-1.635775908585687,1.7973121366098398e-76,1.0036945352556064,0.0060211862795509
9222,29.0,41.8471338,41.8471338,1.0,1.1464968,12406.28,80,6009,Saudi Arabia,1.0,1.0,True,1.4642933141190293,0.2354214085576434,1.4105857531330974,9.94182285661933,98.83984171239852,0.5148622967420513,190.97335353129927,254,-1.355831751270766,2.142271489998272e-52,True,0.2354214085576434,-1.3144656495830702,-1.9113632924999744,9.791057391004553e-34,4.1871079696235285e-14,0.6556229628054039,0.441831516831161,0.1391168856861794,-1.393470522041221,1.5285691468050635,0.6807161370090826,1.698504628890633,0.7052928765665493,2.4082259800484,0.5628519280634835,101.6384803533826,0.2536582694161354,4,-1.3775219448797102,1.364376100586659e-54,1.015997702951428,0.0216901936089441
9223,29.0,42.99363060000002,42.9936306,1.0,1.1464968,12406.28,80,6009,Saudi Arabia,1.0,1.0,True,1.465144435272343,-0.0581865614168254,1.4928891672005964,7.474288388734128,55.86498691796581,0.5766963952000324,95.8707059432694,254,-1.0025621858584568,1.707495330952071e-38,True,0.0581865614168254,-0.9698366726579802,-1.7257550046143346,3.965504391981661e-26,6.035302621473571e-16,1.149706627428273,0.4708530803258095,0.0153186582569692,-1.0685658902099344,1.2012107094646192,0.6648655253010793,1.8236755347495817,0.7464445836002979,2.4431492636111267,0.5932853185076294,108.3617257186173,0.2960775965920788,4,-1.036362764696117,4.977402648170339e-37,1.0337141967993917,0.0338005788376603
9224,29.0,47.5796178,47.5796178,1.0,1.1464968,12406.28,80,6009,Kuwait,0.9431816089300448,0.9431816089300448,True,1.4166410160602336,-0.7156068429067804,1.4901551049952844,3.0232805244435323,9.14022512947956,0.5745860174779686,14.907496617475594,254,-0.0049702689939463,0.9154385833161892,False,0.7156068429067804,-0.1755373114762695,-0.6487029696175854,0.0083729651824078,0.0077580364319231,4.063031922268706,0.5281443413260785,3.423725281242345e-13,-0.238225563318823,2.760862962121465,0.6845813584936199,2.2504915009010107,0.7450775524976426,3.0204795371393653,0.6912695677313039,102.24687315775856,0.2795690134581883,4,0.0772752251782795,0.2658516272217889,-15.547493560690238,-0.0822454941722259
9225,28.0,38.044164,38.044164,1.0,1.1356467,12407.1,80,6009,Saudi Arabia,1.0,1.0,True,1.292531929323681,0.2654467781485222,1.5514754724594546,10.316533894653997,106.43087159954472,0.6228477954739883,169.87781697702027,254,-1.4173606357525856,3.2954144426997656e-110,True,0.2654467781485222,-1.4170078923087144,-1.5023920462631974,1.5771907895940613e-43,1.1790946299817248e-23,0.1779124430775083,0.3736385162168542,0.634379914256753,-1.4275744416167837,0.386083233054537,0.7836167462214929,1.430651094117201,0.7757377362297271,1.8442458414753824,0.317038550526809,72.75555057036959,0.2676531596928417,4,-1.41423996791373,1.5914885716179279e-105,0.997798254191532,-0.0031206678388555
9226,28.0,39.17981069999999,39.1798107,1.0,1.1356467,12407.1,80,6009,Saudi Arabia,1.0,1.0,True,1.2364830518932708,0.4222659746796696,1.487075865371192,11.713848646271494,137.2142501077565,0.57221383486668,238.79540819687804,254,-1.6141359572378091,3.434436512412729e-110,True,0.4222659746796696,-1.605364285441898,-1.7048711060166366,9.1148567571825e-43,3.377506828165472e-24,0.083101252641684,0.3718707066902244,0.8233558915822711,-1.61890673125941,0.7878090670022821,0.7469869998901085,1.4233730013042347,0.7435379326855959,1.914324661504669,0.34485742990581,122.67122233679488,0.2398458230382659,6,-1.6134557415922504,3.627762980932686e-110,0.9995785883819088,-0.0006802156455587
9227,28.0,40.315457400000014,40.3154574,1.0,1.1356467,12407.1,80,6009,Saudi Arabia,1.0,1.0,True,1.2430786650613297,0.5752216770249766,1.4430592830064264,12.902555275448783,166.4759326360112,0.5388407713941156,307.9519974616925,254,-1.7784491086473202,1.2957225911788724e-107,True,0.5752216770249766,-1.77283361034819,-1.8848659246712112,9.591528924918894e-48,1.593730089340782e-19,0.1802093103541315,0.376990218664431,0.6330579136633979,-1.788794775757721,1.3941002508040186,0.7079465609526681,1.4434898451252265,0.7215296415032133,2.000596735177647,0.3707562419875687,108.49125775765668,0.2954754472816579,4,-1.7803130459687415,2.3605488814366256e-106,1.001048068967708,0.0018639373214215
9228,28.0,41.45110410000001,41.4511041,1.0,1.1356467,12407.1,80,6009,Saudi Arabia,1.0,1.0,True,1.3634896470659217,0.661876583364153,1.457063455337109,13.453206439870478,180.98876351377248,0.5493498811593087,328.4599120178687,254,-1.854438407090152,1.1036088392670129e-96,True,0.661876583364153,-1.8467457943073595,-1.9843553072758773,3.1995929980658025e-51,1.4226946562491357e-13,0.2064841202946686,0.3879702064631003,0.5950545053326259,-1.8662924892569104,1.582461451770221,0.6966989082784067,1.485696532756506,0.7285317276685538,2.039302443986935,0.4170928275907249,100.87074763442313,0.3192107637429203,4,-1.859400718720699,1.7558551525368677e-91,1.0026759107294014,0.0049623116305466
9229,28.0,42.5867508,42.5867508,1.0,1.1356467,12407.1,80,6009,Saudi Arabia,1.0,1.0,True,1.4826163122714884,0.6236143671186166,1.5140938586271866,12.874569394220767,165.7545370866061,0.5931952969686395,278.42658671376665,254,-1.7745862859134796,6.929346224418749e-91,True,0.6236143671186166,-1.7791252609150754,-1.950877343627841,1.8489051410978317e-48,1.8315091768248877e-13,0.4808426039091959,0.3963420934005836,0.2262119284194104,-1.8021910611760243,1.3411301392040222,0.6850564596530726,1.5213991928026314,0.7570469293135934,2.009649777170443,0.4297642656915783,112.91997927333188,0.3158153113228073,4,-1.7773744543252714,3.306641776107336e-83,1.0015711653098665,0.0027881684117918
9230,28.0,43.7223975,43.7223975,1.0,1.1356467,12407.1,80,6009,Saudi Arabia,1.0,1.0,True,1.5365562361399048,0.4249218355499062,1.5675527716439075,11.018645957533264,121.41055873746414,0.6358233074998506,189.95015439881885,254,-1.515419560245352,4.092560863580586e-87,True,0.4249218355499062,-1.5376272376259124,-1.7988741933968262,5.313089770171485e-43,6.280471064294518e-18,0.970687710454455,0.39671584760416,0.0151105807128305,-1.5711459369835288,0.9881886300623148,0.6774801613388867,1.5366074067287965,0.7837763858219539,1.9605176100289643,0.4154429152169497,128.21577661680448,0.2880292724681374,6,-1.4989436535763208,3.3674594602696643e-77,0.9891278249923317,-0.0164759066690312
9231,28.0,45.99369089999999,45.9936909,1.0,1.1356467,12407.1,80,6009,Saudi Arabia,1.0,1.0,True,1.5975080665364207,-0.2375460760156605,1.490175483783158,5.414766060719373,29.319691492318395,0.5746017332200312,50.02611042958873,254,-0.6928292113633605,5.325144914182933e-37,True,0.2375460760156605,-0.8131618493649396,-1.101513481782875,1.0664275919989304e-25,4.257630724822891e-09,2.7523148382903,0.4079532673269118,1.0678658814087905e-10,-0.8508373245070175,1.7469584691283218,0.6989663892594805,1.6991060577882948,0.7450877418915786,2.280410698308791,0.5384160189272891,170.51047736235586,0.2959531079527193,4,-0.6260027795330533,2.5542101277030025e-30,0.9035455914181144,-0.0668264318303072
9232,28.0,47.12933749999999,47.1293375,1.0,1.1356467,12407.1,80,6009,Saudi Arabia,1.0,1.0,True,1.6190796877963254,-0.4676030655464559,1.4685303481509164,3.6317298571165377,13.189461755071706,0.5580305239197793,22.635735304271247,254,-0.3691466605724295,2.46618185320179e-16,True,0.4676030655464559,-0.5518222017716936,-0.7156084067299553,3.309258834815447e-18,0.0004860727440891,3.5789755299894663,0.4316418692105969,7.233762941627547e-15,-0.5746126787087278,2.2396539977304077,0.6694790132057218,1.867795676951536,0.7342651740754585,2.5437617674069166,0.5943283964517129,118.58282318319348,0.2871771766759068,4,-0.3239622154915247,9.004347763284879e-11,0.8775975786674108,-0.0451844450809048
9233,28.0,48.264984200000015,48.2649842,1.0,1.1356467,12407.1,80,6009,Saudi Arabia,0.8794147677994506,0.8794147677994506,True,1.72813716247618,-0.4983372813592865,1.5948602214296486,3.36299202414866,11.309715354487505,0.6581688978471837,16.18360650507894,254,-0.2537474343374459,5.288012616496809e-09,True,0.4983372813592865,-0.5064412740275392,-0.4384242681509005,1.4668535150431654e-15,0.0242538335854414,4.295611264721265,0.4634839510809794,9.708671668951182e-18,-0.50035491589972,2.6844394357355785,0.6366876517689272,2.059322431208662,0.7974301107148246,2.5824487983814204,0.6079209355096167,98.10658617003357,0.2972775740404395,6,-0.1835851557187185,0.0016795600854211,0.7234956136525025,-0.0701622786187274
9234,27.0,38.8125,38.8125,1.0,1.125,12404.16,80,6009,Saudi Arabia,1.0,1.0,True,1.3086769252014423,-0.0994731110561748,1.5015397649532738,7.597558709584395,57.7228983455817,0.5833991330132268,97.94237937489876,254,-1.0362104214843997,1.016399167492683e-99,True,0.0994731110561748,-1.057037301502646,-1.022912413892609,3.5990567678199853e-35,1.7029249191666398e-18,0.2854855207239702,0.3619511697337573,0.4310201163487645,-1.0525999085561055,0.3254935354679671,0.7814216671361545,1.3870083507722015,0.7507698824766369,1.847448043862313,0.296285175806372,85.39788956140305,0.1968064723435866,4,-1.0373894630732348,1.2655826444271744e-96,1.0011378399255493,0.0011790415888353
9235,27.0,39.9375,39.9375,1.0,1.125,12404.16,80,6009,Saudi Arabia,1.0,1.0,True,1.228906231698319,0.2565019961695333,1.529758734968591,10.395795126708268,108.07255631649136,0.6055332380233039,177.47501925622157,254,-1.4288503603592262,6.844397083338284e-117,True,0.2565019961695333,-1.443571364477453,-1.413813898418332,6.363437889904992e-49,7.33029645152145e-20,0.2040367490999368,0.3649840930235764,0.5766483133008741,-1.440563940974615,1.0680567611305214,0.7375919022719812,1.3977559929878187,0.7648793674842955,1.8274201820674911,0.2976279404926962,90.1870288176724,0.2561037659942394,4,-1.4285386940560396,3.6066444813640975e-116,0.9997818761769368,-0.0003116663031865
9236,27.0,41.0625,41.0625,1.0,1.125,12404.16,80,6009,Saudi Arabia,1.0,1.0,True,1.236765367768775,0.6267263491181474,1.5805918712929463,13.2775342900484,176.29291682341108,0.6464450161749536,271.71138675729105,254,-1.8315181923721535,1.1232937319341383e-127,True,0.6267263491181474,-1.8509567929367596,-1.8057335903061031,3.952659081124967e-65,2.4056769239730362e-17,0.2606706863987141,0.3707581571016041,0.4826713313027808,-1.846483080377226,1.4555910393374925,0.7146438068319466,1.42039033280196,0.7902959356464734,1.797289178312755,0.3055195369624536,98.12639901555184,0.3357210718360043,4,-1.823333376397592,4.967481437103289e-122,0.9955311303984584,-0.0081848159745621
9237,27.0,42.1875,42.1875,1.0,1.125,12404.16,80,6009,Saudi Arabia,1.0,1.0,True,1.2657157770323917,0.9183629646404264,1.5612728140379266,15.22424114846961,231.77751854675523,0.63073901919026,366.46976403062905,254,-2.1044447094083254,2.661222904844501e-118,True,0.9183629646404264,-2.131373217023025,-2.032951386405677,1.3216218583782497e-66,5.699251089539067e-14,0.2706117215969534,0.3755408800575324,0.471842037532051,-2.1199803040028176,1.4382321877225732,0.7093019569884388,1.4387856324920023,0.780636407018963,1.843093173153852,0.361647395487251,111.08431608687778,0.3434560874628063,6,-2.088566337599202,5.866767503657779e-111,0.9924548401114384,-0.0158783718091233
9238,27.0,43.3125,43.3125,1.0,1.125,12404.16,80,6009,Saudi Arabia,1.0,1.0,True,1.3525298076931351,0.974392608224469,1.6032845978678811,15.388981190927163,236.82074209471008,0.6651404261341384,355.0462314268515,254,-2.1286740114503955,1.583086496873587e-113,True,0.974392608224469,-2.1799828624013085,-2.0614928888481847,3.056222616701901e-65,2.1898279255700245e-14,0.6381463523050506,0.3818324935402306,0.0959341919866926,-2.1653094645004742,1.1331366829440024,0.7055960465622847,1.469594538026429,0.8016422989339407,1.8332297833843856,0.3772608739636889,153.4780041166232,0.3150838379575421,4,-2.0974310920312087,1.1270682853824058e-104,0.9853228257351162,-0.0312429194191867
9239,27.0,44.4375,44.4375,1.0,1.125,12404.16,80,6009,Saudi Arabia,1.0,1.0,True,1.4649417246393677,0.7763981406430842,1.5857004815602551,13.573595186588497,184.2424862893784,0.6506305021140375,282.1752979467381,254,-1.8755029070385516,2.841097451030138e-103,True,0.7763981406430842,-1.9483836294371035,-1.8774074405999184,1.4200444777437864e-54,2.292920838508125e-16,1.099886135676607,0.3797001219302305,0.0041090525571452,-1.9386464582607223,0.8382041931446464,0.6923438424064351,1.4776715618681255,0.7928502407801279,1.8637461223624845,0.393281349419075,154.14007777154137,0.3211934060582364,4,-1.8121544543420696,7.644282404297903e-94,0.9662232180719412,-0.0633484526964816
9240,27.0,45.5625,45.5625,1.0,1.125,12404.16,80,6009,Saudi Arabia,1.0,1.0,True,1.5588304477935253,0.3990646917519032,1.5384579575329087,10.36484001904934,107.4299086204867,0.6124397468925841,174.41302498011913,254,-1.4216472151665445,5.806071664706873e-74,True,0.3990646917519032,-1.5487301516463658,-1.488070985575339,6.015749339474596e-45,7.080643848347885e-12,2.0740002866894622,0.3875819435439041,1.9943797471343581e-07,-1.5407138522387676,1.0248048643740104,0.6883379917915627,1.566984689799778,0.7692289787664539,2.0370848382657347,0.4635495637837205,144.9925606319448,0.2788023163377602,4,-1.3654341308797997,8.320060016645645e-69,0.9604591886882714,-0.0562130842867447
9241,27.0,46.6875,46.6875,1.0,1.125,12404.16,80,6009,Saudi Arabia,1.0,1.0,True,1.5509208130845389,0.0035465760754567,1.472785842273141,6.938460168255006,48.1422295064613,0.5612693215427559,84.77384805948986,254,-0.9247471702645184,3.723866487086108e-47,True,0.0035465760754567,-1.1012863478550534,-1.0301668459500948,5.8702909327846285e-40,6.687411363938047e-07,2.931450036229209,0.3940806092335849,1.676096089178704e-12,-1.093039286615281,1.4878547525225103,0.6459220535752669,1.6686421004776255,0.7363929211365702,2.2659670572365025,0.5271070876621126,124.66377194679808,0.2579685413972163,6,-0.8750598796807895,2.524359377939303e-40,0.9462693240039696,-0.0496872905837288
9242,27.0,47.8125,47.8125,1.0,1.125,12404.16,80,6009,Saudi Arabia,1.0,1.0,True,1.5918483968929709,-0.2676578798422626,1.4809616679887596,4.554538473431537,20.74382070596808,0.5675181283361658,35.551820409304355,254,-0.5495400665094913,9.261141279867159e-29,True,0.2676578798422626,-0.7705161769367195,-0.6498481445416351,1.0034392772313528e-35,0.0004493322192983,3.6116222808050056,0.4052061063328814,1.121289806387226e-16,-0.7568803075453174,1.9372953368042307,0.5740512204657143,1.7828453906417487,0.7404808339943797,2.4076860720682483,0.5479626595506288,99.0283610286618,0.2657072777982266,4,-0.504987694625022,8.993457549399213e-23,0.9189278915230836,-0.0445523718844692
9243,27.0,48.9375,48.9375,1.0,1.125,12404.16,80,6009,Saudi Arabia,0.9355027605008072,0.9355027605008072,True,1.6402915427878912,-0.3379067901083651,1.5548955584317652,3.807369880060605,14.496065403592702,0.6255968443039585,22.171576927823352,254,-0.3932935138382866,3.8195560676562473e-19,True,0.3379067901083651,-0.650894939402321,-0.4607925496426581,1.953421553118843e-29,0.0042852669570456,4.096687288441449,0.4181456669077774,2.3369973705635147e-19,-0.6284809348341859,2.39910588942232,0.501322292880202,1.885821279522871,0.7774477792158825,2.4256565263134084,0.5589763407709774,98.80855299571218,0.2497992618904849,4,-0.3120169641217141,2.998845089841705e-10,0.7933437830607306,-0.0812765497165725
9244,26.0,40.6811146,40.6811146,1.0,1.1145511,12397.52,80,6009,Saudi Arabia,1.0,1.0,True,1.1972671559009864,0.2246584357255522,1.6462655090489746,9.813183410490602,96.29856864792798,0.7012806600787989,136.31815823511727,254,-1.346892243123495,3.3453436059263166e-126,True,0.2246584357255522,-1.3761083285418003,-1.3030586273687588,2.4312933764955383e-60,7.635851659668949e-18,0.3606461594607275,0.3593195637668579,0.316509360935899,-1.3675966401554445,1.1955060239500848,0.7210868182769249,1.3779947451370431,0.8231327545244881,1.6740856654806442,0.2529941515749548,91.50468767311396,0.311092059671507,6,-1.3452244185555864,2.5174465572143646e-125,0.9987617238302292,-0.0016678245679089
9245,26.0,41.79566560000001,41.7956656,1.0,1.1145511,12397.52,80,6009,Saudi Arabia,1.0,1.0,True,1.1245902308305755,0.7095095960258999,1.588469909910924,13.3259035883391,177.5797064457089,0.6529051410735282,270.9839303971883,254,-1.8406260049141456,5.9111903604509655e-136,True,0.7095095960258999,-1.8778752027891497,-1.7599703368193536,8.334264714555017e-75,5.924783897689166e-18,0.40581705412593,0.3488080249869854,0.245773891248942,-1.8639236255612728,1.3218297056856598,0.7090892013865964,1.3386161820760976,0.7942349549554619,1.6854158504660155,0.289801378294828,108.27579860948995,0.3174695005970502,4,-1.8292792364162336,5.375455369125866e-130,0.9938353753192564,-0.011346768497912
9246,26.0,42.91021670000001,42.9102167,1.0,1.1145511,12397.52,80,6009,Saudi Arabia,1.0,1.0,True,1.1251999088343072,0.9932341882612044,1.6152927415020184,15.379134516703871,236.51777848287244,0.6751411612997764,349.3234464738164,254,-2.128182711261396,1.0821988280009916e-131,True,0.9932341882612044,-2.180550411707148,-1.9856199341774583,1.9012429659433235e-82,2.900302613455345e-16,0.4912755669204478,0.3558940930028477,0.1687120314421086,-2.156386434281285,1.22963681688603,0.7165465693756203,1.367327050721884,0.8076463707510089,1.692977397335969,0.3264744933277071,138.1955825505429,0.3157712184624295,4,-2.1011596714145497,9.978910625212823e-121,0.9873022933116354,-0.0270230398468456
9247,26.0,44.024767800000006,44.0247678,1.0,1.1145511,12397.52,80,6009,Saudi Arabia,1.0,1.0,True,1.1573789458235118,1.009406816466328,1.5376694655771663,15.279928827919916,233.4762249862981,0.6118121313477154,380.6142456541205,254,-2.115046666218837,1.749326827062752e-113,True,1.009406816466328,-2.186121735240982,-1.9704345570440476,7.424928991380986e-69,5.149984321245227e-16,0.7556889905602324,0.3587419403990364,0.0361701646500119,-2.158430144686009,1.010977314586113,0.7081835037440902,1.3852603780894388,0.7688347327885829,1.8017661260763604,0.3863461101334996,167.21262924499268,0.3318899806136361,4,-2.070452935205358,2.4033351032386667e-101,0.9789159588174944,-0.0445937310134789
9248,26.0,45.139318900000006,45.1393189,1.0,1.1145511,12397.52,80,6009,Saudi Arabia,1.0,1.0,True,1.207296859834148,0.7663483543047572,1.4694235366733883,13.128585850943676,172.35976644559852,0.5587095402384842,307.49619351770343,254,-1.8141961163416915,6.221244130812684e-95,True,0.7663483543047572,-1.9202208892170216,-1.7079367113406545,1.566274889478753e-58,1.442702057978414e-14,1.3657793211186944,0.3621876138864576,0.0002035822835412,-1.8926043749094643,0.818003148051806,0.6741385285737896,1.425512504300359,0.7347117683366936,1.9402336613275732,0.427745670641856,145.79076053613488,0.2988405206630896,4,-1.759417027117828,2.8992470534839854e-88,0.9698053100596836,-0.0547790892238633
9249,26.0,46.253870000000006,46.25387,1.0,1.1145511,12397.52,80,6009,Saudi Arabia,1.0,1.0,True,1.2081193256536886,0.3893963692490669,1.426298863025372,9.824199210162408,96.51489012095566,0.5263967210492287,182.3500974865107,254,-1.3486816773304424,7.058989823424219e-72,True,0.3893963692490669,-1.498474492574874,-1.307494585796481,3.062414012492925e-53,2.14285978937866e-10,2.184587794619033,0.3674034386283981,9.325945611206166e-09,-1.4740970515537035,0.7719569307808973,0.632378880850446,1.5034031175643618,0.7131494315126858,2.1081179499441536,0.4722559132822989,123.08950793909996,0.2595995405716024,6,-1.319205552890586,8.734543641000312e-69,0.9781444910720511,-0.0294761244398564
9250,26.0,47.368421100000006,47.3684211,1.0,1.1145511,12397.52,80,6009,Saudi Arabia,1.0,1.0,True,1.2681450105237102,0.0324345502079071,1.3764610450202204,6.545180894105871,42.83939293656853,0.4902526539598089,86.38227644572939,254,-0.8781349724102605,7.916003613341413e-51,True,0.0324345502079071,-1.068029745995004,-0.913814893631144,3.734541861275742e-53,1.1379051575499746e-06,2.9758459111586686,0.3690216306167616,3.191799128075858e-14,-1.0489758191356786,0.9548975917244048,0.5367459012771749,1.587394026470485,0.6882305225101099,2.3064859441004626,0.4996341829577014,109.9358104264441,0.2324541089120617,4,-0.857708932290293,2.5311109664327988e-55,0.9767392932046618,-0.0204260401199675
9251,26.0,48.482972099999984,48.4829721,1.0,1.1145511,12397.52,80,6009,Saudi Arabia,1.0,1.0,True,1.3473796859950269,-0.2017248610961342,1.3640759933042303,4.29506243845194,18.44756135020073,0.4814700033978483,37.31507927806904,254,-0.5338656514201485,2.3952045840180167e-32,True,0.2017248610961342,-0.7513532591254156,-0.629800719263949,1.3264862980137397e-45,0.0001242326868055,3.5339725381569047,0.369313549705636,1.1792018525688997e-18,-0.7367480851036956,1.3655998689885431,0.4305283662975019,1.654822859084123,0.6820379966521148,2.426291302254519,0.5197795236374348,89.75386474921834,0.2406835510561145,4,-0.4547854450442497,1.1206969253284219e-34,0.851872458612882,-0.0790802063758988
9252,26.0,49.59752320000001,49.5975232,1.0,1.1145511,12397.52,80,6009,Saudi Arabia,0.9693349102611308,0.9693349102611308,True,1.3869780503639426,-0.2798676289159202,1.4085046135289343,3.4589950857794705,11.964647003446526,0.513344189979743,22.30726097030272,254,-0.3689213937376296,1.9797480634324668e-20,True,0.2798676289159202,-0.6050002580100904,-0.5108673600608076,2.128769233508833e-36,0.0010726662338434,3.918109662403016,0.3774700382928908,3.4974457755728695e-21,-0.5938568212669909,1.9391769818489564,0.3460860963874463,1.7313052736357644,0.7042523067644672,2.458359393368361,0.543693010510089,86.62163323514201,0.2925707677674383,4,-0.255241289866678,5.826964745852382e-16,0.6918581958090539,-0.1136801038709515
9254,25.0,41.411042899999984,41.4110429,1.0,1.1042945,12387.25,80,6009,Saudi Arabia,1.0,1.0,True,1.0711307104843,0.2039781939507663,1.598527301344355,8.798955218677015,77.4216129402835,0.6611990476668096,116.09274720446614,254,-1.207943382668324,2.558848800159613e-125,True,0.2039781939507663,-1.2445033333045972,-1.190261693356095,2.466158641177327e-65,8.550470883122104e-16,0.5228072290519569,0.3311505006197682,0.1156708463477698,-1.2379573122708232,0.9425686361925796,0.6613843070365958,1.273762706311577,0.7992636506721778,1.593670255416154,0.2493499747575024,103.91565929545322,0.356191055031234,4,-1.2043576616644498,1.5241336149866144e-122,0.9970315487833932,-0.0035857210038741
9255,25.0,42.51533739999999,42.5153374,1.0,1.1042945,12387.25,80,6009,Saudi Arabia,1.0,1.0,True,0.9943626692669414,0.5662866026857027,1.5437856409504338,11.532330816090957,132.99465405176107,0.6166888519877141,214.659247970986,254,-1.5925431009432145,2.1390940926161545e-137,True,0.5662866026857027,-1.6346677172871031,-1.5105825668709625,1.916568410092705e-81,5.298893951529108e-17,0.4640704074309698,0.3207276482152715,0.1491844581504494,-1.61918499831042,1.0131600201452924,0.6713588381758215,1.2326848820209644,0.7718928204752169,1.5969637873585354,0.2730013571835417,125.36325012561672,0.3583010674228643,4,-1.582670496453655,7.537880809647287e-131,0.9938007301129168,-0.0098726044895594
9256,25.0,43.6196319,43.6196319,1.0,1.1042945,12387.25,80,6009,Saudi Arabia,1.0,1.0,True,0.9539902308386295,0.7283925732524664,1.4588655852581047,12.716110487720073,161.6994659359044,0.5507096188999164,292.620195446942,254,-1.7584870845037217,3.975173594011844e-127,True,0.7283925732524664,-1.8101913146208224,-1.6229776624250485,3.379486044739447e-80,1.9350951861891222e-16,0.4859828632689419,0.3202548719576202,0.1304223981403335,-1.786386957794733,1.0095747158564077,0.6777643292815334,1.2313844832229532,0.729432792629052,1.6881397377059866,0.326493536600526,135.35307143659642,0.3664933544552364,4,-1.7420277043171577,3.191698149234364e-119,0.990640033508572,-0.016459380186564
9257,25.0,44.72392640000001,44.7239264,1.0,1.1042945,12387.25,80,6009,Saudi Arabia,1.0,1.0,True,0.9394689711565908,0.673100467804162,1.3959948296894389,12.117211341418948,146.82681069261196,0.5042660418081608,290.1693402278904,254,-1.6745785190155078,6.010475253005137e-113,True,0.673100467804162,-1.7502993346838174,-1.5216475759358827,1.7136624161221045e-74,4.0394011188301515e-15,0.8032252921777286,0.3257359635117148,0.0143481453958459,-1.7206910171500247,0.9598705301363344,0.6398272338596386,1.2619131930469945,0.6979974148447193,1.807905253241844,0.3639629709392228,133.4717853788364,0.2955563377260126,6,-1.6439396237238757,1.29614244956003e-108,0.9817035182622282,-0.0306388952916321
9258,25.0,45.82822089999999,45.8282209,1.0,1.1042945,12387.25,80,6009,Saudi Arabia,1.0,1.0,True,0.9412264502485906,0.4596372906191676,1.3432743098534243,10.13287688693447,102.6751940057708,0.4668974706751627,218.9095100200396,254,-1.395912333135177,6.199298974678361e-95,True,0.4596372906191676,-1.5065212328153648,-1.2681279497429905,1.5033178142605858e-69,2.8701578574810198e-12,1.38960915069388,0.3326126434532249,4.0850010100662775e-05,-1.4756886424634694,0.8633012963223218,0.5802097200267317,1.317190616531222,0.6716371549267126,1.9611640107595756,0.3943947136302621,113.84117442765272,0.249853614852636,4,-1.384588550857092,7.714121157791878e-103,0.9918878986815366,-0.0113237822780851
9259,25.0,46.932515300000006,46.9325153,1.0,1.1042945,12387.25,80,6009,Saudi Arabia,1.0,1.0,True,0.9982460332038336,0.1884593470540244,1.3025887437063166,7.542581671390833,56.89053826960093,0.4390426845035198,128.57860426244008,254,-1.029543701339923,1.11815007501302e-73,True,0.1884593470540244,-1.179491722768495,-0.9535486870643328,9.044495985867796e-69,2.184920339094845e-08,2.106786889730245,0.3400603358003239,2.4159179363674798e-09,-1.1504925901119845,0.6842264550538112,0.4959130388052725,1.3989550466800789,0.6512943718531583,2.1479612094598126,0.4218583264523115,100.28859655528018,0.2337624321204791,4,-1.0203825820170187,9.778134423964896e-83,0.9911017674033834,-0.0091611193229041
9260,25.0,48.036809800000015,48.0368098,1.0,1.1042945,12387.25,80,6009,Saudi Arabia,1.0,1.0,True,1.0991087496359233,-0.0472256238953502,1.27120186859931,5.121912480268997,26.233987455535303,0.4181394546980325,61.73980405527789,254,-0.6807227952103004,3.627585031755243e-49,True,0.0472256238953502,-0.8658244262532478,-0.6886019076934445,1.1384137503638882e-59,1.0054721860313007e-05,2.8350724730529957,0.3387575046760614,4.339648898915915e-15,-0.8434819555579935,0.5263640433693141,0.4015067404785518,1.468861387822227,0.6356009342996556,2.3109805359878983,0.4675967935090945,89.4996737622811,0.2283904582416376,4,-0.6314493151016876,1.3568918496795265e-50,0.9276159393290326,-0.0492734801086128
9261,25.0,49.1411043,49.1411043,1.0,1.1042945,12387.25,80,6009,Saudi Arabia,1.0,1.0,True,1.1827135426624984,-0.2025645272920419,1.3152997161695674,3.4279671670185183,11.750958898156966,0.4476530585833843,25.250147682098586,254,-0.4184500455018684,3.8807076710491466e-29,True,0.2025645272920419,-0.6255196214999996,-0.4756331650874893,3.269175912231967e-44,0.0007476914177963,3.278453901921883,0.3427789682946327,1.218888211793393e-18,-0.6066633661090873,0.7806126513832139,0.3460071559155845,1.5357228535475278,0.6576498580847838,2.335167923581523,0.5025653985848004,79.41607127684013,0.2778309158586136,4,-0.3617555344435903,7.369623233251211e-31,0.8645130723064411,-0.056694511058278
9262,25.0,50.2453988,50.2453988,1.0,1.1042945,12387.25,80,6009,Saudi Arabia,0.8666383866586075,0.8666383866586075,True,1.3017301940779733,-0.2519670213061367,1.353798843687322,2.7137648948241075,7.3645199043797,0.474242401299633,14.529020357938624,254,-0.2716366089091424,1.7337727621822222e-15,True,0.2519670213061367,-0.4955561883421293,-0.3312731140000927,1.909792635361176e-30,0.0236798567305587,3.537662107525813,0.3589729764700448,1.548478037722459e-19,-0.4747308577114341,1.318858624079833,0.2747697155961706,1.6216277432697928,0.6768994218436609,2.395670155623696,0.546916746795981,86.84068092377856,0.2980911297287994,6,-0.1982410414981643,3.7151645870323774e-14,0.7298023719787798,-0.0733955674109781
9263,25.0,51.34969330000001,51.3496933,1.0,1.1042945,12387.25,80,6009,Qatar,0.6412937727060689,0.6407546562380847,True,1.277028445387734,-0.2369390574503032,1.3399899173775511,2.691359972875085,7.243418503594179,0.4646170729838029,14.590082510477814,254,-0.2243481992500706,1.2713176910103434e-11,True,0.2369390574503032,-0.4365622017518145,-0.2796486197540418,1.551644441536588e-24,0.0750959443793712,3.34726460296786,0.3605698631296065,8.736161501024169e-18,-0.4165118851589285,2.009277955195462,0.2486211369804246,1.6027381999042498,0.6699949586887753,2.39216456649303,0.5730271144981728,80.25334436698662,0.3406924782504409,4,-0.1578702506962446,3.93486242122709e-06,0.7036840555170846,-0.066477948553826
9264,25.0,55.7668712,55.7668712,1.0,1.1042945,12387.25,80,6009,United Arab Emirates,0.953767705182624,0.953767705182624,True,1.0388265582884968,-0.361475941316252,1.5653955323767366,4.099803475421037,16.808388537074418,0.6340744933882292,25.50853915800557,254,-0.3759243783331283,4.831489281291731e-19,True,0.361475941316252,-0.4218757046672159,-0.628485681638604,3.729631176050432e-09,0.0014719866432001,1.2462516620811572,0.4757285046284734,0.0093464047707434,-0.4474706530863145,3.487592952137374,0.0622853076927018,1.8458354244019004,0.7826977661883676,2.358299083170851,0.5517686088282256,93.69088137211898,0.3366694632429704,6,-0.3227761125368151,8.460025691417648e-11,0.8586197946725993,-0.0531482657963131
9266,24.0,42.127659600000015,42.1276596,1.0,1.0942249,12373.42,80,6009,Saudi Arabia,1.0,1.0,True,1.0130271007069946,-0.0070558869188614,1.507712664627162,6.464248884223453,41.78651363718416,0.5882057547018978,70.04064063154487,254,-0.8817761676638831,5.206858483556859e-109,True,0.0070558869188614,-0.9119423504044591,-0.8332433726036,9.50911805562623e-58,3.348080129728649e-11,0.3409516388110807,0.3092845130267995,0.2713658515549431,-0.9013499185924791,0.6014221919629807,0.5888756600882229,1.1866066912349285,0.7538563323135806,1.5740488477336785,0.2543685418902058,117.48887461629542,0.3016414799076859,4,-0.8811104123291874,3.183906491413784e-109,0.9992449837508542,-0.0006657553346957
9267,24.0,43.22188449999999,43.2218845,1.0,1.0942249,12373.42,80,6009,Saudi Arabia,1.0,1.0,True,0.9129097224093332,0.1787453482365783,1.4150532295535552,7.942859378220654,63.089015102187794,0.5181287093692777,120.76321049452474,254,-1.0911533018274446,2.5978495411860686e-114,True,0.1787453482365783,-1.1224819449474448,-0.9962997165093236,2.6845675423433987e-68,7.462433700514499e-12,0.2587671359802834,0.2997717092094718,0.388857217505581,-1.1060089085810774,0.7450919223724066,0.5967320107957595,1.1490200173652905,0.7075266147767773,1.6239954700895642,0.2915174920585873,124.8572718288051,0.2936630363665677,6,-1.08738438532739,7.605858188486238e-114,0.9965459331023948,-0.0037689165000547
9268,24.0,44.316109400000016,44.3161094,1.0,1.0942249,12373.42,80,6009,Saudi Arabia,1.0,1.0,True,0.7960692424651402,0.2524583692625895,1.3353633996559378,8.420854850623954,70.91079641527698,0.4614142902535531,152.6814050044063,254,-1.1581572161407985,1.3412390483372746e-109,True,0.2524583692625895,-1.2028326245469363,-1.0003715831867557,2.202082158861259e-72,2.736565829999312e-11,0.3202318362396006,0.3033667904142458,0.2921856304629862,-1.1765414603808846,0.8047572025300758,0.5787048792684631,1.163665862528912,0.667681699827969,1.742845225245406,0.3204606160340523,125.71670238743536,0.276081223147498,4,-1.1438693796686623,8.605180983559089e-108,0.9876633014300544,-0.0142878364721361
9269,24.0,45.41033429999999,45.4103343,1.0,1.0942249,12373.42,80,6009,Saudi Arabia,1.0,1.0,True,0.7800996055867613,0.2263786790052465,1.2665054249983334,7.97705926395917,63.63347450071681,0.4150555372610377,152.3131564046483,254,-1.094475305681048,2.1027051285769376e-99,True,0.2263786790052465,-1.164534449702729,-0.9049212703150888,3.6263762870554493e-72,7.15122185845948e-10,0.6324133642820008,0.3135980794218752,0.0448157306241676,-1.1307816326414848,0.8752292632384638,0.5219977674420088,1.2100475537767748,0.6332527124991668,1.910844643683017,0.3423806389860016,114.89053937936356,0.2581865649932769,4,-1.079517943292276,5.3582097329536707e-107,0.9863337598289028,-0.0149573623887722
9270,24.0,46.50455929999998,46.5045593,1.0,1.0942249,12373.42,80,6009,Saudi Arabia,1.0,1.0,True,0.8579259446754436,0.1329731572218531,1.250902317006411,6.866415275512478,47.14765873579109,0.4048917215664485,115.44510426981768,254,-0.9357033594325542,1.8213092254633397e-86,True,0.1329731572218531,-1.0390711235895145,-0.7442306522993338,1.869581487559453e-72,1.2790467434309945e-07,1.136223167409503,0.3267520631093362,0.0005982687769848,-1.0009329895224046,0.8627683159804456,0.4484829014509435,1.2807947666942363,0.6254511585032053,2.0477934196482463,0.353516067460546,101.95573188209286,0.2528946843555623,4,-0.914195290208892,2.4220876761774627e-93,0.9770140087594584,-0.0215080692236621
9271,24.0,47.59878420000001,47.5987842,1.0,1.0942249,12373.42,80,6009,Saudi Arabia,1.0,1.0,True,0.9260245619853954,0.0279625355648949,1.2221919974513982,5.444754032763986,29.64534647729968,0.386519113576613,75.69826778546513,254,-0.7318052610825456,1.7164545895595534e-63,True,0.0279625355648949,-0.8773924403433244,-0.5818220395485907,2.2406459442510897e-65,2.235329758869068e-05,1.874566633545599,0.330240347366898,3.84617284504542e-08,-0.8394225774621611,0.6813390590203158,0.375054326909596,1.3438125571231292,0.6110959987256993,2.199020382927302,0.4090071548104861,93.05763912697634,0.2225706498744825,4,-0.7055572510778314,1.4803964448687466e-68,0.9641325207666775,-0.0262480100047142
9272,24.0,48.69300909999998,48.6930091,1.0,1.0942249,12373.42,80,6009,Saudi Arabia,1.0,1.0,True,1.0233978352682436,-0.0773187193886591,1.244948309939298,3.986106115685296,15.889041965503711,0.4010465117793119,38.61895066736584,254,-0.516585176258455,1.0535331844764596e-39,True,0.0773187193886591,-0.6951955608008777,-0.3939897755575399,3.427883484574204e-45,0.0022616665999755,2.4456067911926285,0.3404146350582889,7.95320337278006e-12,-0.6569854346851773,0.3339507312261209,0.3249334607685993,1.432507026386647,0.6224741549696494,2.3013116527809787,0.4773504255240477,77.63350235220665,0.2841912580433177,6,-0.4910391680052126,2.282912324726591e-44,0.9505483133715372,-0.0255460082532423
9273,24.0,49.78723400000001,49.787234,1.0,1.0942249,12373.42,80,6009,Saudi Arabia,1.0,1.0,True,1.1603229873850864,-0.1491747060352103,1.2958034990732228,2.8506741561824653,8.126343144726611,0.4344806105138248,17.7035806617843,254,-0.3347835625274717,8.723740221276334e-22,True,0.1491747060352103,-0.537023961080548,-0.2338958248903364,8.02032039387987e-31,0.0762713649864749,2.8478539825098705,0.3521729898036535,2.76090583088021e-14,-0.498276498736964,0.1649876608017918,0.2560240082190484,1.5157942070830708,0.6479017495366115,2.3395433152745584,0.5338479705748744,64.21211421004651,0.3562116095595193,4,-0.315105408599842,3.3136284391873263e-28,0.9412212661246924,-0.0196781539276296
9274,24.0,50.88145900000001,50.881459,1.0,1.0942249,12373.42,80,6009,Saudi Arabia,0.9810372779067766,0.9810372779067766,True,1.1837337852407377,-0.19154895086791,1.3041718837659544,2.161717162220178,4.673021089437261,0.4401105402633946,9.61783497991341,254,-0.2058403435819706,5.4301725920375766e-11,True,0.19154895086791,-0.4103636124024823,-0.093238875605472,1.8205100343595586e-23,0.5228692344315317,2.855059748973312,0.3535626973784828,2.972852365454504e-14,-0.3697469568704087,0.5189988694171833,0.2110336488954962,1.5213266807885573,0.6520859418829773,2.33301560894802,0.5780217622139858,69.23457402309091,0.3503957362819,4,-0.1851594643532726,1.2356464694192355e-14,0.899529514628592,-0.0206808792286979
9275,24.0,51.97568390000001,51.9756839,1.0,1.0942249,12373.42,80,6009,(offshore/unassigned),0.5949980953580054,0.5941791281479719,True,1.1757881641530137,-0.2133882273061602,1.2532205342972582,1.94259299332706,3.7736675377233873,0.4063938320442679,8.285740186411902,254,-0.1431639227069137,3.415656568249344e-07,True,0.2133882273061602,-0.3233463072664106,-0.044007810911818,1.705177763185714e-19,0.7830853689867127,2.5127686928936592,0.3531188687163463,1.2008083763111935e-11,-0.2874198902317689,0.980114585653844,0.1908877221030815,1.4835369109107015,0.6266102671486291,2.367559212940271,0.5723456499444874,71.0953640487666,0.2999445009164107,4,-0.0698890544379288,0.0178978169324322,0.4881750451963113,-0.0732748682689849
9276,24.0,53.06990880000001,53.0699088,1.0,1.0942249,12373.42,80,6009,United Arab Emirates,0.647030690584143,0.6470301065244836,True,1.1460282437093048,-0.2435754429994096,1.232139858703328,2.057882390869933,4.234879934652555,0.3928367569557258,9.780253781419548,254,-0.1340338999941622,4.267522439314978e-07,True,0.2435754429994096,-0.2746698477702922,-0.0978355056210355,2.8115373768685192e-14,0.5630715441476011,2.0510300385552545,0.3596755500057291,3.360579936557981e-08,-0.2517818341637838,1.505494470880305,0.1672921956561376,1.464367536606009,0.616069929351664,2.3769501915911904,0.5486828823349686,68.74653033912182,0.3442386225950878,4,-0.0307716563919964,0.3523468520530606,0.2295811462125376,-0.1032622436021658
9277,24.0,54.16413370000001,54.1641337,1.0,1.0942249,12373.42,80,6009,United Arab Emirates,0.7604267142586636,0.760428394411748,True,1.0094309598152682,-0.3027425115100021,1.3355111090423946,2.322302618830698,5.393089453427918,0.4615163733137621,10.685586395786276,254,-0.1457820770389377,3.35563162939585e-08,True,0.3027425115100021,-0.2436544584670019,-0.1803434766907479,3.750897253692287e-09,0.2844453068085971,1.5600142085936035,0.3835448835123617,6.399041785285193e-05,-0.235341199472144,1.9850522953943663,0.1446374904444157,1.5162703562964188,0.6677555545211972,2.2706967333033043,0.5154947170943054,66.67648402120297,0.291858115174976,4,-0.0752025252160798,0.0150894285737797,0.5158557673450734,-0.0705795518228579
9278,24.0,55.2583587,55.2583587,1.0,1.0942249,12373.42,80,6009,United Arab Emirates,1.0,1.0,True,0.8992494978606903,-0.3671026758228739,1.461879461170375,2.568270236549087,6.596012007943903,0.5529873954611945,10.92796085784703,254,-0.1676184545591076,1.8764373732950076e-09,True,0.3671026758228739,-0.2423675298101306,-0.2434710831314546,4.151002233570448e-07,0.1490018856900684,1.2943696065783703,0.4135931021265016,0.001961024043131,-0.2419271406151664,2.246023020836424,0.0839353689852175,1.6139879678581075,0.7309397305851877,2.208099929888822,0.4996244890153405,64.51853428346416,0.2977900704781207,6,-0.1336876794510214,1.6120265393382035e-06,0.7975713640998808,-0.0339307751080862
9279,24.0,56.3525836,56.3525836,1.0,1.0942249,12373.42,80,6009,Oman,0.9585551400352862,0.9585551400352862,True,0.8905120036790379,-0.3895246512722509,1.5101373775677098,2.6907527636140256,7.240150434896517,0.5900991883444052,11.26937873819084,254,-0.1990561879917247,6.004438595971497e-11,True,0.3895246512722509,-0.2581143280481975,-0.2411357303515743,1.99460369351926e-06,0.1664588658880833,0.9746178643719828,0.4370709834690713,0.0266544054455665,-0.2550081916081347,2.157662484391456,0.094336208285319,1.6895180233491855,0.7550686887838547,2.2375686456690373,0.5094295288038109,100.68333542595306,0.270788343683199,4,-0.1902016706828004,1.0170128999046534e-10,0.955517497856975,-0.0088545173089242
9281,23.0,40.78549850000002,40.7854985,1.0,1.0876133,12393.41,80,6009,Saudi Arabia,1.0,1.0,True,1.1862673232633325,-0.5324223470947176,1.5690493567988455,1.9205850525092,3.6886469439217664,0.6370379625752511,4.790309464463099,254,-0.1910594932675151,1.8152800810874696e-24,True,0.5324223470947176,-0.2284680060303164,-0.0839492087093158,2.4384414356581736e-10,0.3238065891739975,0.3015598048214337,0.3355315084178553,0.3696597643349714,-0.2083717916633638,0.13069183621126,0.5599430404784698,1.2862492573826048,0.7845246783994226,1.639526827896344,0.284327179754598,102.1358083281666,0.2801258927431927,4,-0.1936583807231711,2.0973389438753363e-26,1.013602503655849,0.002598887455656
9282,23.0,41.8731118,41.8731118,1.0,1.0876133,12393.41,80,6009,Saudi Arabia,1.0,1.0,True,1.0819781413824408,-0.3960596181105311,1.4952398260982995,2.907020695650059,8.450769324937754,0.578513922983321,13.60771986499173,254,-0.3636402194334295,2.4515595495131636e-52,True,0.3960596181105311,-0.394538491632398,-0.2456592575624071,2.4964649316701392e-24,0.0087935999959889,0.1827238996157598,0.3164260461363624,0.5641536492886561,-0.3741302470286995,0.3413845237123507,0.5324577811056161,1.2118476998712802,0.7476199130491499,1.620940906895843,0.2928845258760723,110.62774280978678,0.2734661660695953,4,-0.3647024419102761,3.301213133280842e-54,1.002921080837817,0.0010622224768466
9283,23.0,42.96072509999999,42.9607251,1.0,1.0876133,12393.41,80,6009,Saudi Arabia,1.0,1.0,True,0.9430268946083172,-0.2697773625051566,1.3762344345432858,3.896968284402956,15.186361809642518,0.4900912440265808,29.98680499751769,254,-0.5142924206071979,3.1859779960511466e-67,True,0.2697773625051566,-0.5331446228658935,-0.39000884090958,1.8320239315625465e-35,0.0002787242602051,-0.008325447040658,0.3016543869303341,0.9780040332364108,-0.5138144635945509,0.5326318731619264,0.5171080433635493,1.154497965674639,0.6881172172716425,1.6777635215293372,0.3255449067563629,112.88709439880526,0.2586610693475314,4,-0.5121153281746745,1.608398669518528e-67,0.9957668199155004,-0.0021770924325233
9284,23.0,44.048338400000006,44.0483384,1.0,1.0876133,12393.41,80,6009,Saudi Arabia,1.0,1.0,True,0.7624673857151724,-0.1640884334972475,1.277565445672315,4.670214661444508,21.81090498397124,0.4223363061817828,50.64345253941616,254,-0.6270624332890187,1.9217680085883105e-72,True,0.1640884334972475,-0.6506927407756877,-0.4366486686583331,3.9941622458163725e-45,0.0001672109066354,-0.07333567619096,0.3030593276458601,0.8089929203314665,-0.6228522929155986,0.542483059745482,0.5017444589140545,1.160010673617026,0.6387827228361576,1.8159706456471567,0.3512872377878472,119.3251420390637,0.2685541772644976,4,-0.6197863110859377,5.621167604145576e-72,0.9883964948036884,-0.0072761222030809
9285,23.0,45.13595169999999,45.1359517,1.0,1.0876133,12393.41,80,6009,Saudi Arabia,1.0,1.0,True,0.707330616646128,-0.0776055989704807,1.2544234903867797,5.202865171250386,27.06980599021032,0.4071743946901104,65.4820930373395,254,-0.7012891882171999,3.064087741494594e-73,True,0.0776055989704807,-0.742922730262608,-0.4470770248097159,1.7614861193575892e-53,0.000256423805586,0.0603838962039865,0.3189975193814435,0.8500188829280899,-0.7047557776388443,0.6483598990054084,0.465994591460872,1.220960632990237,0.6272117451933898,1.946648229002432,0.3633681744843624,112.91495949883635,0.2922219469425919,4,-0.6953448562470379,2.919488698096513e-71,0.9915237079509616,-0.0059443319701619
9286,23.0,46.22356500000001,46.223565,1.0,1.0876133,12393.41,80,6009,Saudi Arabia,1.0,1.0,True,0.7635689204953703,-0.0132716320948127,1.230610926266903,5.352122679997844,28.645217181747302,0.3918624386463746,72.10018607728153,254,-0.7199065077642901,2.8251017577248265e-74,True,0.0132716320948127,-0.7877471275022391,-0.4386529727435568,6.59155391167069e-60,0.0002642075754613,0.3970127863531534,0.330888456962234,0.2313515751947492,-0.7426986826974944,0.8050896088322366,0.4027054590772822,1.2700663777838854,0.6153054631334512,2.0641233564156174,0.3537178188025821,95.71415416353072,0.2364952453950499,6,-0.7159599928248499,1.0579358118333209e-74,0.994518017413544,-0.0039465149394402
9287,23.0,47.3111782,47.3111782,1.0,1.0876133,12393.41,80,6009,Saudi Arabia,1.0,1.0,True,0.8365427527438277,0.022034463806374,1.198123457493199,5.047620632670556,25.47847405136151,0.3714456233625318,67.59274264888688,254,-0.6738097291382336,1.0411410298017516e-62,True,0.022034463806374,-0.7829933901644021,-0.3761165540462268,9.929630847874403e-60,0.001693872921922,0.9926581430245563,0.3406995726609894,0.0039005416485834,-0.7307974101963448,0.8142623696124622,0.3386488261694272,1.3261482218622265,0.5990617287465995,2.21370880199089,0.395202571786691,85.15645235738097,0.2116175443851039,4,-0.6697704816529003,3.712162772411228e-65,0.9940053589156403,-0.0040392474853332
9288,23.0,48.398791500000016,48.3987915,1.0,1.0876133,12393.41,80,6009,Saudi Arabia,1.0,1.0,True,0.9457797893813832,0.0188681119076885,1.234390941353818,4.316064437125696,18.62841222542116,0.3942734701728819,46.24744025321544,254,-0.5649418251631702,2.615660975925241e-44,True,0.0188681119076885,-0.7178120144470639,-0.2701223074200475,3.739288560364888e-48,0.0239756733710462,1.6664825117173336,0.3527747925373255,3.883680751277499e-06,-0.660613204614413,0.6211233920564071,0.292219356097862,1.409816509154539,0.6171954706769088,2.2842301606787934,0.4667808744425186,72.43501512566581,0.2652474720912208,4,-0.5478013237642672,6.0790237412918285e-47,0.9696597054148852,-0.0171405013989029
9289,23.0,49.4864048,49.4864048,1.0,1.0876133,12393.41,80,6009,Saudi Arabia,1.0,1.0,True,1.0299463374712474,-0.0161384514217977,1.2893465405897162,3.364349974439659,11.318850750512135,0.4301613852813384,25.31303305644059,254,-0.4174097071485713,2.5189682361592965e-27,True,0.0161384514217977,-0.6000977618615009,-0.1283697388130742,9.754776638684016e-35,0.3030366252205532,2.1314317277823047,0.364010278794992,1.5090293615208912e-08,-0.5397734356421522,0.487844768800349,0.2357056526313174,1.486695438916162,0.6446732702948581,2.306122352856639,0.5365858434149706,67.11705285822973,0.2811074801174035,4,-0.3942935490868124,4.413701322679102e-31,0.944619979684538,-0.0231161580617589
9290,23.0,50.57401809999999,50.5740181,1.0,1.0876133,12393.41,80,6009,Saudi Arabia,1.0,1.0,True,1.078755035665905,-0.0571198215269867,1.3290300443938432,2.552950842505813,6.517558004251142,0.4570478822973418,13.260120780979817,254,-0.2792522318141122,6.410129458038494e-16,True,0.0571198215269867,-0.4722083147910378,0.016163982005254,5.722211161076483e-27,0.9056015703012692,2.269723338941796,0.3675948191883239,2.708170209586109e-09,-0.4095551670579215,0.6244641909231834,0.187562603069759,1.511545504534003,0.664515022196922,2.274659645069803,0.577655481556069,64.39481561188586,0.2381065315775889,4,-0.2704692979791137,2.637284317147188e-21,0.9685483844553658,-0.0087829338349985
9291,23.0,51.661631400000005,51.6616314,1.0,1.0876133,12393.41,80,6009,Saudi Arabia,1.0,1.0,True,1.0879189348208644,-0.088060873107729,1.31038925160663,2.09827408312306,4.402754127905918,0.444316813367598,8.909042366720822,254,-0.1913016111613083,3.763160159373272e-10,True,0.088060873107729,-0.3715252801878824,0.0955746225093872,5.94460951440134e-23,0.5321580142220835,2.0925940869329187,0.3674934947114887,3.5066488963371296e-08,-0.3114357028908865,0.7171504575945316,0.1654259834271317,1.4959467188050266,0.6551946258033152,2.2832096905112578,0.5811889254318605,62.8363959553341,0.2007164976535971,4,-0.1743021467962726,1.8665179235844e-12,0.9111378923479037,-0.0169994643650356
9292,23.0,52.74924469999999,52.7492447,1.0,1.0876133,12393.41,80,6009,United Arab Emirates,1.0,1.0,True,1.061665267686486,-0.1128000728694685,1.2462362373306144,1.921555445808257,3.69237533131537,0.4018767245019023,8.187830760519427,254,-0.1653040909076531,4.288364641015308e-09,True,0.1128000728694685,-0.3153970416438121,0.0706716859792095,2.711443186568119e-20,0.6759195539306856,1.747567880607932,0.3612007468373431,2.30826021777625e-06,-0.2656305141655563,0.586658664601676,0.1162417760238313,1.4464155093729676,0.6231181186653073,2.321254134723491,0.567952204728872,59.29490731951471,0.1446854223090957,6,-0.1449171589007169,1.4860607386337219e-10,0.8766701302127766,-0.0203869320069361
9293,23.0,53.83685800000001,53.836858,1.0,1.0876133,12393.41,80,6009,United Arab Emirates,1.0,1.0,True,0.9764663796084456,-0.147581434028004,1.2442276302086126,1.969809710010766,3.880150293652698,0.4005823279515786,8.686274263506006,254,-0.1833130878365656,1.5039117991014187e-11,True,0.147581434028004,-0.3059947388702823,-0.0255266141671389,2.4247423712696818e-17,0.8795993000596922,1.5044200481144747,0.3620507075959423,4.480880168894514e-05,-0.2696805956053067,0.3741860665438324,0.0953860484637837,1.4332589994645426,0.6221138151043062,2.303853353946555,0.5314833981353291,59.69403588445857,0.1792977151485714,4,-0.144536798232078,3.3473896072606305e-10,0.7884696064960787,-0.0387762896044876
9294,23.0,54.92447129999999,54.9244713,1.0,1.0876133,12393.41,80,6009,United Arab Emirates,1.0,1.0,True,0.8764436639021119,-0.1800031046308896,1.357748010377534,2.1857481240009835,4.777494861573819,0.4770132619284498,9.015434041098894,254,-0.21615275562125,6.261827952061965e-15,True,0.1800031046308896,-0.3160925931773612,-0.1066059062092003,2.3432641498407443e-14,0.5136895627401071,1.266956993151397,0.3794398571417553,0.0009706238894805,-0.2888877062660564,0.5231432347588594,0.0651103725880209,1.4846107246770797,0.6788740051887667,2.186872252185103,0.494576826900941,66.57241446354116,0.206235102713504,4,-0.1988787859138467,7.1022794883361115e-16,0.920084434465081,-0.0172739697074033
9295,23.0,56.01208460000001,56.0120846,1.0,1.0876133,12393.41,80,6009,Oman,1.0,1.0,True,0.79022547901656,-0.208652035881053,1.4633234977510738,2.411247996486188,5.814116900558652,0.5540804109152271,9.49327279221968,254,-0.2428278295269447,1.2149331473936178e-16,True,0.208652035881053,-0.3320670127386091,-0.1248549519340573,2.099901841605539e-12,0.43875639326408,1.0812448571312678,0.4026118756973507,0.0077312881292363,-0.3049012004018119,0.7792022713456794,0.0521043510432985,1.5632169575696715,0.7316617488755373,2.136529564340516,0.4831137425389285,83.75958653710163,0.2290776324577647,4,-0.2362724930157911,2.412370047430493e-18,0.9730041794471246,-0.0065553365111536
9296,23.0,57.0996979,57.0996979,1.0,1.0876133,12393.41,80,6009,Oman,1.0,1.0,True,0.8253390789569747,-0.2211109868079588,1.5353228775369134,2.536451779025329,6.433587627320756,0.6099462224555026,9.547794855455647,254,-0.2508045302155006,6.825803422197514e-16,True,0.2211109868079588,-0.3304107805722762,-0.0657090302163393,1.005240620934094e-10,0.6942025137939262,0.7753813274243386,0.4281408057266151,0.0713490443558333,-0.2953185294167144,0.949451766221836,0.095495355862454,1.6494302979966171,0.7676614387684566,2.1486428973725245,0.4911765985208471,140.4136161816617,0.2499863790838261,4,-0.2442636692518048,6.90491249836458e-17,0.9739204831823588,-0.0065408609636957
9297,23.0,58.18731120000001,58.1873112,1.0,1.0876133,12393.41,80,6009,Oman,1.0,1.0,True,1.037083110684934,-0.2225870820300484,1.6387032500217094,2.5439108540738227,6.4714824334746055,0.6948526744663757,8.313459775404182,254,-0.2286362627518445,1.0368573440277846e-12,True,0.2225870820300484,-0.2876645848867714,0.0723185515020323,4.0701806353347365e-08,0.6806344613132674,0.1882816414649782,0.4579889849025446,0.6813518673285429,-0.2394453556992019,1.175318873414115,0.1749810048359571,1.753421872909675,0.8193516250108551,2.140011466855204,0.5027864029194492,130.2270350061978,0.2398454569855708,6,-0.1732494491836481,2.387816950388574e-09,0.7577514043416999,-0.0553868135681964
9299,22.0,40.54054049999999,40.5405405,1.0,1.0810811,12409.39,80,6009,Saudi Arabia,1.0,1.0,True,1.1682281002258206,-0.5405657127463058,1.492664110750178,1.467393872496236,2.1532447770395,0.5765225317096787,2.7348839960409674,254,-0.0690379919750596,5.422170031838605e-05,True,0.5405657127463058,-0.1252357540046591,0.1362266981071446,0.0001579765699079,0.1386239830555147,0.3538475477782667,0.338022469248965,0.2962074457270754,-0.0893520863465033,0.417173854626359,0.5234087886507904,1.2965512198119475,0.7463320553750887,1.7372310494694372,0.3484485849365371,104.94116893503816,0.2628430444308978,4,-0.0705407104513881,3.921468452004426e-06,1.0217665438020167,0.0015027184763284
9300,22.0,41.6216216,41.6216216,1.0,1.0810811,12409.39,80,6009,Saudi Arabia,1.0,1.0,True,1.0622630780470574,-0.5035244955151689,1.4460778060454795,1.65289704066078,2.732068627025164,0.5410973722465705,4.049125660473912,254,-0.1419365036753974,8.351794606690974e-15,True,0.5035244955151689,-0.1804402863971804,0.0564376933862018,3.448633153469221e-08,0.5520409425423526,0.1134183679483325,0.3259660411766964,0.7281775690222018,-0.1484477581532758,0.2538534844597624,0.4804119777316614,1.2478478137804585,0.7230389030227393,1.72583772265047,0.3521778367934733,106.2286594665299,0.2813060394001144,4,-0.1484176046143439,5.4431375456739395e-18,1.045661973989218,0.0064811009389465
9301,22.0,42.7027027,42.7027027,1.0,1.0810811,12409.39,80,6009,Saudi Arabia,1.0,1.0,True,0.9483211583937388,-0.4430692433356764,1.341248529616951,2.069541033583268,4.283000089684903,0.4654902845756631,8.20105151837755,254,-0.2263633959556769,2.579707530595454e-26,True,0.4430692433356764,-0.2480483917395198,-0.0197210113299246,1.2027764379509477e-13,0.8485162322462318,-0.149645863207558,0.3170931591558001,0.6373931919466129,-0.2177723510082648,0.4239651177503754,0.4616712159493374,1.2141307024082175,0.6706242648084755,1.8104485121112688,0.3806982527259675,113.54014124566066,0.2938796944000417,6,-0.2221426815819858,2.186454170288032e-27,0.981354254048576,-0.0042207143736911
9302,22.0,43.78378380000001,43.7837838,1.0,1.0810811,12409.39,80,6009,Saudi Arabia,1.0,1.0,True,0.8195383729051025,-0.3435764935488502,1.2922703500844477,2.755520581603377,7.592893675639814,0.4321145234595013,16.57148455657366,254,-0.3403756138546053,3.44568444555734e-39,True,0.3435764935488502,-0.354319073788585,-0.1178745352892421,3.628159848445498e-23,0.3059154203789487,-0.2898700962316144,0.3196433724901774,0.3653674743931354,-0.3237344119379016,0.3744016747796195,0.4346906665568705,1.2253787671505354,0.6461351750422233,1.896474320672079,0.3898779066637565,114.6349307320391,0.3600934359558516,4,-0.3369950132376661,4.739865793114019e-38,0.990068029320152,-0.0033806006169391
9303,22.0,44.86486489999999,44.8648649,1.0,1.0810811,12409.39,80,6009,Saudi Arabia,1.0,1.0,True,0.7636599765833773,-0.206898078099167,1.292923084490689,3.6636756496087055,13.422519265535776,0.4325511615841343,30.03105587875065,254,-0.4770799375149003,8.640634114401562e-54,True,0.206898078099167,-0.4925914873074351,-0.2133834147612794,2.3325459943613045e-36,0.0667363608270448,-0.3575156338451332,0.326078173936045,0.2739668542253876,-0.4565552613632717,0.4400997486241555,0.4216363413858072,1.2510044391117563,0.6464615422453447,1.935156784062765,0.3715259705477085,98.252890984683,0.3418840906821641,4,-0.4756458536431271,3.2720696557363437e-52,0.9969940386107132,-0.0014340838717731
9304,22.0,45.9459459,45.9459459,1.0,1.0810811,12409.39,80,6009,Saudi Arabia,1.0,1.0,True,0.7875204887396298,-0.0683060036420904,1.3034151509371188,4.452190831550976,19.82200320054657,0.4395999488683058,44.09100433604644,254,-0.5884043470989565,8.329635029724268e-65,True,0.0683060036420904,-0.624114700308665,-0.2726825716062813,1.1034226657456388e-49,0.0167401115741425,-0.1658927969983316,0.3381514672206073,0.6241539457890748,-0.5788805791516404,0.7614120751666041,0.3862082416933172,1.2948087252408542,0.6517075754685592,1.9867940376631708,0.3480271990646149,80.36077859268215,0.2761779104418787,4,-0.5882015919201932,3.2662809479007534e-64,0.999655415226344,-0.0002027551787633
9305,22.0,47.027027,47.027027,1.0,1.0810811,12409.39,80,6009,Saudi Arabia,1.0,1.0,True,0.8478091632856818,0.04489468559657,1.2717812724117914,4.783502362993499,22.881894856764387,0.4185207109137922,53.673267678448646,254,-0.6336266085178298,9.038314667492745e-66,True,0.04489468559657,-0.7104948940467424,-0.2892890482447168,4.7697384136439867e-57,0.0082787392951418,0.3962503880939871,0.345949908653359,0.2531528271898363,-0.6563750147990176,0.9255239691739914,0.3221307462135719,1.3275362815409435,0.6358906362058961,2.087680185797072,0.3567164776622956,73.36476515047252,0.1995730844402001,4,-0.6351871833785767,2.4049414277811054e-66,1.00246292507254,0.0015605748607468
9306,22.0,48.10810810000001,48.1081081,1.0,1.0810811,12409.39,80,6009,Saudi Arabia,1.0,1.0,True,0.909363490867554,0.1015835962039144,1.2801374591099437,4.500021168361602,20.25019051570252,0.4240385251800487,46.75554416218242,254,-0.5919452042194634,3.794677808036271e-53,True,0.1015835962039144,-0.7153398441617252,-0.2397413303877467,3.949588770421652e-52,0.0231088598839417,1.0871384330811429,0.3513445392096069,0.0022003863973896,-0.6543569204037232,0.7919217631022485,0.2819236283109363,1.3704843936934812,0.6400687295549718,2.141151926991269,0.4164480219509168,67.18908913976824,0.1971489974410671,4,-0.5957059628357517,6.670713169366763e-56,1.0063532208547026,0.0037607586162883
9307,22.0,49.18918919999999,49.1891892,1.0,1.0810811,12409.39,80,6009,Saudi Arabia,1.0,1.0,True,0.9378381489256896,0.0945563301882323,1.332904824475241,3.725457966702729,13.879037061668829,0.4597168086325502,29.190405921751463,254,-0.4747318552272369,2.1729915267982446e-34,True,0.0945563301882323,-0.6378670762471121,-0.1013299402337533,4.335972787557939e-40,0.3375270600345761,1.641108523434291,0.3620045386499295,9.052364409716132e-06,-0.5689465350466811,0.6068174099663775,0.236991520325053,1.441956661479478,0.6664524122376206,2.163630343295021,0.5034634243455756,68.77690499648452,0.1908292737576703,6,-0.4784037519462024,4.5826330718203415e-39,1.0077346752246232,0.0036718967189655
9308,22.0,50.27027029999999,50.2702703,1.0,1.0810811,12409.39,80,6009,Saudi Arabia,1.0,1.0,True,1.0311029689939284,0.0549348064387838,1.4629431322460005,2.91189091789322,8.479108717709018,0.5537924012100949,14.310987834396553,254,-0.3321902001135458,3.216629829875133e-21,True,0.0549348064387838,-0.5181068867774025,0.0631017088196367,5.96750974643241e-32,0.578744351538467,1.9338349419612684,0.3766063859869005,5.726033909877625e-07,-0.4432100609447233,0.9929717439304035,0.1930042629486712,1.5163352634687872,0.7314715661230003,2.072992763759471,0.540436852275711,66.07308523030952,0.1523276448060308,4,-0.3349993761332214,7.39028588377112e-29,1.0084565288762746,0.0028091760196756
9309,22.0,51.3513514,51.3513514,1.0,1.0810811,12409.39,80,6009,Saudi Arabia,1.0,1.0,True,0.9840135578119004,0.0192968679970933,1.4134103661126023,2.48822298356995,6.191253615965742,0.5169263226739371,10.977052327186314,254,-0.2347109811052253,5.5655611321200496e-14,True,0.0192968679970933,-0.4147787924648197,0.1402601110855659,3.324244773310479e-26,0.2708126719121356,1.8894783029223556,0.3699595208733515,6.537238863019191e-07,-0.3431843640616965,1.5077546448439805,0.168607767379994,1.4888014188437864,0.7067051830563015,2.1066796374764625,0.5582646364661872,66.0247713001445,0.1018641493773685,4,-0.2402449270341768,4.8500708047654284e-23,1.0235777035351852,0.0055339459289514
9310,22.0,52.43243240000001,52.4324324,1.0,1.0810811,12409.39,80,6009,Saudi Arabia,1.0,1.0,True,0.9289333936143612,-0.0001389578318077,1.3469585114018665,2.395853816188356,5.740115508544307,0.4694621044119587,11.227005022555105,254,-0.2049044432716473,9.19506942816864e-13,True,0.0001389578318077,-0.3648546194138438,0.1284832096978971,2.972280950202398e-25,0.3630928571174251,1.6738130512350415,0.3579204464934367,4.806335334893322e-06,-0.3009966629194425,1.7527603056287338,0.1288799561245874,1.4291958317275797,0.6734792557009331,2.1221081713053267,0.5489739476087504,65.48055292184776,0.0722379021761938,4,-0.1732650760443624,7.514476257871284e-18,0.8455896479251076,-0.0316393672272848
9311,22.0,53.51351349999999,53.5135135,1.0,1.0810811,12409.39,80,6009,Saudi Arabia,1.0,1.0,True,0.8936238037037737,-0.0007984165149323,1.2851103038995209,2.460114655249048,6.05216411697114,0.4273393792549165,13.1624301685544,254,-0.2365642411423246,1.8965223528662455e-16,True,0.0007984165149323,-0.3753231217833886,0.046171421859001,8.732742959919013e-27,0.759095598710455,1.4636764134711713,0.3523529436231396,4.5041565014161615e-05,-0.3205926906234597,1.5617281910852998,0.0679595868699461,1.3948404184000975,0.6425551519497605,2.17077151146888,0.5296339699817298,72.96684579147646,0.0995123290582467,4,-0.1958267810722662,1.1975025369959748e-20,0.8277953596310891,-0.0407374600700583
9312,22.0,54.59459459999999,54.5945946,1.0,1.0810811,12409.39,80,6009,Saudi Arabia,1.0,1.0,True,0.8569747882335543,0.0021654879051151,1.3423336087138251,2.6791334086192906,7.177755821180018,0.4662437587880373,14.394856630012614,254,-0.299172313651265,4.316349288249185e-23,True,0.0021654879051151,-0.4252405917686112,-0.0614294402550638,1.4343707249829207e-26,0.6765350021070836,1.3675981951701448,0.3607075037551017,0.0001883284593789,-0.3776849922704519,1.0332002188322078,0.0482758815644934,1.420108568547275,0.6711668043569127,2.115880224302766,0.4926746259105281,82.83946678973734,0.1509018044913623,4,-0.2713821585381566,4.119435772300463e-29,0.9071098699811428,-0.0277901551131083
9313,22.0,55.6756757,55.6756757,1.0,1.0810811,12409.39,80,6009,Oman,1.0,1.0,True,0.8113747788459499,-0.0043249512310413,1.4504386227726964,2.9090650728721648,8.462659598204732,0.5443657777595321,14.54590671190764,254,-0.3445426217933899,5.13352516159987e-27,True,0.0043249512310413,-0.4619887559991003,-0.1036221609075755,1.9815060941752583e-24,0.4766152078511863,1.2275563421785507,0.3838458312115301,0.0015643641903238,-0.4150156137297519,0.3875606660394101,0.0291445258565651,1.4991666114850528,0.7252193113863483,2.0671906938319204,0.4667158320535681,75.15760999328145,0.1816608054278455,4,-0.341217179685517,5.728509429950794e-35,0.9903482417050072,-0.0033254421078729
9314,22.0,56.756756800000005,56.7567568,1.0,1.0810811,12409.39,80,6009,Oman,1.0,1.0,True,0.7875677079477603,-0.0332315696325774,1.5078105211435495,2.9777454823909406,8.866968157899656,0.5882821109405276,14.0726462576321,254,-0.3475123347721703,2.9015785981787708e-24,True,0.0332315696325774,-0.4567285194989591,-0.056015228306217,1.4467281787392762e-20,0.7241038814009514,0.9834910605301448,0.4132223561355634,0.0180698190199284,-0.4039737412239679,0.362322034113932,0.0247574607850561,1.5995227945740351,0.7539052605717746,2.1216496000584075,0.4861032191760754,84.29083523961404,0.1969818738091022,6,-0.3469823158418438,4.383156982609853e-28,0.9984748198055358,-0.0005300189303265
9315,22.0,57.83783779999999,57.8378378,1.0,1.0810811,12409.39,80,6009,Oman,1.0,1.0,True,0.933942069564835,-0.0843050331340112,1.590184381869148,2.7975099314154,7.826061816367795,0.6543152926150555,10.960689142828878,254,-0.2969730377002375,1.0199748449820584e-17,True,0.0843050331340112,-0.3952301444976834,0.0950263700646535,6.624663086490015e-16,0.5912173772775259,0.5794359518472925,0.448608259181423,0.1976925840409586,-0.3302379753321044,0.7834315942758757,0.0814254729947077,1.722708771909972,0.7950921909345743,2.1666780174070763,0.5082156239091243,91.75207934652768,0.2118885179573813,4,-0.2463966898740353,2.0861866069319906e-18,0.8296938058152823,-0.0505763478262021
9316,22.0,58.9189189,58.9189189,1.0,1.0810811,12409.39,80,6009,Oman,0.9937737568372476,0.9937737568372476,True,1.2986999575359488,-0.149497764304682,1.847902290361592,2.517900424649173,6.339822548448486,0.883588613935629,6.175084024917452,254,-0.1990219015764358,2.618921009381058e-09,True,0.149497764304682,-0.275175044837212,0.3344912017508182,3.3675723021026572e-09,0.087965633885869,-0.0968738604078606,0.5010451599838904,0.8468487992904362,-0.1934604535607367,1.1034994420350592,0.2010246559905362,1.9177526398786624,0.9239511451807952,2.075599613552515,0.505840345285811,85.54025526934615,0.283958197688561,4,-0.124527998225004,7.214951124040593e-06,0.6256999719057461,-0.0744939033514317
9318,21.0,41.25,41.25,1.0,1.0714286,12384.43,80,6009,Saudi Arabia,1.0,1.0,True,1.1244760415997272,-0.4088773082457848,1.4442705573370405,1.7093054154154546,2.9217250031686,0.5397457347967127,4.413150701911567,254,-0.1423357407436327,1.824057077372925e-12,True,0.4088773082457848,-0.1891679731587252,0.1386590468060413,3.4032219339982386e-08,0.1714043859453791,0.0525403026850767,0.3464489025305782,0.8795837669520656,-0.145352035963849,0.2226931840707721,0.4366226030911316,1.3259961555539537,0.7221352786685201,1.8362157267802204,0.3953620991969827,134.94000410040218,0.2425282897759542,6,-0.1267140010084706,2.2925295511374152e-12,0.8902472446235469,-0.0156217397351621
9319,21.0,42.32142859999999,42.3214286,1.0,1.0714286,12384.43,80,6009,Saudi Arabia,1.0,1.0,True,1.0605234984647576,-0.3698444712108147,1.430283107066791,1.978695732107008,3.915236800258486,0.5293417171620782,6.396425925485269,254,-0.2035533329865906,2.3259273736643657e-21,True,0.3698444712108147,-0.2252332157371481,0.0462663991674885,5.851013005610142e-12,0.6744098359899791,-0.2429510044471726,0.3391806049247681,0.4744901934712658,-0.189605717232391,0.1998089991342913,0.4132058583915206,1.2994646141346142,0.7151415535333964,1.817073288098243,0.3798322668745529,115.54243576092026,0.3371007819792239,4,-0.192777741082305,1.2739528068874594e-20,0.947062562198402,-0.0107755919042855
9320,21.0,43.392857100000015,43.3928571,1.0,1.0714286,12384.43,80,6009,Saudi Arabia,1.0,1.0,True,0.992203498396972,-0.2837135924373333,1.402505708493913,2.5456327086916537,6.480245887560805,0.5089807748755066,11.731808758682154,254,-0.30272201117525,7.484591622892481e-35,True,0.2837135924373333,-0.3041256200058384,-0.0910184436667586,9.554185853128608e-20,0.4493636243841356,-0.4543064090069688,0.3363858703720702,0.1780752272502352,-0.276640656863018,0.2762971002604111,0.3932949868537937,1.2921658216139038,0.7012528542469562,1.8426532081662648,0.3675345238814756,106.70581362210214,0.3672213749957052,4,-0.2979148323749759,1.5953596065298054e-34,0.9841201543897938,-0.004807178800274
9321,21.0,44.464285700000005,44.4642857,1.0,1.0714286,12384.43,80,6009,Saudi Arabia,1.0,1.0,True,0.9106120351123486,-0.1477919536734036,1.3793547723640318,3.426434725376839,11.740454927268257,0.4923161322306411,22.84739024104956,254,-0.4402074949577683,8.654205418344692e-53,True,0.1477919536734036,-0.4324802926837565,-0.2578320491093059,1.0272386281314771e-31,0.0394565141732554,-0.5243480637582709,0.3363474527148003,0.1202891104725172,-0.4101051073121591,0.3028374972419663,0.3824134047516326,1.2935914695661217,0.689677386182016,1.8756472163417053,0.3390154467865783,82.68363191901395,0.3603431464477764,4,-0.4382075542334703,1.7626145765061172e-51,0.9954568226411276,-0.001999940724298
9322,21.0,45.5357143,45.5357143,1.0,1.0714286,12384.43,80,6009,Saudi Arabia,1.0,1.0,True,0.8666155277305639,0.0038184045729519,1.3704272106847906,4.326205595659301,18.71605485591385,0.4859639459601368,37.51325805443417,254,-0.5722271748554868,2.816300121978193e-74,True,0.0038184045729519,-0.5762179292693005,-0.3992379932108602,5.9725152069236134e-46,0.0009008091265328,-0.3268651215623289,0.3335785894937276,0.3281068900542583,-0.5534621192041419,0.5932229952165485,0.3662867363083216,1.2791559539775132,0.6852136053423954,1.8667988259490704,0.2818799700741018,55.44169218434641,0.3162854699428439,4,-0.5722227649114896,8.232498126984506e-74,0.999992293368454,-4.409943997196741e-06
9323,21.0,46.60714289999999,46.6071429,1.0,1.0714286,12384.43,80,6009,Saudi Arabia,1.0,1.0,True,0.8737698794743919,0.1211229025587147,1.3771075600553098,4.823063497709182,23.261941502934725,0.490713299248638,46.40434289951494,254,-0.6419744894064928,3.2175553766687573e-90,True,0.1211229025587147,-0.6824727620508173,-0.4452045983456222,1.5374069452043167e-58,3.799813671873793e-05,0.1733172705519871,0.3304041616296551,0.6003585759641296,-0.6519244902254896,0.8891914548425232,0.33443078517318,1.2652319165886114,0.6885537800276547,1.8375208346656604,0.2328403551155548,58.45284655612584,0.2453277366720918,4,-0.6429859681235784,3.635921359365814e-89,1.001575574627616,0.0010114787170856
9324,21.0,47.67857140000001,47.6785714,1.0,1.0714286,12384.43,80,6009,Saudi Arabia,1.0,1.0,True,0.8336369793613306,0.1812234829216465,1.344269719027107,4.657140118934418,21.68895408738848,0.4675896989428493,45.38458489659626,254,-0.6173523867589158,1.3091789283940148e-76,True,0.1812234829216465,-0.7132016389831227,-0.3797627635990652,1.5557944568498697e-57,7.166790362775169e-05,0.9202491692011052,0.3267909508668821,0.005254844314405,-0.670183128658272,0.9052228360565618,0.2893991471933736,1.2706175171222074,0.6721348595135533,1.8904204999005647,0.2945782393088414,66.08538300730288,0.1713114875783789,4,-0.6278812168863449,8.646797867282357e-79,1.0170548139980558,0.0105288301274291
9325,21.0,48.75,48.75,1.0,1.0714286,12384.43,80,6009,Saudi Arabia,1.0,1.0,True,0.8884680511536333,0.1717375856057247,1.407062938430069,3.9278912731132096,15.428329853398912,0.5122938607489748,29.116171665306823,254,-0.5095093219032304,4.627516798187571e-50,True,0.1717375856057247,-0.6559915312557614,-0.2121225263269879,6.846174387249253e-47,0.0150709790005676,1.5530071084432082,0.3408909879144848,8.208723211004468e-06,-0.5986661725258244,0.6146538275761139,0.2602045433837766,1.3583710831798874,0.7035314692150347,1.930789371363146,0.3965124657726154,73.02799112706757,0.1509330570863928,6,-0.5248740407807303,1.861866319889688e-55,1.030155913183504,0.0153647188774999
9326,21.0,49.82142859999999,49.8214286,1.0,1.0714286,12384.43,80,6009,Saudi Arabia,1.0,1.0,True,1.004600416549816,0.1153017980758758,1.5771970452536328,2.9869169736764194,8.9216730076363,0.6436711038888797,12.860608241901902,254,-0.3554036806461951,8.626293553230043e-29,True,0.1153017980758758,-0.5342196247581166,0.0052067080725639,1.1558138501004449e-35,0.9538505821275426,1.9014450735606196,0.3665182482728062,4.435617685234421e-07,-0.4645640659843229,0.6719255146269758,0.2176078196540007,1.4771921967407835,0.7885985226268163,1.8731866144261424,0.4599154133864305,70.78994009488574,0.1039255869512198,4,-0.3586729806622423,2.1200197735555968e-39,1.0091988355610242,0.0032693000160471
9327,21.0,50.892857100000015,50.8928571,1.0,1.0714286,12384.43,80,6009,Saudi Arabia,1.0,1.0,True,0.9761417165432164,0.0590558895845806,1.5263932871286294,2.4278220207863863,5.894319764615292,0.6028718394431803,8.777069318844545,254,-0.2302972189392406,3.4837738857005293e-15,True,0.0590558895845806,-0.4198401601716268,0.1403839251250141,9.539809735477683e-27,0.1679830942289565,2.0433662178009566,0.3656157236815587,6.03109185719805e-08,-0.3476051795128149,1.3872473447575508,0.1854802835653156,1.485132462460902,0.7631966435643144,1.9459368368353551,0.5190699053381214,67.01995484375706,0.0839097137402233,4,-0.1869006994187773,2.038976156244969e-20,0.811562989252108,-0.0433965195204633
9328,21.0,51.964285700000005,51.9642857,1.0,1.0714286,12384.43,80,6009,Saudi Arabia,1.0,1.0,True,0.9451273174441192,0.0236618275498496,1.498938050819934,2.3669735887002297,5.602563969604444,0.5813791761285505,8.636678091761656,254,-0.176554902915564,6.396317625039125e-12,True,0.0236618275498496,-0.3512290266843825,0.1529684564197411,6.870106785681458e-24,0.1697882253497441,1.9075403395535249,0.3545773998811104,1.7302971492152354e-07,-0.2860652124212508,1.975077276863296,0.18022482014831,1.4343467979393436,0.7494690254099672,1.913817315071482,0.4981171795739214,69.80833334693065,0.0687988084113526,4,-0.160365990018616,3.600621358651663e-21,0.908306636464861,-0.0161889128969479
9329,21.0,53.0357143,53.0357143,1.0,1.0714286,12384.43,80,6009,Saudi Arabia,1.0,1.0,True,0.8738937856937148,0.0227379604909419,1.403413604586036,2.4306013818485974,5.907823077444312,0.5096399539744537,10.5921505591778,254,-0.1899241017144701,5.693748490877745e-14,True,0.0227379604909419,-0.3475277018534484,0.1167528669210156,2.874409852733349e-26,0.3323676523851859,1.6941538947115338,0.3437656569648475,1.5221969240538252e-06,-0.2871840723232953,2.0817304629654845,0.106894421102605,1.378832992269758,0.7017068022930179,1.964970252196567,0.4929517277745711,74.91371980092177,0.0827854237357415,4,-0.1567796951971022,4.376267738571e-21,0.8254860430131356,-0.0331444065173679
9330,21.0,54.10714289999999,54.1071429,1.0,1.0714286,12384.43,80,6009,Saudi Arabia,1.0,1.0,True,0.8457356760977185,0.0443182899317631,1.3833136365897114,2.591819973642409,6.717530775771739,0.4951461650517113,12.566763210354631,254,-0.2586238160653587,4.068516583648563e-22,True,0.0443182899317631,-0.4015032670903489,0.0137907077645801,1.553344391066829e-30,0.9096139480169184,1.540036857943044,0.3441883011425516,1.1700156902233391e-05,-0.3470360553593289,1.6813970493416028,0.083643830507769,1.3696279294227225,0.6916568182948557,1.980213153684036,0.4613835268913604,77.8303359231601,0.1164492319617004,4,-0.2275904747102002,2.21729727765477e-29,0.8800058640101581,-0.0310333413551585
9331,21.0,55.17857140000001,55.1785714,1.0,1.0714286,12384.43,80,6009,Saudi Arabia,1.0,1.0,True,0.8246397008200947,0.0578546907903407,1.4345046844582394,2.8520082191886487,8.133950882319608,0.5324711044633621,14.275854058817352,254,-0.3298228199354436,3.190155159461403e-29,True,0.0578546907903407,-0.4623979043128019,-0.0588415495097832,1.106924253771196e-30,0.6272955677969259,1.376930782958299,0.3597179167950639,0.0001639052686139,-0.4088712746826514,1.0360450100056016,0.0758248078871486,1.4169631886912442,0.7172523422291193,1.9755434806772776,0.4400690871132372,77.55905263591558,0.1282418313565731,4,-0.3217714354923071,3.5461446243005743e-38,0.9755887587016798,-0.0080513844431365
9332,21.0,56.25,56.25,1.0,1.0714286,12384.43,80,6009,Oman,1.0,1.0,True,0.895180359149911,0.0445031384663546,1.5562975188793,3.0380260182235155,9.229602087403029,0.6267254827201005,13.726706256373852,254,-0.3582489686337419,4.661689570008868e-29,True,0.0445031384663546,-0.4879756166453738,-0.0419174169779953,1.9473793198682075e-27,0.7493546829732204,1.2258545983164886,0.3971172554391349,0.0022533498984032,-0.4286242648657614,0.6807354787959603,0.0568416928108309,1.5488923826964145,0.7781487594396502,1.9904836496967253,0.4396972648813387,75.79558080527931,0.1147940046302793,6,-0.3833437941817488,1.4968734200161854e-30,1.0700485632762915,0.0250948255480069
9333,21.0,57.32142859999999,57.3214286,1.0,1.0714286,12384.43,80,6009,Oman,1.0,1.0,True,1.01578494817585,-0.0078365299549392,1.6367315701936331,2.9676329405732846,8.806845269975641,0.6931815936324547,11.704961226430502,254,-0.3250927906618533,1.1900863826497924e-21,True,0.0078365299549392,-0.4529092198466192,0.0864256161707069,3.254820247695384e-22,0.57763572131737,0.9757826536446536,0.4422405843905869,0.028273059419602,-0.3811116638647743,0.9545477811454508,0.0181813137002024,1.709148678340418,0.8183657850968165,2.0884899020286114,0.4734525222917202,66.60770309080058,0.1256538701309918,4,-0.3334546113041446,1.5590816865471338e-30,1.0257213352079186,0.0083618206422912
9334,21.0,58.392857100000015,58.3928571,1.0,1.0714286,12384.43,80,6009,Oman,0.8695133630175165,0.8695133970141598,True,1.1816786470556755,-0.0915050886534884,1.753553736718234,2.663286587791541,7.093095448710312,0.7956650129424131,7.914675564883334,254,-0.2354581888813365,6.972325872297409e-12,True,0.0915050886534884,-0.3486124174617182,0.3067073159168013,5.0692866762683e-15,0.1097663469931128,0.4469645237959017,0.4922360426547094,0.3647480562071896,-0.2611180516501663,1.1728111523467155,0.0596400185125775,1.8870348651976288,0.8767768683591171,2.152240704900443,0.5068579187752139,62.24247418654463,0.1699499310456527,4,-0.2237125152180095,5.767360883174401e-18,0.9501156714101524,-0.0117456736633269
9335,20.0,42.07100589999999,42.0710059,1.0,1.0650888,12392.71,80,6009,Saudi Arabia,1.0,1.0,True,1.18373773564552,-0.1885293240147624,1.538563906003151,2.5763960289556285,6.637816498018331,0.6125241031640813,9.83682497346592,254,-0.3012093866195411,1.6457258456682098e-35,True,0.1885293240147624,-0.3186816054145853,-0.1005033170118738,1.2309908096479306e-18,0.3672192625751689,-0.1944472513353891,0.3571492387687274,0.5866281217369359,-0.2900463311209332,0.2065568667313586,0.3699984291708841,1.3677068484863002,0.7692819530015753,1.7779006034780844,0.3297444191452182,149.53321993350983,0.1997396997315329,4,-0.2697441997859305,1.3011251044887498e-26,0.8955371637426611,-0.0314651868336106
9336,20.0,43.1360947,43.1360947,1.0,1.0650888,12392.71,80,6009,Saudi Arabia,1.0,1.0,True,1.159155399048576,-0.0949142392733883,1.5474322066498882,3.1753175783474767,10.082641723362483,0.6196056459889412,15.27267567465394,254,-0.3986093974464799,2.5347452000755763e-51,True,0.0949142392733883,-0.3925832890508459,-0.3169671266387673,2.8861430049599336e-27,0.0107780320105619,-0.2741205329357855,0.3533209092505693,0.4385856130917124,-0.382872364901895,0.0919827005487824,0.3530970526980895,1.3538817385756965,0.7737161033249448,1.7498430403058238,0.293866257772646,109.76097108330578,0.3008197123689247,4,-0.3836076026840452,5.433458713164582e-43,0.962364673641572,-0.0150017947624346
9337,20.0,44.20118339999999,44.2011834,1.0,1.0650888,12392.71,80,6009,Saudi Arabia,1.0,1.0,True,1.049007945600934,0.0238273532271348,1.5011352592280185,3.909474736922344,15.283992718634034,0.5830848469609867,25.21229620061909,254,-0.5107495388321237,4.4022451382372924e-67,True,0.0238273532271348,-0.4918838564013359,-0.5456171094933384,6.22999213406132e-38,5.223633400466416e-05,-0.2100187263094795,0.3479013540091742,0.5466149159384969,-0.498692537864309,0.1882504361172805,0.338657825032584,1.3324751441709215,0.7505676296140095,1.775289916054822,0.2746501433588757,92.0788436724494,0.297800007059823,6,-0.5081642394698119,3.318834589747222e-64,0.9949382247740776,-0.0025852993623117
9338,20.0,45.2662722,45.2662722,1.0,1.0650888,12392.71,80,6009,Saudi Arabia,1.0,1.0,True,0.969150871422385,0.1442991108633577,1.4493729965008164,4.598444603735302,21.14569277362232,0.5435661887646595,37.90178088832064,254,-0.6117466893843528,3.5536506501279307e-79,True,0.1442991108633577,-0.5972627387134947,-0.7350758138367731,3.606999917979455e-46,1.213307084734157e-07,0.051485022637958,0.3461671654478721,0.8818889986132441,-0.6147024018519105,0.3336085470683272,0.3277922683733617,1.3249154806834769,0.7246864982504081,1.8282601978678863,0.2629878347675006,55.219031968930125,0.3068688689516758,4,-0.6120052564956959,2.025504746827938e-78,1.000422670225814,0.000258567111343
9339,20.0,46.33136089999999,46.3313609,1.0,1.0650888,12392.71,80,6009,Saudi Arabia,1.0,1.0,True,0.9203005892752238,0.2242080247321841,1.436084984401886,4.884499949927215,23.85833976083897,0.5336449278163887,43.70826670922263,254,-0.6530507854175369,3.240249834023451e-92,True,0.2242080247321841,-0.6746598474015828,-0.7866067651195401,7.846302613776671e-55,1.400806926272222e-09,0.619578973359396,0.3357073178603679,0.066148151169154,-0.6886203006350675,0.5554578453087438,0.3227667047235156,1.2936528152122468,0.7180424922009434,1.8016382446210712,0.2208794632943825,54.38655908141905,0.2300986516385897,4,-0.6548831891653272,1.0793200449654799e-92,1.002805913090846,0.0018324037477902
9340,20.0,47.396449700000005,47.3964497,1.0,1.0650888,12392.71,80,6009,Saudi Arabia,1.0,1.0,True,0.824112621312084,0.2451884217505507,1.3769806765960784,4.543831060819005,20.64640070926356,0.4906228770705839,41.08201792900344,254,-0.6049887347057681,1.286555055914053e-88,True,0.2451884217505507,-0.6828295008141363,-0.643799728444403,1.0120721982655238e-54,1.145811973864628e-09,1.2617099248172443,0.3103758797625014,6.457279514771002e-05,-0.6774224555074315,0.6794368751399361,0.285815759105182,1.2269681976697169,0.6884903382980395,1.782113893860594,0.2320132844124146,68.54386139661074,0.1144390867413218,4,-0.6073344935016187,6.3009770891859645e-99,1.0038773594635468,0.0023457587958506
9341,20.0,48.46153850000002,48.4615385,1.0,1.0650888,12392.71,80,6009,Saudi Arabia,1.0,1.0,True,0.8508168314009406,0.2072243069901186,1.4345917021118573,3.7454543811187326,14.028428521041509,0.5325357062621061,25.34270032240228,254,-0.4869726998462544,5.587168844303494e-63,True,0.2072243069901186,-0.6216311464045092,-0.3943562456460613,1.2994314803011384e-46,1.3308450040449817e-06,1.8312572056296792,0.3118323846905088,1.3781692246153704e-08,-0.5921036578735757,0.5360017362132357,0.2780713918025564,1.274045150179001,0.7172958510559285,1.7761780558238058,0.3025359053658903,75.77046328379461,0.1211874825615182,4,-0.4862230482856745,2.8768687290226026e-88,0.998460588117534,-0.0007496515605799
9342,20.0,49.52662720000001,49.5266272,1.0,1.0650888,12392.71,80,6009,Saudi Arabia,1.0,1.0,True,1.000007609918701,0.1317777672526883,1.63214332928655,2.7731486356759016,7.690353355551114,0.6893006564224244,10.156747471364994,254,-0.3298842327163211,1.6361338407000946e-33,True,0.1317777672526883,-0.5059809355915553,-0.1086458859675081,6.163901421890513e-35,0.1506893105480648,2.173548390409384,0.3442053505017498,1.24858565815412e-09,-0.4546658438957892,0.2756548344962731,0.2605637247325867,1.4197063862429178,0.8160716646432743,1.7396834711367015,0.38101972599853,78.96869375991324,0.1043866577161332,4,-0.3095968032052837,1.3304600944182056e-49,0.9385013665430828,-0.0202874295110374
9343,20.0,50.59171599999999,50.591716,1.0,1.0650888,12392.71,80,6009,Saudi Arabia,1.0,1.0,True,0.9998874305226376,0.0515433244514533,1.627489474086461,2.0771785881575027,4.314670887099997,0.6853753492344189,5.2953400525997765,254,-0.188034272115063,6.889418930630302e-14,True,0.0515433244514533,-0.3810326628240744,0.1073380272241468,5.825845911268766e-25,0.205402739275017,2.2707776049735044,0.3560309877905098,8.765189914229888e-10,-0.3183977318977454,0.7972593531431519,0.2224217165052045,1.470538826175638,0.8137447370432308,1.807125452533052,0.4544348384762081,80.90235607388118,0.0923062672197059,4,-0.1455818914328557,8.8815770534706e-17,0.7742306218717958,-0.0424523806822073
9344,20.0,51.65680470000001,51.6568047,1.0,1.0650888,12392.71,80,6009,Saudi Arabia,1.0,1.0,True,0.923145771761164,-0.0073376865190106,1.5468203683121555,1.8931866350746187,3.584155635225158,0.6191157718075777,4.789152527581093,254,-0.1092902479855737,9.548200282209074e-07,True,0.0073376865190106,-0.2884286374296894,0.171897169053825,6.826488132296067e-18,0.0695779264893121,2.08953573107551,0.3462265031237437,5.778952704939301e-09,-0.2292487620408147,1.3803873701905078,0.1978835509481055,1.4194249835419996,0.7734101841560775,1.835280957789345,0.4639110404766083,79.03067858424038,0.0820355955182198,4,-0.0815954878619609,3.6639248588539225e-08,0.7465944067830417,-0.0276947601236128
9345,20.0,52.72189349999999,52.7218935,1.0,1.0650888,12392.71,80,6009,Saudi Arabia,1.0,1.0,True,0.884539707542139,-0.0359562815131628,1.4603698836974066,1.8795485321051928,3.5327026845387866,0.5518459247311853,5.401610533337966,254,-0.0898569284822069,1.96690964400858e-05,True,0.0359562815131628,-0.2538017035740105,0.1779877179018014,3.3715325859944493e-16,0.080054372398504,1.8810519805536865,0.334899378367125,5.227479918522796e-08,-0.1978465632570782,1.596073793111379,0.1575919477744372,1.3611274886702955,0.7301849418487038,1.8640859468070552,0.465065368396004,82.74481364215413,0.120365730896435,6,-0.0405515281824162,0.0123180366381984,0.4512899435511654,-0.0493054002997906
9346,20.0,53.78698220000001,53.7869822,1.0,1.0650888,12392.71,80,6009,Saudi Arabia,1.0,1.0,True,0.8294288463539045,-0.0337778193702665,1.4212049627763637,1.881249888812544,3.5391011441572098,0.5226434765585892,5.77153987927078,254,-0.1299910068106102,1.9488676564136087e-10,True,0.0337778193702665,-0.2751477642127335,0.1119220690077219,6.527769636574348e-20,0.2706993245129613,1.64184311427433,0.3300785951829921,1.2284266618090486e-06,-0.2242478588811912,1.366360891441805,0.1246061390427077,1.3250426064892271,0.7106024813881824,1.864674893761584,0.4193087460319051,85.54704995825887,0.160787270933694,4,-0.0822575870950498,9.65448358630916e-06,0.6327944456564955,-0.0477334197155604
9347,20.0,54.852071,54.852071,1.0,1.0650888,12392.71,80,6009,Saudi Arabia,1.0,1.0,True,0.8585401576991115,-0.0332165177413901,1.4610055154104935,2.067089722946884,4.272859922712626,0.5523264154775223,6.736113651233681,254,-0.1907638563073064,1.7000565341609148e-17,True,0.0332165177413901,-0.3285142822132444,0.0612318058479138,2.0398325596329509e-22,0.5470866318902659,1.49259568720777,0.3462642267227548,2.353695032086587e-05,-0.276452537319019,1.038458439460553,0.1273687476650594,1.3741701423268775,0.7305027577052469,1.8811293014739672,0.4000468090511012,80.96429076666632,0.178060054353343,4,-0.1491231818086569,1.9237849805965115e-15,0.7817161211525865,-0.0416406744986494
9348,20.0,55.91715980000001,55.9171598,1.0,1.0650888,12392.71,80,6009,Oman,1.0,1.0,True,0.948146934561678,-0.0441826297996871,1.595208968849354,2.380606353622509,5.6672866109078575,0.6584567723554311,7.606922806238052,254,-0.2284758778125515,4.8119703203084603e-20,True,0.0441826297996871,-0.3641061878659331,0.0753561241295308,3.1633254374728383e-22,0.4983865447920617,1.332443634951662,0.3851526087829028,0.0006372716338878,-0.3049703622734108,1.2119169857644734,0.1020738925651303,1.509351936260805,0.7976044844246776,1.8923563818093627,0.3890331461824277,77.04674131702632,0.0769135463042433,4,-0.2011837149670066,3.475688824488212e-26,0.8805468520053737,-0.0272921628455448
9349,20.0,56.9822485,56.9822485,1.0,1.0650888,12392.71,80,6009,Oman,1.0,1.0,True,1.1246836975611951,-0.082596873871836,1.7321764083988092,2.588658327317144,6.701151935588389,0.7763835805934279,7.631238608197216,254,-0.2224780309810206,1.0048675264370708e-15,True,0.082596873871836,-0.359859615335917,0.1710874105839858,2.5932529099278015e-18,0.1946683952635367,1.1462270811041844,0.4373446598789897,0.0093142568661264,-0.2882819774626444,1.614923791289009,0.0802209057394002,1.696926556819795,0.866088204199404,1.9592999287969783,0.4142059526677041,70.61498635914177,0.0986907562163062,4,-0.1506464127709222,2.7981485778178054e-13,0.6771293871428309,-0.0718316182100983
9351,19.0,42.8823529,42.8823529,1.0,1.0588235,12397.11,80,6009,Saudi Arabia,1.0,1.0,True,1.271935176757504,0.0379145281279788,1.6969083337238315,3.4956148892752,12.219323454122469,0.7450902294851726,15.399790214086597,254,-0.4386696467035121,8.204145742709835e-59,True,0.0379145281279788,-0.4510685241655177,-0.5105157323151188,1.1285388355230007e-31,5.331869563132808e-05,0.326325806532106,0.3744696260728202,0.384363095776871,-0.4574037407260727,0.540021915673763,0.3493060996835826,1.4353772083133394,0.8484541668619158,1.691755741647438,0.2461770229544822,156.1298861913383,0.3278924827621783,4,-0.4323277423900353,3.4987474145253667e-54,0.9855428695348888,-0.0063419043134768
9352,19.0,43.94117649999998,43.9411765,1.0,1.0588235,12397.11,80,6009,Saudi Arabia,1.0,1.0,True,1.161326745677122,0.1292591491412239,1.608535925393393,3.9970456443526494,15.976373883038487,0.6695047048518933,22.86297477412463,254,-0.5161610124291452,5.117672353165923e-59,True,0.1292591491412239,-0.5201109085631974,-0.7540517670244143,1.967639389831143e-39,6.678960915785143e-07,0.5623545722968436,0.3773070358949429,0.13738371652526,-0.5484453222218167,0.3347868708684683,0.2962874582991715,1.450514140550616,0.8042679626966963,1.803520975381224,0.3057150758431771,107.79712872269252,0.301372114231067,4,-0.514588583811006,5.045940262949679e-56,0.996953608311602,-0.0015724286181392
9353,19.0,45.0,45.0,1.0,1.0588235,12397.11,80,6009,Saudi Arabia,1.0,1.0,True,1.0974754854796178,0.1983876382484667,1.541300690196482,4.332678558332633,18.772103489835345,0.6147051464241966,29.53838673555056,254,-0.564719420320701,1.8461233934892292e-54,True,0.1983876382484667,-0.5756509906482464,-0.9189884679940736,4.2091621117871553e-44,1.1239099179768406e-07,0.9297740139786702,0.387117628400657,0.0170546596079081,-0.6180969756624558,0.1752822286481376,0.2666849454134212,1.4987833947302065,0.7706503450982416,1.944829330530104,0.362036882297341,85.48938691616058,0.1977446427092095,4,-0.5641821326345676,8.870878429163294e-54,0.9990485758647574,-0.0005372876861333
9354,19.0,46.05882350000002,46.0588235,1.0,1.0588235,12397.11,80,6009,Saudi Arabia,1.0,1.0,True,1.0504085953175606,0.2368783236079502,1.4785769456514162,4.364008490842339,19.04457010814403,0.5656919048080147,32.66597603090573,254,-0.5700232559693602,2.129869826561609e-51,True,0.2368783236079502,-0.6095387845423293,-0.9606736419139628,1.128153687825862e-45,4.074958035096285e-08,1.444294279534709,0.3790496245439393,0.000175257371843,-0.6529389932093691,0.1242932120398934,0.2605616980794983,1.492731128995562,0.7392884728257081,2.019145683808711,0.3913753973300295,72.748658740893,0.1448133738101399,4,-0.5743130621842677,5.055160308002316e-52,1.007525668768746,0.0042898062149074
9355,19.0,47.1176471,47.1176471,1.0,1.0588235,12397.11,80,6009,Saudi Arabia,1.0,1.0,True,0.9561760100284888,0.2311283507110441,1.3999480361650942,3.937521380889248,15.504074624959967,0.5071260672333608,29.572426910615818,254,-0.5130845605315105,8.183839317064205e-55,True,0.2311283507110441,-0.5969351648489842,-0.7954998137539373,5.5957213121917453e-45,6.360098065777531e-09,1.8835291791614217,0.3364332658526092,5.739629450981692e-08,-0.6212164092248051,0.1704538586915575,0.2564679222624422,1.3668593156001427,0.6999740180825476,1.952728644620849,0.3579242002530386,72.13319016465296,0.1375611354594163,4,-0.516552353427497,4.920437033742378e-57,1.0067587161313023,0.0034677928959864
9356,19.0,48.176470600000016,48.1764706,1.0,1.0588235,12397.11,80,6009,Saudi Arabia,1.0,1.0,True,0.8924979729397988,0.188644284285678,1.3898625501046042,3.227431285455913,10.416312702339605,0.49984552618605,19.83906358394112,254,-0.4111365097859429,5.195728515451258e-52,True,0.188644284285678,-0.5420077258276353,-0.5133323815250512,3.964518205923877e-40,8.191453308589282e-09,2.2028527812127416,0.3031733835765359,4.839575018929107e-12,-0.5376004617475211,0.2026679175022877,0.2754931874800846,1.2783132554857826,0.6949312750523018,1.8394815449766229,0.3239585410415206,76.46209802944213,0.1292349755450683,4,-0.4085708673795018,2.2568497912324342e-62,0.9937596337338735,-0.0025656424064411
9357,19.0,49.2352941,49.2352941,1.0,1.0588235,12397.11,80,6009,Saudi Arabia,1.0,1.0,True,0.9727926047708776,0.1246553042976587,1.5601200261629762,2.46659315359732,6.084081785373169,0.6298079328974654,8.660217770492382,254,-0.2845922098417261,9.843789381242792e-32,True,0.1246553042976587,-0.4600647175515518,-0.2034657953916282,8.413679878706775e-32,0.0022726121841552,2.4786168165885574,0.319553866141068,2.2922854986666125e-13,-0.4268875464604753,0.0821916334913582,0.2846622271728218,1.3638387291586034,0.7800600130814879,1.7483766713935276,0.354060420180744,93.33903796194744,0.0925552075807506,6,-0.26019002873612,3.4013837179648597e-40,0.914255625200784,-0.0244021811056061
9358,19.0,50.29411759999999,50.2941176,1.0,1.0588235,12397.11,80,6009,Saudi Arabia,1.0,1.0,True,0.9804749687921364,0.051732761027547,1.635377037002636,1.8507093700237025,3.425125172293529,0.6920347361169717,3.9493544088726127,254,-0.1597189283845717,1.014680446826087e-12,True,0.051732761027547,-0.3526424741704607,0.0511643491515294,3.251132874117959e-23,0.4765585466588651,2.462115615991736,0.3408930872287893,6.303477637896272e-12,-0.3010669447568744,0.1934337908021934,0.2560640043432385,1.4358467124390957,0.8176885185013185,1.7559824798209889,0.4091026930855274,96.96359083366892,0.0699836293904984,4,-0.1157147801253875,7.04540903459727e-10,0.7244900857759897,-0.0440041482591841
9359,19.0,51.3529412,51.3529412,1.0,1.0588235,12397.11,80,6009,Saudi Arabia,1.0,1.0,True,0.848832693893902,-0.0218862307604913,1.5357676165670766,1.509429909922658,2.278378652969124,0.6102996415108917,2.733213159569688,254,-0.0647673467662265,0.0017283381538169,True,0.0218862307604913,-0.2471261739154051,0.1790084210232388,1.3936506730776728e-14,0.032861837881445,2.227235422481975,0.3341138711107499,1.7028492847454983e-10,-0.1926310859493875,0.4790367580616629,0.227315601775283,1.3889963877702995,0.767883808283538,1.8088627117625304,0.4550940350162558,93.71881914635496,0.0728573491573358,4,-0.008316389184517,0.6345284117962902,0.1284040430826124,-0.0564509575817094
9360,19.0,52.41176469999999,52.4117647,1.0,1.0588235,12397.11,80,6009,Oman,1.0,1.0,True,0.8237059101769055,-0.0858846667259201,1.4758229408513095,1.4184399783055894,2.011971972055561,0.5635865462297244,2.569943224364085,254,-0.0056221500426533,0.7683748648030231,False,0.0858846667259201,-0.1693403126920508,0.2192057175659427,1.2878509570560442e-08,0.0148110047211752,1.9787325951355348,0.3274212667228183,5.528272219010978e-09,-0.1192195479215375,0.6263481471118414,0.1863560530175741,1.3425640876632914,0.7379114704256549,1.8194107849941,0.4409270949087697,75.5079888086766,0.1094815569007223,4,0.0666433864654298,0.0065656864437067,-11.85371894378996,-0.0722655365080831
9361,19.0,53.47058820000001,53.4705882,1.0,1.0588235,12397.11,80,6009,Oman,1.0,1.0,True,0.8176079430714357,-0.1367611882842931,1.4225612341556733,1.3993444199839022,1.958164805740084,0.5236414812621044,2.7395142971111195,254,0.0100320327263344,0.5646758000984479,False,0.1367611882842931,-0.1284622808434478,0.2078490842627665,2.8716193595218576e-06,0.026177498766287,1.6452209036779086,0.32207788969029,6.509488105700755e-07,-0.0844187354336528,0.7208747839787332,0.1760812752506985,1.2961363795506289,0.7112806170778366,1.822257416314201,0.3941624950958264,86.53967331939688,0.1969944758262689,4,0.0579625060513544,0.0011590304356406,5.777742919358773,-0.0479304733250199
9362,19.0,54.52941179999999,54.5294118,1.0,1.0588235,12397.11,80,6009,Oman,1.0,1.0,True,0.8624153093338335,-0.1835218238817783,1.4539471191480633,1.5671229679199548,2.455874396582248,0.547002518512522,3.489694861479925,254,-0.0029457674368056,0.8636016427105881,False,0.1835218238817783,-0.130630252875726,0.2062756410080221,2.705646079735358e-06,0.0281212691156995,1.4374084032241503,0.3343700088374579,2.4723889929432704e-05,-0.0854661922263515,1.165788103943486,0.1805630180009448,1.32671528327122,0.7269735595740321,1.824984231955568,0.3614700720485536,83.78158971356848,0.1880211136624034,4,0.0504975701911114,0.0047786421255767,-17.14241577939044,-0.053443337627917
9363,19.0,55.58823530000001,55.5882353,1.0,1.0588235,12397.11,80,6009,Oman,1.0,1.0,True,1.0103702927006093,-0.2169955158705467,1.6181510698679702,1.9716742791507904,3.887499463064788,0.6775326566514523,4.737730019210956,254,-0.0255802350158667,0.1622453080619103,False,0.2169955158705467,-0.1518333624283321,0.2334993597345374,6.456438775881279e-07,0.0188068179273924,1.2868261945901462,0.3733458189455738,0.0006667236825111,-0.0994558600433173,1.84418889465452,0.1721704673616465,1.4628336419768893,0.8090755349339855,1.8080309919348203,0.329585207436177,79.22703798860312,0.1356640118641629,4,0.0217644745914254,0.1528881000521566,-0.850831690089069,-0.0473447096072921
9364,19.0,56.6470588,56.6470588,1.0,1.0588235,12397.11,80,6009,Oman,0.8583391513619107,0.8583391513619107,True,1.21866134389758,-0.2546173919941865,1.828446847787774,2.3674269043306224,5.604710147348474,0.8650810197996732,5.478826860224441,254,-0.0355870516212246,0.0936215988542667,False,0.2546173919941865,-0.1658937663095949,0.3002439574515676,2.9561216281113256e-06,0.0093034267545237,1.1610524513729876,0.4321624588848159,0.0077080681374398,-0.1022421103194599,2.330205688168618,0.1425678411845932,1.677971049477035,0.9142234238938866,1.8354058817812529,0.3375800022634603,90.10782554280011,0.0839286273270644,4,0.0395330373556712,0.0445780506782854,-1.110882625974362,-0.0751200889768959
9366,18.0,43.684210500000006,43.6842105,1.0,1.0526316,12397.67,80,6009,Saudi Arabia,1.0,1.0,True,1.1369261808894142,0.1029245732256266,1.6917739677950865,3.3135229709573584,10.979434479062078,0.7405881850663975,13.825289817549166,254,-0.3918478105183838,4.565676284726792e-41,True,0.1029245732256266,-0.4789580618469726,-0.576668376223558,7.493164930720997e-36,0.000146200073635,1.659548430738401,0.3919912985960526,3.2453800003617804e-05,-0.4871211101291146,1.019243591798126,0.3598569255526203,1.5537143987013031,0.8458869838975437,1.8367872165881367,0.3277203463205978,164.96005024140084,0.3161422316655309,4,-0.3848708443614181,5.182612330693816e-37,0.982194704245672,-0.0069769661569656
9367,18.0,44.73684209999999,44.7368421,1.0,1.0526316,12397.67,80,6009,Saudi Arabia,1.0,1.0,True,1.012354627695168,0.136375350161346,1.5519386503222787,3.348068946533476,11.209565670741776,0.6232197412491274,16.986538180376474,254,-0.406545211137671,3.49765510904601e-37,True,0.136375350161346,-0.4982018334434764,-0.6820038117860386,1.5193302203473104e-37,5.437691586698039e-05,1.9411395649301308,0.3854777075816872,9.190520007710344e-07,-0.517984424317816,0.6321595342872216,0.2522446536660958,1.5491865415884838,0.7759693251611393,1.9964533279286223,0.389069337693663,96.74889194080606,0.2469901433790642,6,-0.4036142438506345,2.826449833458076e-32,0.9927905502100626,-0.0029309672870365
9368,18.0,45.7894737,45.7894737,1.0,1.0526316,12397.67,80,6009,Saudi Arabia,1.0,1.0,True,0.9053680779452185,0.1421988450282929,1.4329310107882185,3.171637667662891,10.0592854949381,0.5313034873032132,17.933219403465532,254,-0.3857532162395505,1.5527148987150437e-33,True,0.1421988450282929,-0.4860007433874259,-0.6997135389492718,4.3880806180922903e-35,2.0598938714784464e-05,2.170522094525796,0.3688241541603819,1.2904807662749245e-08,-0.5103610902811996,0.3539389380816581,0.1859692126036533,1.507285361008586,0.7164655053941088,2.103779385972627,0.4225007368359892,85.35944481069845,0.2161114910453873,4,-0.3801320563904349,1.8895074449140992e-32,0.9854280933703872,-0.0056211598491155
9369,18.0,46.842105300000014,46.8421053,1.0,1.0526316,12397.67,80,6009,Saudi Arabia,1.0,1.0,True,0.8470456274501992,0.133828218861063,1.3549846363552815,2.845394603320194,8.096270448603684,0.4750735431602447,16.042141296158796,254,-0.3417894310999347,3.749811773753861e-33,True,0.133828218861063,-0.4626774030837302,-0.6014932876772072,3.048409348784374e-33,3.5373730730772213e-06,2.3781670454126145,0.3364624515674872,1.5997879432584457e-11,-0.4783180296302891,0.297961425900258,0.1948665613301496,1.4119491076796915,0.6774923181776408,2.084081353833851,0.4038714094395996,79.40532269111524,0.2571048697545185,4,-0.3316504892576202,2.40311238199885e-31,0.9703357069594408,-0.0101389418423145
9370,18.0,47.8947368,47.8947368,1.0,1.0526316,12397.67,80,6009,Saudi Arabia,1.0,1.0,True,0.8383624331020334,0.1186964835314189,1.336848885581043,2.4490643355419293,5.997916119623432,0.4624414348857403,11.97010965530239,254,-0.2841782885696737,4.536026457430052e-31,True,0.1186964835314189,-0.4339046014474254,-0.4153024488338833,7.6062186053862365e-31,3.478860942060757e-06,2.542466911169968,0.3073930966003038,8.276038258347446e-15,-0.4301392061853701,0.2424964958221763,0.2442435785000969,1.329433211063734,0.6684244427905217,1.9889057400618824,0.3752655777772102,81.1996367604782,0.1894080256217324,4,-0.2674507735270761,7.19550535622245e-30,0.9411372518048772,-0.0167275150425976
9371,18.0,48.947368400000016,48.9473684,1.0,1.0526316,12397.67,80,6009,Yemen,1.0,1.0,True,0.9069552284303336,0.1029229083755875,1.432584808343698,2.092502328432105,4.378565994493782,0.5310467877907898,7.24516049274881,254,-0.2203615163907341,5.629982642209011e-23,True,0.1029229083755875,-0.4027250415334418,-0.1670833224376313,7.073548970147543e-28,0.0073873336358152,2.642528162203256,0.3100469524212748,1.5607608162435897e-15,-0.3720668674755266,0.1391314048537413,0.2752407352352877,1.3498744321020173,0.7162924041718491,1.884529871097394,0.370078816560974,96.89276688421768,0.1309265916292419,4,-0.1960827847552844,3.74383234544759e-25,0.8898231776895208,-0.0242787316354496
9372,18.0,50.0,50.0,1.0,1.0526316,12397.67,80,6009,Yemen,1.0,1.0,True,0.8403861674398886,0.0703751988690711,1.4521192913764571,1.7812903222775454,3.1729952122396416,0.5456280559669775,4.815308024468004,254,-0.1515367200312098,1.0091591012513318e-11,True,0.0703751988690711,-0.3451111391204454,0.0447871301196825,4.088508528959212e-21,0.4907904428592876,2.506373411539096,0.3279483486562943,4.703390730097289e-13,-0.2954255397553122,0.1093349009212973,0.2648646643226063,1.3956638455911607,0.7260596456882288,1.922244066144479,0.4312239652216089,107.93602622036512,0.0935862540309672,4,-0.1416453548761956,2.7260128468280613e-19,0.93472628183468,-0.0098913651550142
9373,18.0,51.052631599999984,51.0526316,1.0,1.0526316,12397.67,80,6009,Yemen,1.0,1.0,True,0.8727836330850461,0.017989844843453,1.5343429960128383,1.5523725844168406,2.4098606408490206,0.6091679049859786,2.955987538287148,254,-0.0743246215480716,0.0005678324189645,True,0.017989844843453,-0.2681511355836011,0.1689065384410109,7.146622402367367e-15,0.0330906353619073,2.4096310475681744,0.3442318883663562,2.403250943447464e-11,-0.2126595423579068,0.2025126703906604,0.2312746105490365,1.4422201814959812,0.767171498006419,1.8799188776482856,0.45424217796158,113.53871160264438,0.0835184333059756,4,-0.0459698895929733,0.0072953578047145,0.6185014956751702,-0.0283547319550983
9374,18.0,52.1052632,52.1052632,1.0,1.0526316,12397.67,80,6009,Yemen,1.0,1.0,True,0.8941788095666481,-0.0615075317928202,1.5485305376760492,1.4545851527772815,2.115817966680108,0.6204855211975594,2.40993930462149,254,0.006359917587547,0.7459773736506368,False,0.0615075317928202,-0.1652595520023198,0.223692033677725,1.706730615395635e-07,0.0104968097800976,2.1260163221253823,0.3428047340737299,2.3311770472711503e-09,-0.1156929169567469,0.4451685510923709,0.2115156186848559,1.4104440465362216,0.774265268838024,1.8216548039833176,0.4236580053510319,113.36005752440542,0.1666650280324672,4,0.0516974623962996,0.0039967334604495,8.128637153652003,-0.0453375448087525
9375,18.0,53.15789469999999,53.1578947,1.0,1.0526316,12397.67,80,6009,Oman,1.0,1.0,True,0.9172473675619875,-0.1743154714810753,1.5036301049819134,1.621159531829405,2.628158227641336,0.5850245996742419,3.492389258682058,254,0.0791175629533615,1.9961938974688585e-05,False,0.1743154714810753,-0.0615551322361286,0.2623532350051987,0.0316260591965656,0.0048414144379167,1.7168426286671297,0.335853506243055,6.39421555757118e-07,-0.0194449490624526,0.9306607672659444,0.2179149767133216,1.3516679356613226,0.7518150524909571,1.797872935880837,0.3765592052732591,98.60941117629407,0.2290520014883276,4,0.1233646486631848,3.494828230282168e-11,1.5592574399176846,-0.0442470857098232
9376,18.0,54.2105263,54.2105263,1.0,1.0526316,12397.67,80,6009,Oman,1.0,1.0,True,1.0082477635368967,-0.2838830950149499,1.5623605695474323,2.0394166302570214,4.159220191768904,0.6316182106295631,5.585022600319292,254,0.131403630661862,1.6549944385711316e-12,False,0.2838830950149499,0.0129005830197209,0.3216196679799035,0.6447963267214349,0.0007478311000433,1.346971200179158,0.3485724314728511,0.000142463336941,0.0540751307249269,1.6126521922008916,0.2466042743501134,1.3737953868539097,0.781180284773716,1.758615026045948,0.3131794490746207,71.69594441540539,0.2245952104296302,6,0.1740572037895466,1.4831194850427759e-21,1.3245996546126195,-0.0426535731276846
9377,18.0,55.26315790000001,55.2631579,1.0,1.0526316,12397.67,80,6009,Oman,0.8380627929756809,0.8380627929756809,True,1.1650758211222962,-0.367717996535494,1.7253729376351383,2.4720365983299013,6.110964943482469,0.7702967528244129,6.933260683075276,254,0.1485479752333112,1.350717036897112e-14,False,0.367717996535494,0.0348719819657068,0.3538434905699856,0.2430782422776965,0.0003041787227268,1.220791715129414,0.3805552906979841,0.0015137140054509,0.0784633349278318,2.3033879463637708,0.2725930149864706,1.4864977032013038,0.8626864688175694,1.7231030703874997,0.2671918925801597,107.28092439162234,0.2178266064074768,4,0.1693410652872425,1.3608892333298454e-23,1.1399755871547457,-0.0207930900539313
9379,17.0,44.47674419999999,44.4767442,1.0,1.0465116,12394.45,80,6009,Yemen,1.0,1.0,True,0.8523942891289591,0.0621448054307656,1.534223017830258,2.527837645507563,6.38996316204522,0.6090726407578397,9.491298959175865,254,-0.237983934355755,5.760738442016993e-19,True,0.0621448054307656,-0.4192701733570808,-0.233131467587554,1.3036344966888472e-28,0.0695814714450062,2.650505925298422,0.376399900751019,1.873842443998766e-11,-0.39014728220612,1.3391919762188795,0.2830169507592542,1.5785529728801846,0.7671115089151295,2.057788150138196,0.4114241216718786,129.8528276927148,0.3291631396804433,4,-0.2140612094551107,1.4229781753182531e-18,0.8994775636203957,-0.0239227249006443
9380,17.0,45.523255800000015,45.5232558,1.0,1.0465116,12394.45,80,6009,Yemen,1.0,1.0,True,0.7263041072722671,0.0601576416406269,1.4467707699670918,2.252689456441082,5.074609787160817,0.5416160867950811,8.369385272858008,254,-0.2224045894304563,2.3873415180455397e-19,True,0.0601576416406269,-0.3919219076946808,-0.2653147688355166,1.9599013263359962e-26,0.0198359682404937,2.6004841102000578,0.3531184963185428,2.650826872161903e-12,-0.3716962263450828,0.7225035598796725,0.1340600134789207,1.4924729423412073,0.7233853849835457,2.06317818043166,0.3959411228677209,107.2984657001992,0.2910282303697582,4,-0.2000332974089391,4.9286494564994315e-18,0.8994117339088791,-0.0223712920215172
9381,17.0,46.56976739999999,46.5697674,1.0,1.0465116,12394.45,80,6009,Yemen,1.0,1.0,True,0.6848186491008074,0.0471053806334441,1.3814937905924214,1.9757469346396688,3.903575949738049,0.493844223077936,6.904468185146729,254,-0.1886474842467332,2.528154877270294e-17,True,0.0471053806334441,-0.3550823826768641,-0.2316809057170928,8.58863952518695e-24,0.0148029751118929,2.572071314650868,0.3327337916060675,2.7088270688414153e-13,-0.3363079661236416,0.2742223220651289,0.1330920066778833,1.4191454655471258,0.6907468952962104,2.054508641603896,0.3784603999543063,91.56082434890172,0.3108980662338476,4,-0.1680762282108301,9.098387513543883e-17,0.8909539869135081,-0.020571256035903
9382,17.0,47.61627909999999,47.6162791,1.0,1.0465116,12394.45,80,6009,Yemen,1.0,1.0,True,0.752372257646912,0.0521292548827534,1.34744891518544,1.8323364028086728,3.357456693057826,0.4698040123488489,6.146504935689599,254,-0.1623358703505329,1.406511590033216e-14,True,0.0521292548827534,-0.3435427241236625,-0.1641880503322768,1.2795516553797317e-23,0.0339785666512282,2.72341329459528,0.320807398634423,1.954540190446228e-15,-0.3186847698306022,0.262195290099677,0.1977567814103566,1.3954681096429693,0.6737244575927199,2.071274233726213,0.3743931364479666,83.01553660227609,0.290740907860299,4,-0.1398026719334517,6.019425500053917e-14,0.8611939655208356,-0.0225331984170812
9383,17.0,48.662790700000016,48.6627907,1.0,1.0465116,12394.45,80,6009,Yemen,1.0,1.0,True,0.8743981435406828,0.0769537542389669,1.3763933827497614,1.7900162066409078,3.204158020037105,0.4902044567478614,5.53637064276055,254,-0.150415516972321,1.268675504988019e-12,True,0.0769537542389669,-0.3493829254841424,-0.0161344553954348,7.481982420326177e-25,0.8049967889544355,2.713745597058264,0.3262955125786914,6.124232467522496e-15,-0.3062094019514995,0.1964726134087258,0.2321019667628565,1.4128811250203914,0.6881966913748803,2.053019351484727,0.3839381413710721,81.56762179763365,0.2038406427731489,4,-0.1282414288161677,1.0307239123090249e-15,0.8525811126239476,-0.0221740881561532
9384,17.0,49.70930229999999,49.7093023,1.0,1.0465116,12394.45,80,6009,Yemen,1.0,1.0,True,0.9051679801340926,0.0979452603533133,1.4060026855085654,1.8004964469854228,3.241787455607132,0.5115221022074271,5.337531538945224,254,-0.1432109464673803,4.369993394205251e-10,True,0.0979452603533133,-0.3463710505278659,0.1018679741673169,6.288187729137964e-22,0.1544577872710843,2.5494569214320983,0.3455284609563344,2.430839226743123e-12,-0.2895731547773715,0.2372910265991906,0.233412578175529,1.4608967139455509,0.7030013427542832,2.0780852398117986,0.4347771669019423,91.47860629794496,0.1185192175096648,6,-0.1169750812679652,1.6213709192964414e-14,0.8168026547789705,-0.026235865199415
9385,17.0,50.75581399999999,50.755814,1.0,1.0465116,12394.45,80,6009,Yemen,1.0,1.0,True,0.958529019155389,0.0758843007607056,1.4853588725119604,1.7590872529978998,3.094387963659697,0.5708932299177009,4.420256891303089,254,-0.1035768999008909,1.2169934412258204e-05,True,0.0758843007607056,-0.3062400420758042,0.1957559780938562,5.72977349018253e-16,0.0159125485201372,2.4298305397096285,0.3673758066793198,2.2980519338372802e-10,-0.2430714568087947,0.6226474649331578,0.2280766354911889,1.5254614752773397,0.7426794362559808,2.053997190184159,0.4656605517654064,102.83991584631926,0.0662230909628591,4,-0.0747449188334868,1.8058484459946556e-06,0.7216369567442897,-0.028831981067404
9386,17.0,51.80232560000002,51.8023256,1.0,1.0465116,12394.45,80,6009,Yemen,1.0,1.0,True,1.187853505890633,0.0080173039424812,1.7184588623811945,1.7832598819046983,3.180015806410758,0.7641355126657051,3.161586202579693,254,-0.0251641561686575,0.2528310567157048,False,0.0080173039424812,-0.2128277154919129,0.2435966593298395,1.9963449573947112e-08,0.0061308190036339,2.2707302435089245,0.3936699876336691,2.3876003865524344e-08,-0.1555248969689222,1.042018188044248,0.2204964305164508,1.6049289281353654,0.8592294311905972,1.867870058770548,0.4088317536082302,94.2654153673599,0.1332165522887498,4,0.017804822347238,0.3110304581779918,-0.7075469659266498,-0.0429689785158955
9387,17.0,52.84883719999999,52.8488372,1.0,1.0465116,12394.45,80,6009,Yemen,0.9173464604552136,0.9173464604552136,True,1.170709067196264,-0.1327509383433019,1.7307719116452336,1.941251978842692,3.768459245360665,0.7751250642685993,3.861743503181061,254,0.0750987875774329,0.000207867867704,False,0.1327509383433019,-0.0737849661497375,0.2789990740978335,0.0318217832481809,0.0031610173391936,1.8075290049785149,0.3821581544529243,3.782218091247295e-06,-0.0286699541216461,1.4679460624769125,0.2694087727242045,1.5274003445892126,0.8653859558226168,1.764993219860264,0.3569980428154495,85.72794304229319,0.2586560392956679,4,0.1088405846406341,1.831317842869507e-09,1.449298825609011,-0.0337417970632012
9388,17.0,53.8953488,53.8953488,1.0,1.0465116,12394.45,80,6009,Oman,0.6032955909544301,0.6032955909544301,True,1.2931644434863132,-0.2928695645133106,1.9018458201533184,2.47916547636202,6.14626145918532,0.9359285947841368,5.567019635299098,254,0.1764586627046008,4.367478315662542e-17,False,0.2928695645133106,0.0531446571979217,0.368272869330457,0.1141515806940373,0.0002300051571555,1.420188433546302,0.4033841203925419,0.0005124303058143,0.0949268220985697,1.950499431958991,0.3345067660100831,1.5821008537582906,0.9509229100766592,1.663753009832047,0.2679131357028291,91.48496092297135,0.3300449275988667,4,0.2123028207017066,2.1630426367704603e-24,1.2031306224796137,-0.0358441579971057
9390,16.0,51.5028902,51.5028902,1.0,1.0404624,12387.47,80,6009,Yemen,0.9960935647036236,0.9960935647036236,True,1.4638577081298474,0.0609932150682617,1.877469205198115,2.113808226652061,4.46818521906193,0.9120901128847312,3.898841853388903,254,-0.0428378994471746,0.0826486844532713,False,0.0609932150682617,-0.2331845270521964,0.3262006250803407,9.998832740626997e-08,0.000643997260335,2.107620083587755,0.4526326453483207,5.2589107763271714e-06,-0.1638346211878633,1.4710267725683417,0.2317329717032277,1.806755062758323,0.9387346025990572,1.924670783154252,0.4023410054929993,85.29346111230552,0.0849150658457171,4,0.0058937828876895,0.7650472027189891,-0.1375833774239441,-0.0487316823348642
