mascon_id,lat_center,lon_center,lon_center_0_360,lat_span_deg,lon_span_deg,area_km2,gsfc_location_code,gsfc_basin_code,country_of_center,frac_area_land,frac_area_arabian_peninsula,on_arabian_peninsula,leakage_2sigma_cm,leakage_trend_uncert_cm_per_yr,mean_noise_2sigma_cm,series_std_cm,signal_variance_cm2,noise_variance_cm2,variance_snr,n_months_observed,tws_trend_cm_per_yr,tws_p_value,gws_trend_cm_per_yr,gws_p_value,gws_significant_decline,gws_trend_noah_cm_per_yr,nongw_trend_noah_cm_per_yr,gws_trend_vic_cm_per_yr,nongw_trend_vic_cm_per_yr,gws_trend_clsm_cm_per_yr,nongw_trend_clsm_cm_per_yr,gws_model_spread_cm_per_yr,gws_mean_ensemble_spread_cm,n_models,gws_precip_adjusted_trend_cm_per_yr,gws_fraction_unexplained_by_precip
9039,32.0,34.81967209999999,34.8196721,1.0,1.1803279,12380.52,80,6002,Israel,0.5985734489794278,0.0,False,1.5305640661484583,-0.1366590707078941,1.8597392261528227,6.114294483121945,37.384597026335456,0.8949447119357774,40.7730799766078,254,-0.7812423587397463,8.29907394832083e-35,-0.697489963162623,4.4839526634728195e-37,True,-0.6006715670140571,-0.18057079172568935,-0.7124782300030572,-0.06876412873668913,-0.7793200924707551,-0.0019222662689913905,0.17864852545669796,2.8266093187688712,3,-0.7035414546747534,1.008676098340815
9041,31.0,34.480519500000014,34.4805195,1.0,1.1688312,12393.06,80,6002,Israel,0.9147349276513964,0.0,False,1.5556734181556653,0.0988160540089559,1.9211416205268697,7.206034919545602,51.926939261710594,0.9550164781256314,53.372820208951055,254,-0.9596622968977631,2.492887494642929e-47,-0.9683976220035728,1.4340861096450083e-59,True,-0.9208662789384526,-0.03879601795931009,-1.0250694475712674,0.06540715067350422,-0.959257139500998,-0.0004051573967652211,0.10420316863281476,1.5611273398202161,3,-0.9714435422217718,1.0031453198035505
9043,30.0,34.14791,34.14791,1.0,1.1575563,12401.62,80,6002,Egypt,1.0,0.0,False,1.4515237352573975,0.1482567694083948,1.816684923332101,6.9426284164719405,48.200089329203685,0.8539871332147148,55.44123600289059,254,-0.9315381514390517,1.3187396575121048e-55,-0.955183853800264,9.782775889085067e-65,True,-1.0013529863038992,0.06981483486484752,-0.9321089577709252,0.0005708063318733969,-0.9320896173259687,0.0005514658869171241,0.0692633689779305,1.0024750298180731,3,-0.9541084638871224,0.9988741540082958
9121,32.0,39.5409836,39.5409836,1.0,1.1803279,12380.52,80,6004,Saudi Arabia,1.0,0.5509412899050062,True,1.450497446783504,-0.269187124440556,1.6059977013275877,6.210098232016359,38.56532005129271,0.6673934530460264,56.78498406791096,254,-0.7973220468411162,1.6550871967387034e-16,-0.8518783685754138,1.6549545013212678e-23,True,-0.9472704516441166,0.14994840480300042,-0.8098708395607107,0.012548792719594581,-0.7984938145214141,0.0011717676802977528,0.1487766371227025,1.2978900922668508,3,-0.8491555579124892,0.9968037565415848
9122,32.0,40.72131150000001,40.7213115,1.0,1.1803279,12380.52,80,6004,Iraq,1.0,0.2598926233020984,False,1.3652888030924473,-0.4646274152403588,1.5166496118988717,4.841195441449623,23.437173302312605,0.5951995853409329,38.37699870689206,254,-0.5653455653568162,4.0604636530201e-08,-0.6744838218443281,7.519560545810834e-16,True,-0.6758040395895449,0.11045847423272848,-0.7824316482875453,0.21708608293072884,-0.5652157776558924,-0.0001297877009243109,0.21721587063165293,2.1953290095812057,3,-0.6783249733862938,1.0056949498528553
9123,32.0,41.9016393,41.9016393,1.0,1.1803279,12380.52,80,6004,Iraq,1.0,0.0,False,1.2484756318518049,-0.5776309728526565,1.463389875290536,4.110694461442964,16.897808955337855,0.5541306791280293,29.494267131947943,254,-0.3944880196386071,0.0006285482982003828,-0.523149726797335,8.2906834872159e-09,True,-0.3936707766803382,-0.0008172429582689045,-0.7805018116060612,0.38601379196745395,-0.39527659210560473,0.0007885724669977057,0.38683103492572307,3.4652761972817667,3,-0.5056795845649033,0.9666058465912197
9124,32.0,43.08196720000001,43.0819672,1.0,1.1803279,12380.52,80,6004,Iraq,1.0,0.0,False,1.2017214015962012,-0.5690547231342826,1.5590796185243825,4.147279094210787,17.199923885277844,0.628968204561885,26.34625337263057,254,-0.3311604024014253,0.010989931864018037,-0.39935202854648383,0.0001500807764563271,True,-0.26646483618034655,-0.06469556622107886,-0.5994510618515771,0.26829065945015196,-0.3321401876075273,0.0009797852061023682,0.3329862256712306,3.004187925904485,3,-0.3396070182265106,0.8503951249792663
9125,32.0,44.26229510000002,44.2622951,1.0,1.1803279,12380.52,80,6004,Iraq,1.0,0.0,False,1.3006503275346504,-0.4651516032455416,1.6362621841031262,4.633580606219431,21.47006923433284,0.6927840658411211,29.990997473744805,254,-0.3561613612572492,0.015070702419058234,-0.48290451529476264,3.063609052138603e-05,True,-0.3547891243983842,-0.0013722368588648948,-0.7351699053258262,0.37900854406857665,-0.3587545161600776,0.0025931549028280765,0.38038078092744193,3.2608542888442043,3,-0.4382366934392365,0.907501751504102
9126,32.0,45.442623,45.442623,1.0,1.1803279,12380.52,80,6004,Iraq,1.0,0.0,False,1.4220457215164148,-0.3040128925986424,1.719798576446825,5.473114077020786,29.954977700083088,0.7653274203279724,38.140081623164924,254,-0.415992100789917,0.007763839160397799,-0.44197161060117285,2.3021886165845286e-05,True,-0.31436233494121457,-0.1016297658487022,-0.6018195479268922,0.1858274471369754,-0.409732948935412,-0.0062591518545043745,0.2874572129856776,2.9156820455231065,3,-0.3518850952306636,0.7961712625659983
9127,32.0,46.62295080000001,46.6229508,1.0,1.1803279,12380.52,80,6004,Iraq,1.0,0.0,False,1.6320599539583414,-0.1511840537051195,1.8747863176302548,6.4484023060389495,41.581892300528445,0.9094852373197234,44.720249866915225,254,-0.437256912046057,0.003683877701593554,-0.31070688611794717,5.940411439906897e-05,True,-0.2451444521737387,-0.19211245987231784,-0.26391356046063974,-0.17334335158541725,-0.4230626457194626,-0.01419426632659404,0.1779181935457239,3.124709652793028,3,-0.26604445698573653,0.8562554255226376
9128,32.0,47.80327869999999,47.8032787,1.0,1.1803279,12380.52,80,6004,Iran,1.0,0.0,False,2.0993641890548305,-0.0837127008256228,2.080162405328824,7.26940159497186,52.84419954897943,1.1196610991868925,46.19660224630055,254,-0.3618419939211357,0.014339298595519818,-0.2514451898036709,0.00286273774278972,True,-0.18796286962784592,-0.17387912429328978,-0.2214840909309972,-0.14035790299013806,-0.34488860885216877,-0.016953385068967153,0.15692573922432285,2.9221262201889493,3,-0.1805064132129208,0.7178757857879909
9129,32.0,48.9836066,48.9836066,1.0,1.1803279,12380.52,80,6004,Iran,1.0,0.0,False,2.6030841128739723,-0.1276985786549345,2.18976257374879,7.884678606272081,62.16815672420464,1.2407553625276837,49.10508807921235,254,-0.19965737847300158,0.22442767770466346,-0.1546851473931703,0.15261615246814852,False,-0.12301845471477213,-0.076638923758229,-0.14981420597427197,-0.04984317249873005,-0.191222781490465,-0.008434596982536124,0.06820432677569288,3.404868449079205,3,-0.079735354512871,0.515468717304862
9130,32.0,50.16393440000002,50.1639344,1.0,1.1803279,12380.52,80,6004,Iran,1.0,0.0,False,2.5764430838252763,-0.2585426724725859,2.0746971575248683,8.021886508882508,64.3506631613912,1.1137854168143444,56.776535937638094,254,-0.04825296880801666,0.7987998077606536,0.02368756931357474,0.8664649263940346,False,0.06497810597741815,-0.1132310747854346,0.026716782108569807,-0.07496975091658609,-0.02063218014526491,-0.02762078866275175,0.08561028612268307,4.414025443494114,3,0.06513836213719575,2.749896423516389
9131,32.0,51.3442623,51.3442623,1.0,1.1803279,12380.52,80,6004,Iran,1.0,0.0,False,2.061217747721215,-0.4103771630590142,1.9771964957768235,7.437516483415579,55.31665144107845,1.0115602789481437,53.68448355702407,254,-0.05138182558298787,0.779860556506614,0.108618950438641,0.35402083590324684,False,0.13802318341329856,-0.1894050089962871,0.16960448997041574,-0.22098631555340376,0.01822917793220835,-0.06961100351519711,0.1513753120382074,4.081374902498763,3,0.007589195549326369,0.06986990316771212
9132,31.0,43.8311688,43.8311688,1.0,1.1688312,12393.06,80,6004,Iraq,1.0,0.0,False,1.17505537968115,-0.8348776715624862,1.5304623503287256,3.171351071249348,10.057467617114389,0.6060903983933914,15.594005850900231,254,-0.03531708648418097,0.7009362492645871,-0.11438226269441287,0.1106574357615429,False,-0.028393896368378718,-0.006923190115802225,-0.2784189008787933,0.24310181439461204,-0.03633399083606681,0.001016904351885728,0.25002500451041454,2.6871199260915977,3,-0.1327178446321184,1.1603009199659864
9133,31.0,45.0,45.0,1.0,1.1688312,12393.06,80,6004,Iraq,1.0,0.0,False,1.267548947609617,-0.8011725041548512,1.565649713223625,3.4424714634021285,11.850609776337992,0.6342804255930033,17.68354957550296,254,0.029761209947379186,0.7543921545192824,-0.06334137291573327,0.37859089163224985,False,0.0883611109926743,-0.05859990104529489,-0.3112856208048882,0.3410468307522674,0.032900391065013856,-0.003139181117634726,0.3996467317975625,3.375906403195263,3,-0.06647744646035764,1.049510665782323
9134,31.0,46.1688312,46.1688312,1.0,1.1688312,12393.06,80,6004,Iraq,1.0,0.0,False,1.3365589137293508,-0.6614316592022078,1.5661589834735663,3.971317322158248,15.771361273274156,0.6346931267019438,23.848797961980285,254,0.005891162848649323,0.950631975128295,0.07714233315107721,0.2709688401027721,False,0.12916213109334906,-0.12327096824469952,0.08904449417926541,-0.08315333133061631,0.013220374180616723,-0.007329211331967456,0.11594175691273234,1.9739808012750524,3,0.15383982244257516,1.994233466354873
9135,31.0,47.337662300000005,47.3376623,1.0,1.1688312,12393.06,80,6004,Iraq,1.0,0.0,False,1.614619902565573,-0.4833894635493611,1.610257455815936,4.901364250147025,24.02337151261931,0.6709385422537975,34.80562152819645,254,-0.05191121144604516,0.5895841165788698,0.04480729765539948,0.43282789415317097,False,0.1525199295069406,-0.20443114095298487,0.022970062682461823,-0.07488127412850609,-0.04106809922320398,-0.010843112222840401,0.19358802873014458,2.405100662330316,3,0.11155677236637261,2.4897009684521674
9136,31.0,48.506493500000005,48.5064935,1.0,1.1688312,12393.06,80,6004,Iran,0.9984857932090722,0.0,False,2.231559240844613,-0.3036098647427827,1.8870410160995343,6.149224251672076,37.81295889735201,0.9214139503499852,40.0379709174029,254,-0.11462734661174778,0.2928679628419896,-0.05871533454746647,0.26832337051945204,False,0.0025371936265559114,-0.1171645402383037,-0.07045512651227614,-0.04417222009947164,-0.10822807075668095,-0.006399275855067166,0.11076526438323686,2.3527594392568223,3,-0.023153350478382295,0.3943322584607729
9137,30.0,44.56591639999999,44.5659164,1.0,1.1575563,12401.62,80,6004,Iraq,1.0,0.0242311796369399,False,1.1913646422063249,-0.879412787525878,1.5447036540829258,2.810865372519779,7.900964142430756,0.6174224989061641,11.796689716406894,254,0.0007580639959225977,0.9912079497602395,-0.10066452185504904,0.2758663161447236,False,0.011853679404446815,-0.011095615408524218,-0.30776062021225115,0.30851868420817363,-0.006086624757343451,0.006844688753265882,0.31961429961669796,3.0990243148756407,3,-0.2506890951026259,2.4903420836151526
9138,30.0,45.7234727,45.7234727,1.0,1.1575563,12401.62,80,6004,Iraq,1.0,0.0,False,1.1604017057660605,-0.9259770673097056,1.4988015019319023,3.2258974614630223,10.406414431873571,0.5812732570559992,16.902792370974378,254,0.14626774140916488,0.052043413936841,0.10628027032217535,0.06045209558514174,False,0.20162638108108477,-0.055358639671919896,-0.030946979371798022,0.1772147207809628,0.14816140925723942,-0.0018936678480742097,0.2325733604528828,2.555216215438651,3,0.06280214342171939,0.5909106481508049
9139,30.0,46.88102889999999,46.8810289,1.0,1.1575563,12401.62,80,6004,Iraq,1.0,0.2116063660201312,False,1.2450133541078023,-0.8286803727398864,1.4853026706856292,3.62917364743375,13.170901363227587,0.5708500287280793,22.07243706823296,254,0.15372519751428193,0.03569060763291358,0.19142299154543307,0.0005355569103290721,False,0.2362636354061094,-0.08253843789182724,0.17272188746038308,-0.018996689946100598,0.16528345176980697,-0.011558254255524814,0.07098018363630243,1.7838531183186879,3,0.1929916596851361,1.008194773924692
9140,30.0,48.0385852,48.0385852,1.0,1.1575563,12401.62,80,6004,Kuwait,0.8096925121411043,0.3342080704224822,False,1.6059667866092415,-0.6011633629454117,1.6170854194642434,4.229180471605721,17.88596746141119,0.6766405579865886,25.43348414501293,254,0.03204855144424812,0.6560822051462719,0.09626528277858615,0.024773593069664285,False,0.11937361069121799,-0.0873250592469701,0.12397441946130083,-0.09192586801705294,0.04544781818323962,-0.013399266738991167,0.07852660127806121,1.909451907976997,3,0.12788887605361832,1.3285046525835036
9141,29.0,44.14012739999998,44.1401274,1.0,1.1464968,12406.28,80,6004,Saudi Arabia,1.0,0.939365466894766,True,1.3786182786523091,-0.3633343661404854,1.5138467866600798,4.963558989275762,24.636917840020217,0.5930017158772497,40.5461156019994,254,-0.6271169783089614,4.5880241016883976e-23,-0.7474001306034622,8.99754873395034e-21,True,-0.6385084687318495,0.01139149042288845,-0.9743649443240373,0.34724796601507607,-0.629326978754499,0.0022100004455375966,0.34503796556953836,3.1980816085884483,3,-0.8698643917963373,1.1638536791450593
9142,29.0,45.286624200000006,45.2866242,1.0,1.1464968,12406.28,80,6004,Saudi Arabia,1.0,0.6479991179305242,True,1.36575401609257,-0.6195954820752947,1.4845103329712137,3.0933299566114614,9.568690220469865,0.5702411489701911,15.78007670570624,254,-0.2866425395306962,4.72311392100173e-09,-0.39838924238934553,9.655891643796138e-19,True,-0.2790176486240396,-0.007624890906656301,-0.6213966719934111,0.3347541324627149,-0.29475340655058613,0.008110867019890389,0.3423790233693715,3.2450981042279996,3,-0.4715815345034049,1.1837205534845456
9143,29.0,46.433121,46.433121,1.0,1.1464968,12406.28,80,6004,Saudi Arabia,1.0,0.6879320591239189,True,1.3463496013839422,-0.7557827047611058,1.4550577032374536,2.6495843609972165,7.020297286041028,0.5478384833142733,11.814538408419477,254,-0.055112299051974345,0.19926539443531643,-0.21390395729498857,5.3383198081886804e-14,True,-0.043500806495272715,-0.011611492556701686,-0.5350223772930501,0.4799100782410758,-0.06318868809664346,0.00807638904466923,0.4915215707977774,4.058816961083505,3,-0.2537027486351088,1.1860591633900204
9144,28.0,44.8580442,44.8580442,1.0,1.1356467,12407.1,80,6004,Saudi Arabia,1.0,1.0,True,1.6047757475172115,0.1004417929131829,1.5569044613261949,8.253572746686041,68.12146308483857,0.6272144129754869,107.60953076902734,254,-1.121242119700052,3.6932266281984363e-65,-1.3206100641086558,1.5073421287504578e-46,True,-1.1223107021076748,0.0010685824076216432,-1.708858755051962,0.5876166353519106,-1.1306607351663318,0.009418615466279978,0.5865480529442872,4.8093941194405465,3,-1.402039604200155,1.0616605478820578
9152,32.0,37.18032790000001,37.1803279,1.0,1.1803279,12380.52,80,6005,Jordan,1.0,0.0652039512481855,False,1.5259002339486378,0.0329818762822291,1.751839148993154,8.19697626882536,67.19041995168611,0.7941098048245699,83.61099402560508,254,-1.090922276513973,8.580921595551934e-37,-1.1244083334211068,4.242158242513919e-55,True,-0.9971230898847527,-0.0937991866292196,-1.2863513571116991,0.19542908059772646,-1.0897505532668688,-0.0011717232471034067,0.2892282672269464,2.316656752154208,3,-1.1418927154290723,1.0155498509645227
9153,32.0,38.3606557,38.3606557,1.0,1.1803279,12380.52,80,6005,Jordan,1.0,0.3455307005826029,False,1.4676250774238522,-0.0745312201045011,1.6508239697180729,7.573825801853762,57.362837276825786,0.7051696878898096,80.34614726347874,254,-1.002389196915307,1.4375859805263042e-26,-1.03113085789362,1.2277028149156888e-36,True,-1.0738996504500848,0.07151045353477781,-1.0152924372773515,0.01290324036204421,-1.0042004859534237,0.0018112890381164204,0.06969916449666114,1.0118432829906117,3,-1.0383952145001667,1.0070450385137208
9154,31.0,36.81818179999999,36.8181818,1.0,1.1688312,12393.06,80,6005,Jordan,1.0,0.081322266905655,False,1.3827262486323642,0.4853213904197236,1.7574515123302428,11.351934967667011,128.86642751014102,0.7992061310821148,160.24304168645145,254,-1.5520589273323524,2.1657320344985908e-58,-1.5644047817118842,5.374867629424852e-80,True,-1.6202591038005285,0.06820017646817567,-1.5214631761623663,-0.030595751169985363,-1.5514920651727548,-0.0005668621595976142,0.09879592763816225,1.127594586543317,3,-1.5918816567125034,1.0175637886829725
9155,31.0,37.98701299999999,37.987013,1.0,1.1688312,12393.06,80,6005,Saudi Arabia,1.0,0.8554131293517118,True,1.3514928088451477,0.4488660476985388,1.6367150084546618,11.357935439824931,129.0026974552312,0.6931675653889241,185.1060786692321,254,-1.5514437709909843,3.513914700502075e-48,-1.6451969131934534,6.34584527315966e-66,True,-1.8161454951975142,0.2647017242065297,-1.565768516701381,0.014324745710396325,-1.5536767276814663,0.0022329566904824016,0.262468767516048,1.855749818143313,3,-1.6458512695164293,1.0003977373879858
9156,31.0,39.15584419999999,39.1558442,1.0,1.1688312,12393.06,80,6005,Saudi Arabia,1.0,1.0,True,1.3457972411397896,0.2236273721073909,1.5275614114455496,9.815547957664148,96.34498170920484,0.6037949288320834,158.56573516701158,254,-1.3294027198170992,2.4011041871068634e-33,-1.4338829389407723,1.0004233248966657e-41,True,-1.6097616237327363,0.28035890391563584,-1.3606653136098366,0.0312625937927368,-1.3312218794797457,0.0018191596626464523,0.27853974425299066,1.8698462019688527,3,-1.4465555960976118,1.0088379998204045
9157,30.0,36.4630225,36.4630225,1.0,1.1575563,12401.62,80,6005,Jordan,1.0,0.1441930452964214,False,1.513659577750327,0.653725198247269,1.8481847575409909,12.52706659990996,156.92739759857972,0.8838587622658525,176.54804760466712,254,-1.7234677744597864,5.351746641584889e-90,-1.8121473821724994,3.626410871304523e-110,True,-1.9030088279489712,0.17954105348918414,-1.8081401170849476,0.08467234262516099,-1.7252932014835805,0.001825427023794568,0.17771562646539074,1.3928787682118342,3,-1.8145715560723847,1.001337735508565
9158,30.0,37.6205788,37.6205788,1.0,1.1575563,12401.62,80,6005,Saudi Arabia,1.0,0.7218312763440606,True,1.3348564881414078,0.7462067658282524,1.6584703378427317,13.562153639797565,183.93201134947435,0.7117172963074303,257.4340893550856,254,-1.8686107204998637,4.8724690920602505e-82,-1.9568282526339877,5.023055260212966e-99,True,-2.1123703310652693,0.24375961056540502,-1.8853421303202076,0.01673140982034335,-1.8727722965164875,0.004161576016623203,0.2395980345487818,1.6726344548966352,3,-1.9575585343417237,1.000373196629164
9159,30.0,38.77813499999999,38.778135,1.0,1.1575563,12401.62,80,6005,Saudi Arabia,1.0,1.0,True,1.3700115138210889,0.6425106834718392,1.5839427024213018,12.99974209939394,168.99329465075522,0.6491888290490073,259.31454499658054,254,-1.7871214234069095,8.346434173312378e-66,-1.9143463018286293,3.9994552659091633e-81,True,-2.0748171629558714,0.2876957395489631,-1.8763260456259618,0.08920462221905404,-1.791895696904053,0.004774273497144932,0.28292146605181845,1.935223300618566,3,-1.9366611924992618,1.0116566635040467
9160,29.0,37.2611465,37.2611465,1.0,1.1464968,12406.28,80,6005,Saudi Arabia,1.0,1.0,True,1.3837977967957849,0.6054096664347705,1.6876101331844595,12.59007414013128,158.5099668540024,0.736947164511612,214.09000168153136,254,-1.7339838875491163,9.510223315599372e-111,-1.8546484741232196,1.5751403512560158e-116,True,-1.9873104252838885,0.25332653773477215,-1.8343568261483374,0.1003729385992218,-1.7422781709374338,0.008294283388318335,0.2450322543464547,1.8193935058676975,3,-1.8521858321501785,0.9986721785786359
9161,29.0,38.40764329999999,38.4076433,1.0,1.1464968,12406.28,80,6005,Saudi Arabia,1.0,1.0,True,1.344747957554592,0.6663206856953455,1.610440857800976,13.344987735040249,178.08869764837465,0.6710913854747165,264.37175339003693,254,-1.839984379058872,1.633543651493045e-101,-1.9691779675607148,3.027495906405564e-113,True,-2.0954510850612458,0.25546670600237326,-1.9651237132071375,0.12513933414826622,-1.846959104413758,0.006974725354886191,0.24849198064748768,1.8282558040097303,3,-1.9740298609413638,1.0024639181732564
9162,32.0,36.0,36.0,1.0,1.1803279,12380.52,80,6006,Jordan,1.0,0.0,False,1.522449264233978,0.0040158598403008,1.823221888880932,7.678532971556294,58.95986859527712,0.8601439830965288,67.54651053073798,254,-1.0132897329589663,1.5097654659169644e-40,-0.9164658917167272,8.022337530096977e-50,True,-0.8396081209135272,-0.17368161204543853,-0.8994144348630327,-0.11387529809593344,-1.010375119373624,-0.002914613585342618,0.1707669984600967,2.4650839007908143,3,-0.9287372426802389,1.0133898610678516
9163,31.0,35.64935059999999,35.6493506,1.0,1.1688312,12393.06,80,6006,Jordan,1.0,0.0,False,1.435871185467756,0.348209011577088,1.839442538819379,9.83629353393694,96.7526704857696,0.8755169426904631,109.50919264731613,254,-1.337466747872774,3.052693939828973e-56,-1.322504474991114,1.0661774829353464e-70,True,-1.2789317746750068,-0.05853497319776646,-1.3506103487610965,0.013143600888322338,-1.337971301537241,0.0005045536644669446,0.07167857408608969,1.2385603727162977,3,-1.348839075727871,1.0199126741986517
9164,30.0,35.30546620000001,35.3054662,1.0,1.1575563,12401.62,80,6006,Jordan,0.997392618438563,0.0,False,1.4546698662753412,0.4253160905726961,1.843184975681322,10.092168872150356,101.85187254400056,0.8790831318799414,114.861479819534,254,-1.380460951108942,5.15557364499339e-73,-1.421624554117015,4.458006716448413e-87,True,-1.4965087214174118,0.11604777030847124,-1.3877854144092727,0.007324463300332262,-1.380579526524359,0.00011857541541684946,0.11592919489305276,1.2923577938840232,3,-1.4269518820202398,1.0037473522019558
9166,29.0,34.96815290000001,34.9681529,1.0,1.1464968,12406.28,80,6006,Saudi Arabia,0.8315984750308565,0.4900991144155306,False,1.4686350847568648,0.2495308835830941,1.7642994648450905,8.415505247613192,70.82072857260516,0.8054465175628838,86.92728881229034,254,-1.1420651262529855,1.0039073787932691e-80,-1.1935565961572483,2.1182267183355386e-86,True,-1.291211875764078,0.14914674951109325,-1.1450433956284567,0.002978269375471361,-1.144414517079209,0.00234939082622454,0.14679735868486898,1.1932924122100548,3,-1.1911915784056857,0.9980185122689809
9167,29.0,36.1146497,36.1146497,1.0,1.1464968,12406.28,80,6006,Saudi Arabia,1.0,0.8179233516955893,True,1.4856543272187694,0.4467786365649754,1.765921886237042,10.858855847725636,117.91475032168526,0.8069285499845106,145.12787008707116,254,-1.4881715832521616,3.3830064596527753e-102,-1.6038341733044992,9.184762586407345e-108,True,-1.7408715753037902,0.252699992051628,-1.5745639801551565,0.08639239690299572,-1.496066964454549,0.00789538120238728,0.2448046108492412,1.8719433984278129,3,-1.6015407491438147,0.9985700366042463
9168,28.0,35.7728707,35.7728707,1.0,1.1356467,12407.1,80,6006,Saudi Arabia,0.9159738422376812,0.9159738422376812,True,1.330648761776196,0.0402636205085881,1.5503703562101914,7.404168565673353,54.82171214890539,0.6219608023028294,87.14335557148664,254,-0.9969553085636961,7.031384549752784e-88,-1.1761682863256864,1.9697360213977887e-76,True,-1.1761682863256864,0.17921297776198988,,,,,,0.0,1,-1.1693502668806184,0.9942031939439829
9169,28.0,36.9085174,36.9085174,1.0,1.1356467,12407.1,80,6006,Saudi Arabia,1.0,1.0,True,1.3029247203850696,0.1293924695928581,1.5813013199047152,8.876563448103617,78.79337864820917,0.6470254600622339,120.77786425997895,254,-1.2105553866182472,5.070498277105246e-103,-1.2869298124379345,6.98673815380165e-101,True,-1.4321063956863969,0.22155100906814934,-1.2155714766401335,0.005016090021886799,-1.2131115649872704,0.0025561783690227907,0.2189948306991265,1.6179863034670001,3,-1.281338914690271,0.9956556311823469
9170,27.0,36.5625,36.5625,1.0,1.125,12404.16,80,6006,Saudi Arabia,0.9424047402999746,0.9424047402999746,True,1.2244144340786307,-0.3919362521219049,1.4451995482361732,4.544503823786267,20.65251500440801,0.5404403139882592,37.21423840867777,254,-0.5810520183225891,4.907520928483463e-64,-0.6492969200763514,7.524375548588824e-65,True,-0.7813295167350109,0.20027749841242146,-0.5836342781291539,0.002582259806564409,-0.5829269653648903,0.0018749470423010048,0.19840255137012064,1.343939039783904,3,-0.651403681004863,1.0032446803047577
9171,27.0,37.6875,37.6875,1.0,1.125,12404.16,80,6006,Saudi Arabia,1.0,1.0,True,1.340315147413446,-0.3266586524206122,1.509030226937166,5.614933950214644,31.52748326527302,0.5892342482328347,52.50585672816323,254,-0.7497246518706737,1.4723283320658435e-80,-0.7980492178344947,6.725626634419944e-85,True,-0.8829363833203944,0.13321173144972015,-0.7594852531550744,0.009760601284400337,-0.7517260170280149,0.0020013651573408398,0.13121036629237948,0.9782410711281013,3,-0.7984543495736421,1.0005076525734176
9172,26.0,37.3374613,37.3374613,1.0,1.1145511,12397.52,80,6006,Saudi Arabia,0.9689842980811154,0.9689842980811154,True,1.3584493688325443,-0.7839220849030158,1.5067988011584452,2.214921033658345,4.905875185342151,0.5874929174941509,7.350526515736242,254,-0.16260060916252472,1.8158489214399036e-13,-0.26781716145312123,9.553423580060702e-27,True,-0.4711161544291722,0.30851554526664754,-0.1672123056142423,0.0046116964517175785,-0.16512302431594902,0.002522415153424294,0.30599313011322316,2.1048164024142424,3,-0.263611194699942,0.9842953799885021
9173,26.0,38.4520124,38.4520124,1.0,1.1145511,12397.52,80,6006,Saudi Arabia,1.0,1.0,True,1.3698713499395414,-0.6320261597706407,1.5784290403090997,3.2598847968175613,10.626848888522272,0.6446770775399234,15.483987501268302,254,-0.39268396587310256,1.9285122098147596e-47,-0.46768009357479984,4.44171036468185e-56,True,-0.6015178842327737,0.20883391835967133,-0.40607332281432545,0.013389356941222674,-0.39544907367730026,0.0027651078041975308,0.2060688105554735,1.4273038474246185,3,-0.4604101509700335,0.9844553088646618
9174,26.0,39.5665635,39.5665635,1.0,1.1145511,12397.52,80,6006,Saudi Arabia,1.0,1.0,True,1.205944400510348,-0.2611619702538055,1.5628098268037864,6.037083847424898,36.44638138083861,0.6319815068716792,56.67001246800544,254,-0.8124244315661744,2.6105750858803114e-91,-0.848607211206078,1.1562224409290947e-93,True,-0.8818303188299044,0.06940588726372987,-0.8485373235503629,0.03611289198418855,-0.8154539912379665,0.0030295596717923035,0.0663763275919379,0.7676708468117254,3,-0.8505848708994823,1.0023304771245034
9175,25.0,38.09815950000001,38.0981595,1.0,1.1042945,12387.25,80,6006,Saudi Arabia,1.0,1.0,True,1.334728059214479,-0.8975803679202263,1.6195208800627758,1.9739819928636169,3.896604908149816,0.6786802429124075,4.741444441388761,254,0.04258008129866431,0.025944406763059074,-0.0733460300400921,5.7921702791639923e-05,True,-0.26896950899905075,0.3115495902977146,0.010523709860381869,0.03205637143828233,0.03840770901839241,0.0041723722802718965,0.30737721801744317,2.0793189050777436,3,-0.06866689260459041,0.9362046257589675
9176,25.0,39.20245399999999,39.202454,1.0,1.1042945,12387.25,80,6006,Saudi Arabia,1.0,1.0,True,1.2831636163122515,-0.6646649817150889,1.6457000299003746,2.49814704168942,6.240738641901599,0.7007989741285386,7.905176623099536,254,-0.2605085596364767,6.225847510170762e-32,-0.31555524414562075,7.198272244646056e-46,True,-0.3619805213401826,0.10147196170370604,-0.3216643741114704,0.06115581447499377,-0.2630208369852095,0.002512277348732786,0.0989596843549731,0.9995743479064373,3,-0.32008980927016406,1.0143701149281192
9177,25.0,40.3067485,40.3067485,1.0,1.1042945,12387.25,80,6006,Saudi Arabia,1.0,1.0,True,1.2024344023962452,-0.2578120731547767,1.630116014827946,5.363006911170474,28.76184312926226,0.6875893345352824,40.82997275357883,254,-0.7158679942087423,1.4852174015403059e-85,-0.767730708183857,3.504887173146793e-97,True,-0.8325851932465199,0.11671719903777811,-0.7520052135900575,0.036137219381315616,-0.7186017177149929,0.0027337235062515064,0.11398347553152699,1.1815263910593354,3,-0.7869981364607461,1.0250965971160229
9178,24.0,38.84498479999999,38.8449848,1.0,1.0942249,12373.42,80,6006,Saudi Arabia,0.9347769803720152,0.9347769803720152,True,1.3438077063913905,-0.7918794725108527,1.7171306327607196,1.872897394763964,3.5077446513136428,0.7629547393483079,3.5975789524682007,254,0.04238017769493263,0.01798454087114148,-0.18146706460216033,1.554316861594793e-16,True,-0.18146706460216033,0.22384724229709296,,,,,,0.0,1,-0.1954216405137125,1.076898669971576
9179,24.0,39.93920969999999,39.9392097,1.0,1.0942249,12373.42,80,6006,Saudi Arabia,1.0,1.0,True,1.2811491598525984,-0.5780429075782497,1.6826508227393258,2.281352304244744,5.2045683360828034,0.7326222559710145,6.104027066697135,254,-0.2340809965755073,3.244142714484505e-29,-0.27250781397508783,1.924896375557085e-39,True,-0.33738312306167695,0.1033021264861696,-0.24308768729501146,0.009006690719504284,-0.23705263156857515,0.0029716349930679134,0.1003304914931018,1.1246581499157797,3,-0.28027815767548436,1.0285142051049843
9180,24.0,41.03343469999999,41.0334347,1.0,1.0942249,12373.42,80,6006,Saudi Arabia,1.0,1.0,True,1.1187283259533352,-0.2887388935859324,1.5731887428769429,4.293025268554493,18.430065956447383,0.6404035984495575,27.77882947732852,254,-0.5675607643432784,5.464482337167384e-78,-0.5971020486384953,5.126469079100938e-87,True,-0.6120698557466019,0.044509091403323486,-0.6112302757276364,0.04366951138435791,-0.5680060144412465,0.00044525009796846093,0.044063841305355345,1.2123074593048264,3,-0.6159333867620707,1.0315378889865048
9181,23.0,39.6978852,39.6978852,1.0,1.0876133,12393.41,80,6006,Saudi Arabia,1.0,1.0,True,1.301170133457248,-0.6303590123541654,1.6478134501602015,1.6025101875573289,2.568038901225025,0.7026000724232735,2.6550507209141574,254,-0.029668331166579687,0.0789100973259524,-0.08612267656752104,4.183121194061708e-07,True,-0.15436749879535647,0.12469916762877688,-0.06984988039202025,0.040181549225440615,-0.034150650515186426,0.004482319348606812,0.12021684828017004,1.1324018852022903,3,-0.08820863361251434,1.0242207642415513
9182,22.0,39.45945950000001,39.4594595,1.0,1.0810811,12409.39,80,6006,Saudi Arabia,0.8807434170275278,0.8807434170275278,True,1.2448673077870722,-0.5315513465334387,1.541943194850573,1.6431299296646975,2.6998759657599143,0.6152177436602241,3.388488455643466,254,-0.0004462410100207828,0.9800013845811598,-0.15743344990593722,1.947627026380445e-11,True,-0.16727157568844148,0.16682533467842073,-0.3006304509362658,0.30018420992624517,-0.004398323093104076,0.003952082083083359,0.2962321278431617,2.39584940044056,3,-0.1603931713522991,1.018799825882811
9183,21.0,40.17857140000001,40.1785714,1.0,1.0714286,12384.43,80,6006,Saudi Arabia,1.0,1.0,True,1.1369976712007197,-0.4187660677185026,1.4192954914092295,1.6373634999873787,2.6809592310909185,0.5212400163080751,4.143425575956465,254,-0.0937639089517113,3.3685546769099727e-06,-0.18953245820779793,8.45725962081226e-16,True,-0.28909587711307516,0.195331968161364,-0.18076561192797225,0.08700170297626093,-0.09873588558234613,0.004971976630634808,0.19035999153072902,1.5691670557859707,3,-0.1873954772346903,0.9887249867736918
9184,20.0,41.0059172,41.0059172,1.0,1.0650888,12392.71,80,6006,Saudi Arabia,0.8928382694622269,0.8928382694622269,True,1.2036781174986004,-0.2517705013738105,1.4976967987847865,2.197400230184159,4.828567771613395,0.5804167090067279,7.319139846743152,254,-0.22532141811601367,2.2002991199072164e-21,-0.3659409000536144,7.973240303042263e-25,True,-0.40645762059009893,0.18113620247408516,-0.4606609552496471,0.23533953713363343,-0.2307041243210977,0.005382706205083897,0.22995683092854943,2.0338018215613904,3,-0.3657303319326332,0.9994245843496851
9185,19.0,41.823529399999984,41.8235294,1.0,1.0588235,12397.11,80,6006,Saudi Arabia,0.993938657808946,0.993938657808946,True,1.2705312253334853,-0.057724273522777,1.6623015720570191,2.9523299042034914,8.716251863254197,0.715009372306494,11.19040225324195,254,-0.34953924255671287,1.3239436521389637e-45,-0.4581364041449777,1.571538726022033e-44,True,-0.5970212626184617,0.2474820200617487,-0.41983673242832686,0.07029748987161394,-0.3575512173881437,0.00801197483143104,0.23947004523031795,1.789429332726769,3,-0.4676430641244548,1.0207507194221324
9186,18.0,42.6315789,42.6315789,1.0,1.0526316,12397.67,80,6006,Saudi Arabia,0.9926604089178253,0.9926604089178253,True,1.2145237488209233,0.0391775431919728,1.7592132176708306,3.0369750441201444,9.223217418608552,0.800809215305249,10.51737173140907,254,-0.34028826143364604,1.3248915666062763e-41,-0.5709548425212347,5.450182471613574e-47,True,-0.562513648236042,0.2222253868023964,-0.7643327005625289,0.42404443912888323,-0.38601817876513284,0.045729917331486625,0.37831452179739605,2.861606865306447,3,-0.5480148140893155,0.9598216413567487
9187,17.0,43.43023260000001,43.4302326,1.0,1.0465116,12394.45,80,6006,Yemen,1.0,1.0,True,0.9487476626934356,0.037270684068219,1.6018916321140289,2.5942810141827124,6.730293980548882,0.6639851535796365,9.136211546696382,254,-0.21458215129945585,6.245758110103847e-16,-0.3559399488776712,2.1444760155436765e-33,True,-0.4678557562253979,0.25327360492594153,-0.37960538400596133,0.16502323270650554,-0.2203587064016545,0.00577655510219862,0.24749704982374338,2.075797110084595,3,-0.3928302516330626,1.1036419285660735
9188,16.0,43.179190800000015,43.1791908,1.0,1.0404624,12387.47,80,6006,Yemen,0.8765676775022032,0.8765676775022032,True,0.9132258193802292,0.0200276578266365,1.5448616737560044,2.4885666169358296,6.19296380692744,0.6175488272041578,9.028298223745283,254,-0.06240686152541097,0.03193842459932702,-0.19542395186146694,2.9590964854039945e-06,True,-0.33619914486807445,0.2737922833426636,-0.1813098501483601,0.11890298862294912,-0.06876286056796588,0.0063559990425549676,0.2674362843001086,2.4637119203456757,3,-0.27393190061158906,1.4017314561613983
9189,16.0,44.21965320000001,44.2196532,1.0,1.0404624,12387.47,80,6006,Yemen,1.0,1.0,True,0.9263303882191012,0.0700189457868463,1.5825243982835635,2.448400290259092,5.994663981340803,0.6480267479076596,8.250642817902653,254,-0.13937023959336867,4.5298060046102476e-07,-0.14860566403996575,9.745892797245334e-09,True,-0.24629805275996522,0.10692781316659655,-0.06403038543867917,-0.07533985415468936,-0.13548855392125295,-0.0038816856721156576,0.18226766732128605,1.81868450678143,3,-0.15426080077951013,1.0380546513894886
9190,16.0,45.260115600000006,45.2601156,1.0,1.0404624,12387.47,80,6006,Yemen,1.0,1.0,True,0.8176671447444056,0.0787740881436084,1.5157596576876764,2.18801178954646,4.787395591194303,0.5945012764342659,7.05279278777738,254,-0.1556644126669409,4.828797534742046e-10,-0.17666974070945407,6.894467483710029e-15,True,-0.27127456553700546,0.11561015287006457,-0.10266672844343142,-0.05299768422350948,-0.15606792814792542,0.00040351548098438265,0.16860783709357405,1.3825147086462886,3,-0.16671357478888058,0.9436453244308141
9191,16.0,46.300578,46.300578,1.0,1.0404624,12387.47,80,6006,Yemen,1.0,1.0,True,0.7945992020003569,0.0586671242125186,1.4747498642325438,1.866526016826944,3.4839193714918566,0.5627672722330944,5.190692926522637,254,-0.13229417924973857,4.3099886989795295e-09,-0.2160555941216932,1.3043210150860368e-22,True,-0.36359138084062415,0.2312972015908856,-0.14368680502827086,0.0113926257785322,-0.1408885964961851,0.008594417246446433,0.22270278434443905,1.5845529008202843,3,-0.20240021152118193,0.9367969033339637
9192,16.0,47.34104049999999,47.3410405,1.0,1.0404624,12387.47,80,6006,Yemen,1.0,1.0,True,0.7951612494258714,0.0520293227325001,1.4334702874008414,1.7104013771263735,2.925472870875796,0.5317034695185023,4.502075947567228,254,-0.10732017254776849,3.6209455394864364e-07,-0.19434718207641943,9.513988768183144e-17,True,-0.34438565230390117,0.23706547975613285,-0.1284930591983181,0.02117288665054963,-0.11016283472703942,0.0028426621792709827,0.23422281757686175,1.6674437195023804,3,-0.17546280321343163,0.9028317330808416
9193,16.0,48.38150289999999,48.3815029,1.0,1.0404624,12387.47,80,6006,Yemen,1.0,1.0,True,0.9435445504711802,0.076583883863892,1.4433597352984386,1.7799606985813774,3.1682600884943053,0.5390651735382019,4.877322899008946,254,-0.10568957396850331,1.3479217538740206e-06,-0.21320753609222787,1.1905458640533791e-13,True,-0.38488777603861624,0.2791982020701131,-0.14857854889651367,0.04288897492801044,-0.10615628334155358,0.0004667093730503086,0.27873149269706265,2.2843384936971995,3,-0.20667743216797768,0.9693720773480284
9194,16.0,49.42196530000001,49.4219653,1.0,1.0404624,12387.47,80,6006,Yemen,1.0,1.0,True,0.999062770151085,0.1142789886680011,1.4338626261706109,1.890566717450931,3.5742425131331883,0.5319945623088961,5.718569636540474,254,-0.1253371650921189,9.256629089652936e-08,-0.278460721946428,1.8909367686488604e-14,True,-0.51108896806937,0.385751802977251,-0.1973889379474324,0.07205177285531347,-0.1269042598224811,0.00156709473036213,0.3841847082468889,2.9780162931249845,3,-0.27862541629313164,1.000591445520763
9195,16.0,50.462427700000006,50.4624277,1.0,1.0404624,12387.47,80,6006,Yemen,1.0,1.0,True,1.1231092847257644,0.116964280230961,1.5377806775612228,1.996155775624427,3.9846378805587577,0.6119006332046462,5.5119035090557285,254,-0.11235293245912104,7.958278508329636e-06,-0.23351586827908621,1.0029686483782693e-14,True,-0.40808595022695315,0.295733017767832,-0.18019076057100103,0.06783782811187991,-0.11227089403930468,-8.203841981638434e-05,0.2958150561876485,2.146764534790545,3,-0.2253937370820713,0.96521807594117
9196,15.0,43.9655172,43.9655172,1.0,1.0344828,12376.79,80,6006,Yemen,1.0,1.0,True,1.0073928117483224,0.1385064348537365,1.6456019284555057,2.590498718949164,6.710683612877259,0.7007154262868013,8.576902921116211,254,-0.08227384945041194,0.006249069684703016,-0.14890412850086854,9.03146158394955e-05,True,-0.2311528887478267,0.14887903929741486,-0.09201111391706007,0.00973726446664891,-0.12354838283771885,0.04127453338730691,0.13914177483076662,2.6396932712497883,3,-0.18220504448654157,1.2236399777557463
9197,15.0,45.0,45.0,1.0,1.0344828,12376.79,80,6006,Yemen,1.0,1.0,True,0.946627570275712,0.1772677727162326,1.5861035028416646,2.545646441828659,6.480315806794914,0.6509612723501091,8.954994378389962,254,-0.15826907648273825,1.9868111612532182e-08,-0.14879159466793923,6.122241864191105e-08,True,-0.22269831174979327,0.06442923526705507,-0.06902184645064335,-0.08924723003209467,-0.15465462580338085,-0.003614450679357145,0.1536764652991499,2.5973348313340483,3,-0.1524561092079587,1.0246285050455817
9198,15.0,46.034482800000006,46.0344828,1.0,1.0344828,12376.79,80,6006,Yemen,1.0,1.0,True,0.9284997639461792,0.1578618687413194,1.5467358307062375,2.313391226790947,5.351778968193324,0.6190481012027808,7.6451746767255635,254,-0.15975630409331443,3.2463066733179724e-10,-0.20468545695548324,1.04518722795023e-17,True,-0.26269400567384427,0.10293770158052984,-0.19193584283780796,0.03217953874449367,-0.15942652235479726,-0.0003297817385170543,0.103267483319047,1.1485028263063417,3,-0.19800944062011241,0.9673840221251148
9199,15.0,47.06896549999999,47.0689655,1.0,1.0344828,12376.79,80,6006,Yemen,1.0,1.0,True,0.9365686441328358,0.1262550346535064,1.554319873099623,2.0978176474908534,4.4008388821240585,0.6251336874640592,6.03983639079933,254,-0.12900019094474646,1.733180505901682e-08,-0.21259626807173948,7.093819442152999e-20,True,-0.3291790321089061,0.20017884116415935,-0.17900270246107275,0.05000251151632615,-0.1296070696452396,0.0006068787004930506,0.19957196246366649,1.486838323213065,3,-0.20717902168595478,0.974518619565059
9200,15.0,48.1034483,48.1034483,1.0,1.0344828,12376.79,80,6006,Yemen,1.0,1.0,True,1.032956966731148,0.114735151613679,1.587818850212367,2.103105675630155,4.423053482867772,0.6523700436080602,5.779976374152941,254,-0.10403663796958162,5.125606763224127e-06,-0.22025780730110278,1.7773092076380253e-17,True,-0.3501804261199153,0.24614378815033394,-0.20611367615223464,0.10207703818265287,-0.10447931963115797,0.0004426816615764953,0.24570110648875731,1.9587463237827036,3,-0.2176832583981646,0.9883112025199695
9201,15.0,49.13793100000001,49.137931,1.0,1.0344828,12376.79,80,6006,Yemen,0.924391737257424,0.924391737257424,True,1.108034419571233,0.1250945073798956,1.594077502037598,2.1915478241397555,4.802881865491696,0.6575230291520333,6.3045074507666685,254,-0.10368712377379952,1.6804108373356676e-05,-0.37997536906355944,5.929767873057546e-14,True,-0.37997536906355944,0.27628824528976037,,,,,,0.0,1,-0.38320680961982334,1.008504342174146
9202,15.0,50.172413800000015,50.1724138,1.0,1.0344828,12376.79,80,6006,Yemen,0.6045121469977995,0.6045121469977995,True,1.2206165508204183,0.124213632568717,1.6812013299241038,2.261499376940216,5.114379431900984,0.7313605880238747,5.992965598159945,254,-0.08895790427510697,0.00039265329849107005,-0.3326668943799487,9.056819248152759e-15,True,-0.3326668943799487,0.24370899010484132,,,,,,0.0,1,-0.3278728746527522,0.9855891289208927
9203,15.0,51.20689659999999,51.2068966,1.0,1.0344828,12376.79,80,6006,(offshore/unassigned),0.2954506042161224,0.2954506042161224,False,1.60570457858815,0.0768392480076655,1.993663787889122,2.396133382416433,5.741455186330415,1.0284802220923248,4.582465333801057,254,-0.029558894751632314,0.26167839532826376,-0.40350980358148214,1.4290576192069415e-17,True,-0.40350980358148214,0.37395090882985,,,,,,0.0,1,-0.39922815594924677,0.9893889873449611
9204,14.0,43.8395415,43.8395415,1.0,1.0315186,12397.86,80,6006,Yemen,1.0,1.0,True,1.0356037722286702,0.2079109235922349,1.6746364374105225,2.6469032157225123,7.006096633402176,0.7256599865526752,8.654792551929702,254,-0.013250746128329549,0.6697812478908892,-0.025644735048486744,0.46056191544204733,False,-0.030179825520917802,0.016929079392588253,-0.02346951100456085,0.010218764876231745,-0.023284868619980692,0.01003412249165092,0.00689495690093711,2.9735942622305425,3,-0.055995337185276446,2.1835022697409636
9205,14.0,44.87106019999999,44.8710602,1.0,1.0315186,12397.86,80,6006,Yemen,1.0,1.0,True,1.0221603499038334,0.2701907799652248,1.6280970807802642,2.810360866582015,7.898128200415612,0.68588720063889,10.515199865311184,254,-0.15097936340793505,4.630407376568373e-07,-0.018285623984227062,0.6512116237180123,False,-0.10702547385969563,-0.04395388954823942,0.17474704000091723,-0.32572640340885206,-0.12257843809390145,-0.028400925314033487,0.2973254780948187,3.2586296701972337,3,-0.009966402470509566,0.5450403267127474
9206,14.0,45.902578800000015,45.9025788,1.0,1.0315186,12397.86,80,6006,Yemen,1.0,1.0,True,1.023361696163454,0.2609498465698504,1.6050225072085016,2.8128416079067358,7.912077911171348,0.6665831896577625,10.869603125205678,254,-0.18835509622293256,1.2981057093345488e-11,-0.2263871503969619,4.6896063427716635e-15,True,-0.2709490696998591,0.08259397347692682,-0.22599308379239647,0.03763798756946396,-0.18221929769862966,-0.006135798524302738,0.08872977200122945,1.23177540215802,3,-0.2220069134564204,0.9806515655466271
9207,14.0,46.93409739999999,46.9340974,1.0,1.0315186,12397.86,80,6006,Yemen,0.9489477478701848,0.9489477478701848,True,0.9712711705934912,0.2134168670366646,1.5734496509765432,2.6274013724085115,6.903237971734129,0.6406160336604919,9.775936924789251,254,-0.1623294794694894,7.646756381019802e-11,-0.2501251257563175,7.43002414403168e-19,True,-0.40806595598522843,0.24573647651573874,-0.17785072916064393,0.015521249691153895,-0.16445869212307995,0.0021292126535905186,0.24360726386214848,1.7677687225091119,3,-0.252853256729772,1.0109070648748513
9208,14.0,47.96561600000001,47.965616,1.0,1.0315186,12397.86,80,6006,(offshore/unassigned),0.5507096361996883,0.5507096361996883,True,1.1028183103100695,0.1682937490005119,1.647667828721762,2.551392110604064,6.50960170205266,0.7024758968227808,8.266654886658538,254,-0.11793624238013134,5.665904827885157e-07,-0.4846272419629445,8.327016657878685e-25,True,-0.4846272419629445,0.3666909995828128,,,,,,0.0,1,-0.48560674283495314,1.0020211428231753
9209,14.0,48.9971347,48.9971347,1.0,1.0315186,12397.86,80,6006,(offshore/unassigned),0.1937103853615137,0.1937103853615137,False,1.2538123305876088,0.1403297025673822,1.7302737807636677,2.577057753093552,6.6412266627795855,0.7746789532985958,7.572876072728106,254,-0.08250713328849812,0.0004904497096869424,-0.5578125554315521,1.4930905084691377e-22,True,-0.5578125554315521,0.47530542214305377,,,,,,0.0,1,-0.5438086851197601,0.9748950249049919
9210,13.0,43.58974359999999,43.5897436,1.0,1.025641,12379.64,80,6006,Yemen,0.637621380611643,0.6098747622073079,True,1.1441911064016823,0.190477998651491,1.7116583225685684,2.848700840546885,8.115096478932532,0.7580995791407523,9.704525767090349,254,0.15814938338651863,1.078714810477797e-05,0.08291147474029659,0.05120862715549899,False,0.08291147474029659,0.07523790864622182,,,,,,0.0,1,0.04473318777054307,0.5395295151926887
9211,13.0,44.6153846,44.6153846,1.0,1.025641,12379.64,80,6006,Yemen,0.7512917662400334,0.7512917662400334,True,1.0686524439720535,0.2862386099610697,1.639391102385439,2.753809743021664,7.583468100761041,0.6954361313754525,9.904621946751965,254,-0.044536363156896686,0.13013048180314013,-0.017169899825622004,0.7072517156616214,False,-0.017169899825622004,-0.027366463331274682,,,,,,0.0,1,0.045088079076539916,-2.6259954649972186
9212,13.0,45.641025600000006,45.6410256,1.0,1.025641,12379.64,80,6006,(offshore/unassigned),0.2529301325164036,0.2529301325164036,False,1.0305750697758869,0.3139059240354553,1.6187573414548737,2.9358077701394625,8.618967263211243,0.6780404531827081,11.711582653739883,254,-0.1473839861618509,1.0769960141588648e-07,-0.20057718120762136,1.7403974055344101e-06,True,-0.20057718120762136,0.05319319504577058,,,,,,0.0,1,-0.2011770461614269,1.0029906939074222
9213,31.0,40.3246753,40.3246753,1.0,1.1688312,12393.06,80,6009,Saudi Arabia,1.0,1.0,True,1.3636927842264157,-0.117972634164799,1.45034223261569,7.293911386370415,53.20114331222399,0.544293427563607,96.7434975659463,254,-0.9590164950030582,3.719914944596979e-19,-1.0847046416029207,3.1747666142320636e-30,True,-1.1248617661512472,0.16584527114818892,-1.1670161922326405,0.20799969722958234,-0.9622359664248729,0.0032194714218143905,0.20478022580776767,1.9848810335671678,3,-1.1230415185346292,1.0353431482279418
9214,31.0,41.4935065,41.4935065,1.0,1.1688312,12393.06,80,6009,Saudi Arabia,1.0,0.850877312726237,True,1.308679786098564,-0.4661436938566575,1.407052875146154,4.802143800694812,23.06058508255161,0.5122865329458007,44.01501327771854,254,-0.5599019211797565,1.742090087422308e-08,-0.6606958662955806,2.3813255826508692e-14,True,-0.6610530751785971,0.10115115399884056,-0.7571752715484437,0.19727335036868748,-0.5638592521597031,0.003957330979946327,0.19331601938874055,2.1376925756161302,3,-0.6892695833754047,1.043247912598625
9215,31.0,42.6623377,42.6623377,1.0,1.1688312,12393.06,80,6009,Iraq,1.0,0.1915465478539031,False,1.2110466375712896,-0.7171337858642801,1.4647670365614789,3.3710981940136784,11.364303033682283,0.555174128182411,19.46979939589038,254,-0.23666004417745767,0.009405296099769622,-0.33693946168280364,0.00013398919952567698,True,-0.2552184599526801,0.018558415775222326,-0.5094778358222627,0.27281779164480496,-0.24612208927346807,0.009462045096010507,0.2633557465487946,2.557403882132679,3,-0.39793734298497785,1.1810351360969344
9216,30.0,39.9356913,39.9356913,1.0,1.1575563,12401.62,80,6009,Saudi Arabia,1.0,1.0,True,1.4212479446896655,0.3682149152953963,1.4764719532940511,10.983633958556585,120.64021493555737,0.5640823443340067,212.86986518429904,254,-1.5000597432346086,2.1421237595786737e-49,-1.6410309421344362,1.3487885988374938e-64,True,-1.836497321180293,0.33643757794568563,-1.5815027647883877,0.0814430215537793,-1.5050927404346288,0.005032997200021594,0.33140458074566426,2.259056997510573,3,-1.6786666544245232,1.0229341880910152
9217,30.0,41.093247599999984,41.0932476,1.0,1.1575563,12401.62,80,6009,Saudi Arabia,1.0,1.0,True,1.421128036902923,-0.0021289541125845,1.4203948399019006,8.1413195041145,66.28108326807516,0.5220478063059276,125.9636275978018,254,-1.089558271484145,4.261443658732644e-29,-1.1495195683572446,1.3180060745292177e-35,True,-1.2097746401305058,0.12021636864636087,-1.1460268061763716,0.05646853469222601,-1.0927572587648546,0.003198987280710025,0.11701738136565121,1.6101926420380774,3,-1.209393181870579,1.0520857714487615
9218,30.0,42.2508039,42.2508039,1.0,1.1575563,12401.62,80,6009,Saudi Arabia,1.0,1.0,True,1.323590910560058,-0.3790902110181895,1.3997103966522708,5.313592922237025,28.234269743247413,0.506953913753433,54.69395753196553,254,-0.6565834555490953,2.9121483796660776e-13,-0.7303850158087672,4.430659966070908e-15,True,-0.7730832582777729,0.11649980272867877,-0.7551785943471558,0.09859513879806159,-0.6628931948013715,0.00630973925227668,0.11019006347640137,1.7740982432486365,3,-0.8143431732208916,1.1149505474440162
9219,30.0,43.40836010000001,43.4083601,1.0,1.1575563,12401.62,80,6009,Saudi Arabia,1.0,0.6069670875516905,True,1.2044262542331972,-0.691795193035539,1.4752569275694734,3.295353670222443,10.859355811848523,0.5631543313749008,18.283090277111405,254,-0.27127759249971617,0.0002917482884641755,-0.3473324079665512,1.3672028840454238e-05,True,-0.3474582070507151,0.07618061455099912,-0.41731415852736853,0.14603656602765278,-0.27722485832156973,0.005947265821853731,0.1400893002057988,1.9969615919132198,3,-0.44733759638470905,1.2879235744330215
9220,29.0,39.554140099999984,39.5541401,1.0,1.1464968,12406.28,80,6009,Saudi Arabia,1.0,1.0,True,1.3577648515939214,0.6185701992047732,1.4884054473789765,13.076594390327982,170.99732084915723,0.5732375154359614,297.3009943428241,254,-1.801115404646898,1.5539454065016904e-90,-1.8578275070903902,7.523037048355321e-106,True,-1.922662849404375,0.12154744475747603,-1.8385542028890525,0.03743879824215336,-1.8122654689777453,0.011150064330846088,0.11039738042662961,1.2317397370652674,3,-1.8698407030194812,1.0064662601254653
9221,29.0,40.700636900000006,40.7006369,1.0,1.1464968,12406.28,80,6009,Saudi Arabia,1.0,1.0,True,1.3962916306326751,0.4665269044821388,1.4255127609221638,11.871863481645525,140.94114252682854,0.5258166357006946,267.04238009513085,254,-1.629558301616117,1.3376333501919706e-73,-1.65497926661472,5.278020404474897e-78,True,-1.6714414532267785,0.04188315161066147,-1.652663200663921,0.02310489904780441,-1.640833145953461,0.011274844337343604,0.030608307273317426,1.253181014799191,3,-1.6905480001309336,1.0214919511281673
9222,29.0,41.8471338,41.8471338,1.0,1.1464968,12406.28,80,6009,Saudi Arabia,1.0,1.0,True,1.4642933141190293,0.2354214085576434,1.4105857531330974,9.94182285661933,98.83984171239852,0.5148622967420513,190.97335353129927,254,-1.3556213071582657,7.583705259511245e-52,-1.4094824853091903,1.7874010767089593e-50,True,-1.4323843328746806,0.07676302571641502,-1.4300771857779508,0.07445587861968472,-1.365985937274943,0.010364630116676987,0.06639839559973759,1.3683269255602877,3,-1.4603987078351437,1.0361240547907795
9223,29.0,42.99363060000002,42.9936306,1.0,1.1464968,12406.28,80,6009,Saudi Arabia,1.0,1.0,True,1.465144435272343,-0.0581865614168254,1.4928891672005964,7.474288388734128,55.86498691796581,0.5766963952000324,95.8707059432694,254,-1.0024197487673823,4.5566333390265535e-38,-1.073073992390414,1.0470780319960016e-38,True,-1.0625242581724552,0.06010450940507239,-1.1521197345399583,0.14969998577257548,-1.0045779844588285,0.0021582356914457423,0.1475417500811298,1.9263547322999763,3,-1.1673994764517228,1.0879021248583114
9224,29.0,47.5796178,47.5796178,1.0,1.1464968,12406.28,80,6009,Kuwait,0.9431816089300448,0.9431816089300448,True,1.4166410160602336,-0.7156068429067804,1.4901551049952844,3.0232805244435323,9.14022512947956,0.5745860174779686,14.907496617475594,254,-0.004936403274643286,0.9160742488789566,0.027706134542993865,0.35502686667301553,False,0.04670207450113528,-0.05163847777577879,0.04014273141917579,-0.04507913469381941,-0.003726402291329478,-0.001210000983313697,0.05042847679246476,2.0120715618990905,3,0.04365830402547481,1.575763084443507
9225,28.0,38.044164,38.044164,1.0,1.1356467,12407.1,80,6009,Saudi Arabia,1.0,1.0,True,1.292531929323681,0.2654467781485222,1.5514754724594546,10.316533894653997,106.43087159954472,0.6228477954739883,169.87781697702027,254,-1.417535564039463,2.2655962209054012e-110,-1.5058232103173572,6.3393818218769e-116,True,-1.6479640656919519,0.23042850165248863,-1.445393271065659,0.027857707026195305,-1.4241122941944617,0.006576730154998267,0.22385177149749014,1.595356010845234,3,-1.505766714853352,0.9999624820074374
9226,28.0,39.17981069999999,39.1798107,1.0,1.1356467,12407.1,80,6009,Saudi Arabia,1.0,1.0,True,1.2364830518932708,0.4222659746796696,1.487075865371192,11.713848646271494,137.2142501077565,0.57221383486668,238.79540819687804,254,-1.6141299624186929,6.612259534967091e-110,-1.6668165064468154,1.4343982647992813e-124,True,-1.7330727337621277,0.11894277134343428,-1.6324052536430835,0.01827529122439088,-1.6349715319352354,0.020841569516542535,0.10066748011904414,0.9878428105020747,3,-1.6743589348220578,1.0045250502056287
9227,28.0,40.315457400000014,40.3154574,1.0,1.1356467,12407.1,80,6009,Saudi Arabia,1.0,1.0,True,1.2430786650613297,0.5752216770249766,1.4430592830064264,12.902555275448783,166.4759326360112,0.5388407713941156,307.9519974616925,254,-1.7783190517082343,9.350841953301348e-107,-1.8094762416113785,2.9621164508812977e-103,True,-1.83266995132617,0.05435089961793527,-1.7997677184819598,0.021448666773725616,-1.7959910550260074,0.01767200331777341,0.03667889630016252,1.0614580094566703,3,-1.8337677342036778,1.013424598805822
9228,28.0,41.45110410000001,41.4511041,1.0,1.1356467,12407.1,80,6009,Saudi Arabia,1.0,1.0,True,1.3634896470659217,0.661876583364153,1.457063455337109,13.453206439870478,180.98876351377248,0.5493498811593087,328.4599120178687,254,-1.8542635300384238,1.1882105854210592e-95,-1.8792752260511223,4.883445418188749e-91,True,-1.9210698955609997,0.0668063655225759,-1.8606720533476016,0.006408523309178404,-1.8560837292447665,0.0018201992063439087,0.06498616631623322,1.2917452153864508,3,-1.9088681193265329,1.0157469714202498
9229,28.0,42.5867508,42.5867508,1.0,1.1356467,12407.1,80,6009,Saudi Arabia,1.0,1.0,True,1.4826163122714884,0.6236143671186166,1.5140938586271866,12.874569394220767,165.7545370866061,0.5931952969686395,278.42658671376665,254,-1.7744495819081991,4.44705278207249e-90,-1.8212708133504958,6.96524201240003e-68,True,-1.8465735588758876,0.07212397696768913,-1.8329161546578443,0.05846657274964462,-1.784322726517757,0.00987314460955685,0.06225083235813056,1.6448110619557408,3,-1.8842756077370422,1.0345938637596896
9230,28.0,43.7223975,43.7223975,1.0,1.1356467,12407.1,80,6009,Saudi Arabia,1.0,1.0,True,1.5365562361399048,0.4249218355499062,1.5675527716439075,11.018645957533264,121.41055873746414,0.6358233074998506,189.95015439881885,254,-1.5153570115169377,1.260448174514224e-86,-1.5917509262169953,7.65082948747028e-55,True,-1.5553877809719387,0.04003076945500206,-1.6997512349797053,0.18439422346276735,-1.5201137626993413,0.004756751182404734,0.17963747228036397,2.332806184912832,3,-1.675706900642727,1.052744416882649
9231,28.0,45.99369089999999,45.9936909,1.0,1.1356467,12407.1,80,6009,Saudi Arabia,1.0,1.0,True,1.5975080665364207,-0.2375460760156605,1.490175483783158,5.414766060719373,29.319691492318395,0.5746017332200312,50.02611042958873,254,-0.6929349170945183,7.917117904685193e-37,-0.7812410090769624,1.7447621147103665e-66,True,-0.6748399914867259,-0.018094925607793022,-0.9786662020975209,0.2857312850030028,-0.6902168336466389,-0.0027180834478792715,0.30382621061079496,3.0242730068904624,3,-0.8118573138735884,1.0391893211453394
9232,28.0,47.12933749999999,47.1293375,1.0,1.1356467,12407.1,80,6009,Saudi Arabia,1.0,1.0,True,1.6190796877963254,-0.4676030655464559,1.4685303481509164,3.6317298571165377,13.189461755071706,0.5580305239197793,22.635735304271247,254,-0.36928355327319307,2.7828443935772025e-16,-0.3382665533184512,2.335940497526947e-24,True,-0.32807666221557885,-0.041206891057614325,-0.3217299141872095,-0.047553639085983535,-0.36499308355256554,-0.0042904697206274656,0.04326316936535607,1.657081372931971,3,-0.3103642704805757,0.9175139174590291
9233,28.0,48.264984200000015,48.2649842,1.0,1.1356467,12407.1,80,6009,Saudi Arabia,0.8794147677994506,0.8794147677994506,True,1.72813716247618,-0.4983372813592865,1.5948602214296486,3.36299202414866,11.309715354487505,0.6581688978471837,16.18360650507894,254,-0.2538719923120787,5.2603487409337505e-09,-0.22133308540161833,3.2646697480248354e-17,True,-0.20989687923500222,-0.043975113077076466,-0.2096082858507189,-0.044263706461359686,-0.244494091119134,-0.00937790119294446,0.034885805268415115,1.4694514721308611,3,-0.17517929241254732,0.7914735932708705
9234,27.0,38.8125,38.8125,1.0,1.125,12404.16,80,6009,Saudi Arabia,1.0,1.0,True,1.3086769252014423,-0.0994731110561748,1.5015397649532738,7.597558709584395,57.7228983455817,0.5833991330132268,97.94237937489876,254,-1.0362998655932019,2.78098585229613e-99,-1.0538364357503678,2.475284036855036e-106,True,-1.079865049493876,0.04356518390067321,-1.040960757557232,0.004660891964030078,-1.040683500199996,0.004383634606793585,0.03918154929388007,0.6226916964169852,3,-1.0544396694107405,1.0005724167811139
9235,27.0,39.9375,39.9375,1.0,1.125,12404.16,80,6009,Saudi Arabia,1.0,1.0,True,1.228906231698319,0.2565019961695333,1.529758734968591,10.395795126708268,108.07255631649136,0.6055332380233039,177.47501925622157,254,-1.4287758083791315,4.6879136968877003e-116,-1.4462360387134185,8.128034509884239e-119,True,-1.464456033898304,0.03568022551917177,-1.4363860509082227,0.007610242529089997,-1.4378660313337306,0.009090222954597438,0.028069982990081233,0.9076459905367894,3,-1.4582219977868154,1.0082876921557422
9236,27.0,41.0625,41.0625,1.0,1.125,12404.16,80,6009,Saudi Arabia,1.0,1.0,True,1.236765367768775,0.6267263491181474,1.5805918712929463,13.2775342900484,176.29291682341108,0.6464450161749536,271.71138675729105,254,-1.8313638328773176,1.3020615062474816e-126,-1.8428608707234369,5.096826091919858e-116,True,-1.8907506478807707,0.059386815003452165,-1.802560637332386,-0.02880319554493241,-1.8352713269571523,0.003907494079834428,0.08819001054838482,1.3054710110341456,3,-1.872644078862547,1.0161613980807018
9237,27.0,42.1875,42.1875,1.0,1.125,12404.16,80,6009,Saudi Arabia,1.0,1.0,True,1.2657157770323917,0.9183629646404264,1.5612728140379266,15.22424114846961,231.77751854675523,0.63073901919026,366.46976403062905,254,-2.1042802965525613,1.8038653547642285e-117,-2.2601069617391185,5.4573053777963065e-62,True,-2.245671248783842,0.14139095223127934,-2.422966331009584,0.3186860344570214,-2.1116833054239317,0.007403008871370187,0.31128302558565224,2.54945430442829,3,-2.3535776663746226,1.0413567615240562
9238,27.0,43.3125,43.3125,1.0,1.125,12404.16,80,6009,Saudi Arabia,1.0,1.0,True,1.3525298076931351,0.974392608224469,1.6032845978678811,15.388981190927163,236.82074209471008,0.6651404261341384,355.0462314268515,254,-2.128552408769484,3.930868765473128e-113,-2.227219728143939,5.9812783317005296e-74,True,-2.2582795780814986,0.12972716931201422,-2.290581264353081,0.16202885558359637,-2.132798341997236,0.004245933227751408,0.15778292235584512,2.2033136092734704,3,-2.289782217494367,1.0280899493479994
9239,27.0,44.4375,44.4375,1.0,1.125,12404.16,80,6009,Saudi Arabia,1.0,1.0,True,1.4649417246393677,0.7763981406430842,1.5857004815602551,13.573595186588497,184.2424862893784,0.6506305021140375,282.1752979467381,254,-1.8754449497181538,5.752918967467426e-103,-2.0163665592456947,1.7553304495897628e-71,True,-1.9183583069049635,0.042913357186809664,-2.25986413218749,0.38441918246933704,-1.8708772386446313,-0.0045677110735213855,0.38898689354285887,3.4268070996764797,3,-2.0661149636693903,1.024672301866733
9240,27.0,45.5625,45.5625,1.0,1.125,12404.16,80,6009,Saudi Arabia,1.0,1.0,True,1.5588304477935253,0.3990646917519032,1.5384579575329087,10.36484001904934,107.4299086204867,0.6124397468925841,174.41302498011913,254,-1.4216615172437095,8.574226881502781e-74,-1.5222807119363668,4.345767604710032e-96,True,-1.3647652046959469,-0.05689631254776417,-1.7831368403366197,0.3614753230929097,-1.4189400907765362,-0.0027214264671731048,0.4183716356406728,3.492919897115178,3,-1.554508068056673,1.0211704423944992
9241,27.0,46.6875,46.6875,1.0,1.125,12404.16,80,6009,Saudi Arabia,1.0,1.0,True,1.5509208130845389,0.0035465760754567,1.472785842273141,6.938460168255006,48.1422295064613,0.5612693215427559,84.77384805948986,254,-0.9248243572847455,4.640039144126233e-47,-1.010116916315998,1.4814113634423063e-78,True,-0.846599486769171,-0.07822487051557481,-1.2657520587722986,0.34092770148755286,-0.9179992034065257,-0.006825153878220691,0.4191525720031276,3.0851508908694822,3,-1.0124153102418825,1.0022753741559611
9242,27.0,47.8125,47.8125,1.0,1.125,12404.16,80,6009,Saudi Arabia,1.0,1.0,True,1.5918483968929709,-0.2676578798422626,1.4809616679887596,4.554538473431537,20.743820705968076,0.5675181283361658,35.551820409304355,254,-0.549677507459144,1.0169765444266767e-28,-0.5701099841674511,7.00841471402738e-45,True,-0.48798621920302687,-0.06169128825611725,-0.6808987397211581,0.1312212322620141,-0.5414449935781688,-0.008232513880975345,0.19291252051813124,1.7619095784332217,3,-0.5626848958960242,0.986976042381945
9243,27.0,48.9375,48.9375,1.0,1.125,12404.16,80,6009,Saudi Arabia,0.9355027605008072,0.9355027605008072,True,1.6402915427878912,-0.3379067901083651,1.5548955584317652,3.807369880060605,14.496065403592702,0.6255968443039585,22.171576927823352,254,-0.39349319780994163,4.132264648558623e-19,-0.3864110530227183,8.097676518738557e-27,True,-0.3381692179208544,-0.055323979889086994,-0.43709608713944464,0.04360288932950307,-0.3839678540078554,-0.009525343802086028,0.09892686921859023,1.4087526065948939,3,-0.366855456641964,0.9493917261740322
9244,26.0,40.6811146,40.6811146,1.0,1.1145511,12397.52,80,6009,Saudi Arabia,1.0,1.0,True,1.1972671559009864,0.2246584357255522,1.6462655090489746,9.813183410490602,96.29856864792798,0.7012806600787989,136.31815823511727,254,-1.346759339936287,3.1387054260989417e-125,-1.3887308490495425,1.1049465627596987e-120,True,-1.4265710140400039,0.07981167410371615,-1.3900174377068695,0.043258097770581025,-1.3496040954017532,0.0028447554654657953,0.07696691863825067,1.2029827248917817,3,-1.4162593720203176,1.0198227921483964
9245,26.0,41.79566560000001,41.7956656,1.0,1.1145511,12397.52,80,6009,Saudi Arabia,1.0,1.0,True,1.1245902308305755,0.7095095960258999,1.588469909910924,13.3259035883391,177.5797064457089,0.6529051410735282,270.9839303971883,254,-1.8404414543580785,1.644153124255932e-135,-1.9212011340505732,2.8416742314466447e-123,True,-1.9870990694029174,0.14665761504483885,-1.9333183764390338,0.09287692208095437,-1.8431859563097712,0.0027445019516921243,0.14391311309314614,1.556487519193093,3,-1.965502172937386,1.0230590322385509
9246,26.0,42.91021670000001,42.9102167,1.0,1.1145511,12397.52,80,6009,Saudi Arabia,1.0,1.0,True,1.1251999088343072,0.9932341882612044,1.6152927415020184,15.379134516703871,236.51777848287244,0.6751411612997764,349.3234464738164,254,-2.127997096278466,1.0983333510673801e-131,-2.231466853435445,6.06117616123417e-94,True,-2.229992201640143,0.101995105361675,-2.332137838650329,0.20414074237186353,-2.132270520015865,0.004273423737397725,0.19986731863446394,2.1972594511871817,3,-2.296999428984006,1.0293674877794714
9247,26.0,44.024767800000006,44.0247678,1.0,1.1145511,12397.52,80,6009,Saudi Arabia,1.0,1.0,True,1.1573789458235118,1.009406816466328,1.5376694655771663,15.279928827919916,233.4762249862981,0.6118121313477154,380.6142456541205,254,-2.114886261932979,1.5338032553179964e-113,-2.171098485785476,1.286504109486394e-103,True,-2.120414793695677,0.005528531762697297,-2.2794175229824796,0.16453126104949872,-2.113463140678273,-0.0014231212547057281,0.16595438230420667,2.150377518053539,3,-2.2088736454443683,1.0173990999976334
9248,26.0,45.139318900000006,45.1393189,1.0,1.1145511,12397.52,80,6009,Saudi Arabia,1.0,1.0,True,1.207296859834148,0.7663483543047572,1.4694235366733883,13.128585850943676,172.35976644559852,0.5587095402384842,307.49619351770343,254,-1.814083691234433,4.931410126186205e-95,-1.8399991246578575,2.4930585293714734e-123,True,-1.7698850465236111,-0.04419864471082269,-1.9385738493205318,0.12449015808609798,-1.811538478129429,-0.002545213105005689,0.16868880279692067,2.049284939964301,3,-1.8503105292954842,1.0056040269255802
9249,26.0,46.253870000000006,46.25387,1.0,1.1145511,12397.52,80,6009,Saudi Arabia,1.0,1.0,True,1.2081193256536886,0.3893963692490669,1.426298863025372,9.824199210162408,96.51489012095566,0.5263967210492287,182.3500974865107,254,-1.3486168163714125,5.721239362293781e-72,-1.3794643562832178,5.93048110353427e-105,True,-1.315702417882512,-0.032914398488899654,-1.4778078193751503,0.12919100300373848,-1.3448828315919927,-0.0037339847794195247,0.1621054014926382,1.7429615102259826,3,-1.37520136804005,0.9969096785837557
9250,26.0,47.368421100000006,47.3684211,1.0,1.1145511,12397.52,80,6009,Saudi Arabia,1.0,1.0,True,1.2681450105237102,0.0324345502079071,1.3764610450202204,6.545180894105871,42.83939293656853,0.4902526539598089,86.38227644572939,254,-0.878131301105235,6.987407026251436e-51,-0.8918218977728862,4.67200505578418e-65,True,-0.835492749402189,-0.04263855170304576,-0.9665999125738659,0.08846861146863119,-0.873373031342603,-0.004758269762632106,0.13110716317167692,1.4993951224121895,3,-0.8825139522841355,0.9895629996168572
9251,26.0,48.482972099999984,48.4829721,1.0,1.1145511,12397.52,80,6009,Saudi Arabia,1.0,1.0,True,1.3473796859950269,-0.2017248610961342,1.3640759933042303,4.29506243845194,18.44756135020073,0.4814700033978483,37.31507927806904,254,-0.5339560429804666,2.5183773045614733e-32,-0.6422585438664956,3.1040150748626975e-42,True,-0.537319727865192,0.003363684884725049,-0.8557226199921746,0.32176657701170797,-0.5337332837421199,-0.0002227592383468313,0.32198933625005466,2.768079497438867,3,-0.6356706228240281,0.9897425715774721
9252,26.0,49.59752320000001,49.5975232,1.0,1.1145511,12397.52,80,6009,Saudi Arabia,0.9693349102611308,0.9693349102611308,True,1.3869780503639426,-0.2798676289159202,1.4085046135289343,3.4589950857794705,11.964647003446526,0.513344189979743,22.30726097030272,254,-0.3691345893272839,2.2882596790034557e-20,-0.4603458823040527,1.1892067361991916e-28,True,-0.34554350046038257,-0.023591088866901533,-0.6710570715656987,0.30192248223841456,-0.36443707488607724,-0.004697514441207029,0.32551357110531615,2.5867000788910377,3,-0.4603642140553558,1.0000398216906197
9253,26.0,56.28482969999999,56.2848297,1.0,1.1145511,12397.52,80,6009,Oman,0.283336210117646,0.2833363430589639,False,1.243362260619652,-0.0548386679182466,1.7242813836321995,7.339418677951849,53.86706653026846,0.7693224074943201,69.01884516234652,254,-0.9131356922953637,2.4864095355855806e-32,-0.9647424841923429,2.280103477483344e-61,True,-0.9647424841923429,0.0516067918969787,,,,,,0.0,1,-1.0110745416334228,1.048025310588315
9254,25.0,41.411042899999984,41.4110429,1.0,1.1042945,12387.25,80,6009,Saudi Arabia,1.0,1.0,True,1.0711307104843,0.2039781939507663,1.598527301344355,8.798955218677015,77.4216129402835,0.6611990476668096,116.09274720446614,254,-1.2077774608711853,3.7495529233344016e-125,-1.261519683692422,6.726979265535562e-129,True,-1.2809554664819145,0.0731780056107289,-1.294886574650957,0.08710911377977118,-1.2087170099443938,0.0009395490732078127,0.08616956470656323,1.5065370810601746,3,-1.2907320052504647,1.0231564532330872
9255,25.0,42.51533739999999,42.5153374,1.0,1.1042945,12387.25,80,6009,Saudi Arabia,1.0,1.0,True,0.9943626692669414,0.5662866026857027,1.5437856409504338,11.532330816090957,132.99465405176107,0.6166888519877141,214.659247970986,254,-1.5923368606232489,9.434853775382726e-138,-1.616772606904682,5.891559159538144e-154,True,-1.6307058973260258,0.03836903670277625,-1.6274631868575065,0.03512632623425829,-1.5921487365305156,-0.00018812409273233355,0.03855716079551019,1.4273455319619521,3,-1.6338851531484877,1.0105843865554895
9256,25.0,43.6196319,43.6196319,1.0,1.1042945,12387.25,80,6009,Saudi Arabia,1.0,1.0,True,0.9539902308386295,0.7283925732524664,1.4588655852581047,12.716110487720073,161.6994659359044,0.5507096188999164,292.620195446942,254,-1.7582786038409068,1.3132264080630293e-127,-1.7521693273332997,6.119167759924961e-142,True,-1.7006568599234693,-0.05762174391743824,-1.7986612681600103,0.04038266431910331,-1.7571898539164217,-0.0010887499244857657,0.098004408236541,1.5500817783590337,3,-1.7790433762924993,1.0153375866932337
9257,25.0,44.72392640000001,44.7239264,1.0,1.1042945,12387.25,80,6009,Saudi Arabia,1.0,1.0,True,0.9394689711565908,0.673100467804162,1.3959948296894389,12.117211341418948,146.82681069261196,0.5042660418081608,290.1693402278904,254,-1.6743935779601258,2.0174102972004358e-113,-1.6683925884271034,1.129263203684104e-134,True,-1.6464554367608515,-0.027938141199274014,-1.6866746365586067,0.012281058598479028,-1.6720476919618537,-0.0023458859982722347,0.040219199797755234,1.4265805022479598,3,-1.679893953943394,1.0068936805378246
9258,25.0,45.82822089999999,45.8282209,1.0,1.1042945,12387.25,80,6009,Saudi Arabia,1.0,1.0,True,0.9412264502485906,0.4596372906191676,1.3432743098534243,10.13287688693447,102.6751940057708,0.4668974706751627,218.90951002003956,254,-1.3957509376170545,2.1383833805172968e-95,-1.404879151794467,2.3134920321133368e-129,True,-1.3543379008234147,-0.04141303679364067,-1.472516638809231,0.07676570119217481,-1.3877829157507566,-0.007968021866298802,0.11817873798581635,1.3723180479846324,3,-1.4104605756594042,1.0039728853957353
9259,25.0,46.932515300000006,46.9325153,1.0,1.1042945,12387.25,80,6009,Saudi Arabia,1.0,1.0,True,0.9982460332038336,0.1884593470540244,1.3025887437063166,7.542581671390833,56.89053826960093,0.4390426845035198,128.57860426244008,254,-1.0294144824013167,5.505289360204384e-74,-0.9977647827446476,7.0870225855490375e-93,True,-0.9611398935522718,-0.06827458884904447,-1.0081179068683506,-0.021296575532965906,-1.024036547813322,-0.005377934587994737,0.06289665426105018,1.0777341446021214,3,-0.9983909004297427,1.0006275203293633
9260,25.0,48.036809800000015,48.0368098,1.0,1.1042945,12387.25,80,6009,Saudi Arabia,1.0,1.0,True,1.0991087496359233,-0.0472256238953502,1.27120186859931,5.121912480268997,26.233987455535303,0.4181394546980325,61.73980405527789,254,-0.6806601074541423,2.85092231832849e-49,-0.7247166868837591,2.346274049666975e-54,True,-0.6606751199252707,-0.01998498752887201,-0.8344674206452579,0.15380731319111485,-0.6790075200807496,-0.0016525873733931884,0.1737923007199872,1.6352334131760873,3,-0.7174906743193363,0.9900291897575945
9261,25.0,49.1411043,49.1411043,1.0,1.1042945,12387.25,80,6009,Saudi Arabia,1.0,1.0,True,1.1827135426624984,-0.2025645272920419,1.3152997161695674,3.4279671670185183,11.750958898156966,0.4476530585833843,25.250147682098586,254,-0.41847243750367163,4.0086780748083576e-29,-0.4934889263508787,3.8105515613093574e-34,True,-0.46367239543940936,0.04519995793573783,-0.597716152366466,0.1792437148627944,-0.41907823124676113,0.0006057937430894444,0.1786379211197049,1.6254951155217447,3,-0.48689076313041124,0.9866295617426356
9262,25.0,50.2453988,50.2453988,1.0,1.1042945,12387.25,80,6009,Saudi Arabia,0.8666383866586075,0.8666383866586075,True,1.3017301940779733,-0.2519670213061367,1.353798843687322,2.7137648948241075,7.3645199043797,0.474242401299633,14.529020357938624,254,-0.27179541312286126,1.937643926117684e-15,-0.46419021110837333,2.7660845654360754e-32,True,-0.341835254445374,0.07003984132251273,-0.7654335635346619,0.4936381504118007,-0.2853018153450838,0.013506402222222602,0.48013174818957804,3.730817657933439,3,-0.47381376258339825,1.0207319138679083
9263,25.0,51.34969330000001,51.3496933,1.0,1.1042945,12387.25,80,6009,Qatar,0.6412937727060689,0.6407546562380847,True,1.277028445387734,-0.2369390574503032,1.3399899173775511,2.691359972875085,7.243418503594179,0.4646170729838029,14.590082510477814,254,-0.22466989039151156,1.4763350822342754e-11,-0.3770764490006597,4.7817226787174393e-29,True,-0.322638640603212,0.09796875021170037,-0.5698194709007647,0.3451495805092529,-0.23877123549800244,0.014101345106490915,0.33104823540276224,2.7554096972345934,3,-0.3828135355358176,1.0152146509026552
9264,25.0,55.7668712,55.7668712,1.0,1.1042945,12387.25,80,6009,United Arab Emirates,0.953767705182624,0.953767705182624,True,1.0388265582884968,-0.361475941316252,1.5653955323767366,4.099803475421037,16.808388537074418,0.6340744933882292,25.50853915800557,254,-0.3765553032827751,4.899125919019176e-19,-0.3969753084487825,4.670474612987731e-34,True,-0.4110811259403314,0.034525822657556327,-0.39882933059752484,0.022274027314749867,-0.3810154688084908,0.00446016552571582,0.030065657131840617,1.358831259504977,3,-0.3836540897224904,0.9664432058045475
9265,25.0,56.87116559999998,56.8711656,1.0,1.1042945,12387.25,80,6009,(offshore/unassigned),0.095731174172782,0.095731174172782,False,1.075676192765027,-0.3455673988406345,1.5803402712301962,4.121396795089304,16.98591154257238,0.6462392291346054,25.28424703544944,254,-0.4204204407898071,7.268980588490323e-21,-0.44818378192220854,3.6205870627168416e-39,True,-0.47961744827281205,0.05919700748300505,-0.4436653012173847,0.02324486042757762,-0.4212685962764293,0.0008481554866221486,0.05834885199638273,1.6071524014290537,3,-0.43394735417315977,0.9682352902463575
9266,24.0,42.127659600000015,42.1276596,1.0,1.0942249,12373.42,80,6009,Saudi Arabia,1.0,1.0,True,1.0130271007069946,-0.0070558869188614,1.507712664627162,6.464248884223453,41.78651363718416,0.5882057547018978,70.04064063154487,254,-0.8815969833835283,1.574057087516262e-109,-0.9078022474142062,3.2646195252299946e-116,True,-0.924501341321299,0.04290435793777106,-0.9168464148665058,0.03524943148297713,-0.8820589860548144,0.0004620026712862796,0.042442355266484655,1.2439705375345236,3,-0.9194123181627518,1.0127892068802604
9267,24.0,43.22188449999999,43.2218845,1.0,1.0942249,12373.42,80,6009,Saudi Arabia,1.0,1.0,True,0.9129097224093332,0.1787453482365783,1.4150532295535552,7.942859378220654,63.089015102187794,0.5181287093692777,120.76321049452474,254,-1.0909458352592982,4.629082964633351e-115,-1.1024447704579354,5.329856425294432e-123,True,-1.0710739326899905,-0.019871902569307487,-1.1455348627507393,0.0545890274914413,-1.0907255159330747,-0.00022031932622304518,0.07446093006074883,1.2335095727973642,3,-1.118248881105079,1.0143355123727231
9268,24.0,44.316109400000016,44.3161094,1.0,1.0942249,12373.42,80,6009,Saudi Arabia,1.0,1.0,True,0.7960692424651402,0.2524583692625895,1.3353633996559378,8.420854850623954,70.91079641527698,0.4614142902535531,152.6814050044063,254,-1.1579608265090113,3.017603932925981e-110,-1.1768479974939714,6.582094790699973e-127,True,-1.1710554283826797,0.013094601873667983,-1.2029077676530262,0.04494694114401506,-1.1565807964462071,-0.0013800300628046824,0.046326971206819056,1.2659976483130404,3,-1.1921802781967101,1.0130282591595414
9269,24.0,45.41033429999999,45.4103343,1.0,1.0942249,12373.42,80,6009,Saudi Arabia,1.0,1.0,True,0.7800996055867613,0.2263786790052465,1.2665054249983334,7.97705926395917,63.63347450071681,0.4150555372610377,152.3131564046483,254,-1.0943037967366656,6.074111685638775e-100,-1.1024131137320077,2.6560731707681073e-125,True,-1.0988925085207195,0.004588711784052846,-1.1168201307951797,0.022516334058514456,-1.0915267018801236,-0.0027770948565423725,0.02529342891505615,1.2715600406519711,3,-1.1118331049290424,1.0085448831111463
9270,24.0,46.50455929999998,46.5045593,1.0,1.0942249,12373.42,80,6009,Saudi Arabia,1.0,1.0,True,0.8579259446754436,0.1329731572218531,1.250902317006411,6.866415275512478,47.14765873579109,0.4048917215664485,115.44510426981768,254,-0.9355517019840841,6.963813256468693e-87,-0.910979618934562,3.2417396429815455e-103,True,-0.8655239684784125,-0.07002773350567093,-0.9349871354101787,-0.0005645665739052036,-0.9324277529150939,-0.0031239490689900506,0.06946316693176624,1.004320407417823,3,-0.9170222801483208,1.006633146437267
9271,24.0,47.59878420000001,47.5987842,1.0,1.0942249,12373.42,80,6009,Saudi Arabia,1.0,1.0,True,0.9260245619853954,0.0279625355648949,1.2221919974513982,5.444754032763986,29.64534647729968,0.386519113576613,75.69826778546513,254,-0.7316753197734748,9.695055122882519e-64,-0.7649576444482432,3.924725124576485e-70,True,-0.7683821035560069,0.03670678378253134,-0.7958703997985941,0.06419508002511917,-0.7306204299901287,-0.0010548897833462245,0.06524996980846542,1.05076882509417,3,-0.7597959888122917,0.9932523641362202
9272,24.0,48.69300909999998,48.6930091,1.0,1.0942249,12373.42,80,6009,Saudi Arabia,1.0,1.0,True,1.0233978352682436,-0.0773187193886591,1.244948309939298,3.986106115685296,15.889041965503711,0.4010465117793119,38.61895066736584,254,-0.5164883289724749,8.565708130252372e-40,-0.6031659757865624,2.519484167886345e-41,True,-0.6143147991542303,0.09782647018175461,-0.680058125886261,0.1635697969137857,-0.5151250023191958,-0.0013633266532796506,0.16493312356706524,1.658085038076741,3,-0.6099933650199647,1.011319254579138
9273,24.0,49.78723400000001,49.787234,1.0,1.0942249,12373.42,80,6009,Saudi Arabia,1.0,1.0,True,1.1603229873850864,-0.1491747060352103,1.2958034990732228,2.8506741561824653,8.126343144726611,0.4344806105138248,17.7035806617843,254,-0.3347462617594031,8.649402357497941e-22,-0.43210616792518425,1.216701555291267e-24,True,-0.4669801100958004,0.1322338483363974,-0.495693790141009,0.16094752838160614,-0.33364460353874315,-0.0011016582206599401,0.16204918660226586,1.6952232394483713,3,-0.45209057200221864,1.0462488285529277
9274,24.0,50.88145900000001,50.881459,1.0,1.0942249,12373.42,80,6009,Saudi Arabia,0.9810372779067766,0.9810372779067766,True,1.1837337852407377,-0.19154895086791,1.3041718837659544,2.161717162220178,4.673021089437261,0.4401105402633946,9.61783497991341,254,-0.20589419989594857,5.775691336850077e-11,-0.29917325040628473,2.4474191362896895e-17,True,-0.376151572856599,0.17025737296065052,-0.3120805569268097,0.1061863570308611,-0.209287621435445,0.003393421539496455,0.166863951421154,1.4387997972210598,3,-0.3218529076676998,1.0758077710176814
9275,24.0,51.97568390000001,51.9756839,1.0,1.0942249,12373.42,80,6009,(offshore/unassigned),0.5949980953580054,0.5941791281479719,True,1.1757881641530137,-0.2133882273061602,1.2532205342972582,1.94259299332706,3.7736675377233873,0.4063938320442679,8.285740186411902,254,-0.1433323648246174,3.6142799834021816e-07,-0.25295294105607036,3.284819108326612e-14,True,-0.40320031902751874,0.25986795420290165,-0.2111754238999895,0.0678430590753723,-0.1444830802407029,0.0011507154160855515,0.25871723878681585,1.747146481064553,3,-0.23480877106934564,0.9282705711545658
9276,24.0,53.06990880000001,53.0699088,1.0,1.0942249,12373.42,80,6009,United Arab Emirates,0.647030690584143,0.6470301065244836,True,1.1460282437093048,-0.2435754429994096,1.232139858703328,2.057882390869933,4.234879934652555,0.3928367569557258,9.780253781419548,254,-0.13431608774598597,4.445465747815569e-07,-0.2052261710390546,9.782773830613728e-11,True,-0.27190111567600217,0.1375850279300161,-0.1868851780199728,0.052569090273986804,-0.15689221942118914,0.022576131675203226,0.11500889625481303,1.1214336247975978,3,-0.1830189145279788,0.891791303230767
9277,24.0,54.16413370000001,54.1641337,1.0,1.0942249,12373.42,80,6009,United Arab Emirates,0.7604267142586636,0.760428394411748,True,1.0094309598152682,-0.3027425115100021,1.3355111090423946,2.322302618830698,5.393089453427918,0.4615163733137621,10.685586395786276,254,-0.14615875334931608,3.391873808362728e-08,-0.18064523664691867,1.3695356945743908e-13,True,-0.237409573387949,0.09125082003863288,-0.15908594587256336,0.012927192523247213,-0.14544019068024333,-0.0007185626690727198,0.09196938270770566,0.948690989148454,3,-0.1604746497695163,0.8883414406501794
9278,24.0,55.2583587,55.2583587,1.0,1.0942249,12373.42,80,6009,United Arab Emirates,1.0,1.0,True,0.8992494978606903,-0.3671026758228739,1.461879461170375,2.568270236549087,6.596012007943903,0.5529873954611945,10.92796085784703,254,-0.1680576418251413,1.875089312087164e-09,-0.16241187571558469,3.6601058114469885e-14,True,-0.20328983324498434,0.03523219141984307,-0.1072507228233626,-0.060806919001778786,-0.17669507107840662,0.008637429253265272,0.09603911042162175,1.3073698089558707,3,-0.14990952973567329,0.923020740171701
9279,24.0,56.3525836,56.3525836,1.0,1.0942249,12373.42,80,6009,Oman,0.9585551400352862,0.9585551400352862,True,0.8905120036790379,-0.3895246512722509,1.5101373775677098,2.6907527636140256,7.240150434896517,0.5900991883444052,11.26937873819084,254,-0.1994859002826224,5.79398176820076e-11,-0.213528929057546,1.2207412277088817e-17,True,-0.25428672007053393,0.05480081978791165,-0.18609644411437973,-0.01338945616824272,-0.20020362298772446,0.0007177227051021334,0.0681902759561542,1.3526941031648085,3,-0.2056002504047904,0.9628683631405335
9280,24.0,57.4468085,57.4468085,1.0,1.0942249,12373.42,80,6009,(offshore/unassigned),0.3733113005650356,0.3733113005650356,False,0.956949491853584,-0.355860573395758,1.5627132493698104,2.783618549538695,7.748532229335908,0.6319033997785406,11.262210065733925,254,-0.23683522131391743,6.257226234086011e-13,-0.23365526641887935,5.0975545284810885e-14,True,-0.24324278903170404,0.00640756771778675,-0.2203361266824314,-0.016499094631485967,-0.23738688354250215,0.0005516622285847983,0.022906662349272633,1.4310633564876363,3,-0.22011279134857306,0.9420407882181934
9281,23.0,40.78549850000002,40.7854985,1.0,1.0876133,12393.41,80,6009,Saudi Arabia,1.0,1.0,True,1.1862673232633325,-0.5324223470947176,1.5690493567988455,1.9205850525092,3.6886469439217664,0.6370379625752511,4.790309464463099,254,-0.19104531863213603,1.644013179645803e-24,-0.2141653878005592,3.608743622148514e-32,True,-0.2207928704488697,0.02974755181673372,-0.226567116362954,0.035521797730817865,-0.19513617658985377,0.004090857957717783,0.03143093977310024,1.1091191524891348,3,-0.22005620060892833,1.0275059049871071
9282,23.0,41.8731118,41.8731118,1.0,1.0876133,12393.41,80,6009,Saudi Arabia,1.0,1.0,True,1.0819781413824408,-0.3960596181105311,1.4952398260982995,2.907020695650059,8.450769324937754,0.578513922983321,13.60771986499173,254,-0.3635085267635029,1.0594186955415035e-52,-0.42864916992095614,6.40173924256515e-63,True,-0.4462088897544817,0.08270036299097867,-0.4742788604327719,0.11077033366926896,-0.3654597595756154,0.001951232812112541,0.10881910085715651,1.5845452669837727,3,-0.4432488437430019,1.034059727270061
9283,23.0,42.96072509999999,42.9607251,1.0,1.0876133,12393.41,80,6009,Saudi Arabia,1.0,1.0,True,0.9430268946083172,-0.2697773625051566,1.3762344345432858,3.896968284402956,15.186361809642518,0.4900912440265808,29.98680499751769,254,-0.5141154876366839,9.237890444722005e-68,-0.5585771519007541,1.8217068004187108e-76,True,-0.5547347252683306,0.04061923763164671,-0.6083435878984446,0.09422810026176104,-0.5126531425354878,-0.0014623451011962496,0.09569044536295679,1.3924156079785097,3,-0.5720869909819063,1.0241861648568693
9284,23.0,44.048338400000006,44.0483384,1.0,1.0876133,12393.41,80,6009,Saudi Arabia,1.0,1.0,True,0.7624673857151724,-0.1640884334972475,1.277565445672315,4.670214661444508,21.810904983971238,0.4223363061817828,50.64345253941616,254,-0.6268974526613141,6.91807473398771e-73,-0.6378948680672588,1.0376995228247096e-89,True,-0.6604878537446562,0.03359040108334216,-0.628464963752929,0.0015675110916149038,-0.6247317867041928,-0.0021656659571211573,0.03575606704046341,1.025377175259394,3,-0.6449804827837686,1.0111078095642598
9285,23.0,45.13595169999999,45.1359517,1.0,1.0876133,12393.41,80,6009,Saudi Arabia,1.0,1.0,True,0.707330616646128,-0.0776055989704807,1.2544234903867797,5.202865171250386,27.06980599021032,0.4071743946901104,65.4820930373395,254,-0.7011606232044219,1.340039648229951e-73,-0.7153345338344969,1.617413329920292e-86,True,-0.7420203360969556,0.04085971289253443,-0.7044328294314237,0.0032722062270020835,-0.6995504359751107,-0.0016101872293109304,0.04246990012184493,1.0241586496237358,3,-0.7179935053711431,1.0037171021541391
9286,23.0,46.22356500000001,46.223565,1.0,1.0876133,12393.41,80,6009,Saudi Arabia,1.0,1.0,True,0.7635689204953703,-0.0132716320948127,1.230610926266903,5.352122679997844,28.645217181747302,0.3918624386463746,72.10018607728153,254,-0.7198107861560608,1.3603619235932928e-74,-0.7326072977966731,2.7430884563475408e-83,True,-0.7472222452491839,0.02741145909312348,-0.7322540135610571,0.012443227404996426,-0.7183456345797767,-0.0014651515762837963,0.028876610669407166,0.897909549573241,3,-0.7330862303545518,1.0006537370830444
9287,23.0,47.3111782,47.3111782,1.0,1.0876133,12393.41,80,6009,Saudi Arabia,1.0,1.0,True,0.8365427527438277,0.022034463806374,1.198123457493199,5.047620632670556,25.47847405136151,0.3714456233625318,67.59274264888688,254,-0.6737230588842915,6.747949051595849e-63,-0.7018484891096275,1.1821845040620209e-70,True,-0.7464232208291733,0.07270016194488194,-0.6828754245433013,0.009152365659009468,-0.6762468219564075,0.0025237630721158533,0.07017639887276583,0.8463503801931305,3,-0.6977422693657244,0.9941494214098654
9288,23.0,48.398791500000016,48.3987915,1.0,1.0876133,12393.41,80,6009,Saudi Arabia,1.0,1.0,True,0.9457797893813832,0.0188681119076885,1.234390941353818,4.316064437125696,18.62841222542116,0.3942734701728819,46.24744025321544,254,-0.5648364874954133,2.1339174640210597e-44,-0.622206128307897,1.0731300211577512e-41,True,-0.7278368730561249,0.16300038556071117,-0.5721531550897544,0.00731666759434095,-0.5666283567778128,0.0017918692823997995,0.16120851627831212,1.2733557230038681,3,-0.6337560293120476,1.0185628210309672
9289,23.0,49.4864048,49.4864048,1.0,1.0876133,12393.41,80,6009,Saudi Arabia,1.0,1.0,True,1.0299463374712474,-0.0161384514217977,1.2893465405897162,3.364349974439659,11.318850750512135,0.4301613852813384,25.31303305644059,254,-0.4172815177481145,2.2912039702330357e-27,-0.5098308932943822,2.4897339581570413e-32,True,-0.6808325759244396,0.2635510581763253,-0.4244561537343596,0.007174635986245181,-0.42420395022434654,0.006922432476232365,0.25662862570009304,1.8000684527575066,3,-0.5150431446208362,1.0102234905632608
9290,23.0,50.57401809999999,50.5740181,1.0,1.0876133,12393.41,80,6009,Saudi Arabia,1.0,1.0,True,1.078755035665905,-0.0571198215269867,1.3290300443938432,2.552950842505813,6.517558004251142,0.4570478822973418,13.260120780979817,254,-0.27911723780064557,6.184959230292414e-16,-0.3553376256550126,1.1584047563567626e-18,True,-0.46395000550991305,0.18483276770926735,-0.2931134906604459,0.013996252859800232,-0.3089493807946786,0.029832142994033112,0.17083651484946716,1.2540258182108426,3,-0.3919481321471776,1.1030301995874456
9291,23.0,51.661631400000005,51.6616314,1.0,1.0876133,12393.41,80,6009,Saudi Arabia,1.0,1.0,True,1.0879189348208644,-0.088060873107729,1.31038925160663,2.09827408312306,4.402754127905918,0.444316813367598,8.909042366720822,254,-0.19118469407339456,3.738201126342428e-10,-0.2628244436171252,1.1885334601853833e-15,True,-0.3764041029571712,0.18521940888377667,-0.21521907853929434,0.024034384465899734,-0.19685014935491071,0.005665455281515991,0.17955395360226048,1.2493009412789031,3,-0.24939635672764496,0.9489085310914159
9292,23.0,52.74924469999999,52.7492447,1.0,1.0876133,12393.41,80,6009,United Arab Emirates,1.0,1.0,True,1.061665267686486,-0.1128000728694685,1.2462362373306144,1.921555445808257,3.69237533131537,0.4018767245019023,8.187830760519427,254,-0.1652527746014911,4.340167879618676e-09,-0.21571110370588306,2.049923075113627e-14,True,-0.2961459304712488,0.13089315586975772,-0.17303735622584623,0.007784581624355046,-0.17795002442055408,0.012697249819063033,0.12310857424540259,1.1014875730997242,3,-0.19421176649428087,0.9003327281616619
9293,23.0,53.83685800000001,53.836858,1.0,1.0876133,12393.41,80,6009,United Arab Emirates,1.0,1.0,True,0.9764663796084456,-0.147581434028004,1.2442276302086126,1.969809710010766,3.880150293652698,0.4005823279515786,8.686274263506006,254,-0.18334838713793108,1.5648563347858305e-11,-0.2493423526381714,5.1815580372904325e-20,True,-0.33824641458318566,0.15489802744525435,-0.19213261556160702,0.00878422842367605,-0.21764802776972186,0.03429964063179097,0.14611379902157864,1.1682315793733045,3,-0.23579365542276762,0.945662270881575
9294,23.0,54.92447129999999,54.9244713,1.0,1.0876133,12393.41,80,6009,United Arab Emirates,1.0,1.0,True,0.8764436639021119,-0.1800031046308896,1.357748010377534,2.1857481240009835,4.777494861573819,0.4770132619284498,9.015434041098894,254,-0.21628525691846892,6.606715336418673e-15,-0.2911538825271519,5.279992254652539e-27,True,-0.3515259663553525,0.1352407094368836,-0.29779885561872593,0.08151359870025693,-0.22413682560737722,0.007851568688908378,0.12738914074797528,1.2797763194188767,3,-0.2908736507029939,0.9990375130095274
9295,23.0,56.01208460000001,56.0120846,1.0,1.0876133,12393.41,80,6009,Oman,1.0,1.0,True,0.79022547901656,-0.208652035881053,1.4633234977510738,2.4112479964861877,5.814116900558652,0.5540804109152271,9.49327279221968,254,-0.2430285440097756,1.24447979024919e-16,-0.28877042129254415,9.896024276871392e-29,True,-0.3563578355553459,0.11332929154557045,-0.2589520161843205,0.015923472174544956,-0.25100141213796606,0.007972868128190341,0.10535642341737983,1.2146246302733181,3,-0.29059782523760935,1.0063282241196507
9296,23.0,57.0996979,57.0996979,1.0,1.0876133,12393.41,80,6009,Oman,1.0,1.0,True,0.8253390789569747,-0.2211109868079588,1.5353228775369134,2.536451779025329,6.433587627320756,0.6099462224555026,9.547794855455647,254,-0.2510333841048554,6.285483137325353e-16,-0.2656106599113552,2.2480051961781737e-26,True,-0.3085802715070166,0.05754688740216129,-0.23208586628781225,-0.018947517817043055,-0.25616584193923675,0.005132457834381349,0.07649440521920436,1.399053355337659,3,-0.266712905540351,1.0041498546382275
9297,23.0,58.18731120000001,58.1873112,1.0,1.0876133,12393.41,80,6009,Oman,1.0,1.0,True,1.037083110684934,-0.2225870820300484,1.6387032500217094,2.5439108540738227,6.4714824334746055,0.6948526744663757,8.313459775404182,254,-0.22885953752298993,8.785232031737683e-13,-0.25032885061168786,2.3132343681632893e-20,True,-0.2867447445643436,0.05788520704135386,-0.23293018274587207,0.004070645222882141,-0.231311624524848,0.0024520870018579777,0.05543312003949563,1.446814524808861,3,-0.24910035918019102,0.9950924896251672
9298,23.0,59.2749245,59.2749245,1.0,1.0876133,12393.41,80,6009,(offshore/unassigned),0.4070116162036649,0.4070116162036649,False,1.3271377972759844,-0.2357864488135365,1.802102958938124,2.494583040650212,6.222944546699656,0.8403327758790414,6.405333607498602,254,-0.1651987447493597,3.9271511862529477e-07,-0.19801969814861775,1.5781287125420256e-12,True,-0.23578069910577426,0.07058195435641462,-0.18993946306154985,0.0247407183121903,-0.1683389322785287,0.0031401875291691556,0.06744176682724556,1.7727419843572592,3,-0.19827035441175214,1.001265814792558
9299,22.0,40.54054049999999,40.5405405,1.0,1.0810811,12409.39,80,6009,Saudi Arabia,1.0,1.0,True,1.1682281002258206,-0.5405657127463058,1.492664110750178,1.467393872496236,2.1532447770395,0.5765225317096787,2.7348839960409674,254,-0.06909979753303677,5.103017309975383e-05,-0.14309836087857736,4.139021456591896e-10,True,-0.22518123345371108,0.15608143592067444,-0.1322861577959848,0.06318636026294788,-0.07182769138603573,0.0027278938529989027,0.15335354206767535,1.5741322922303034,3,-0.14291507815820256,0.998719183649278
9300,22.0,41.6216216,41.6216216,1.0,1.0810811,12409.39,80,6009,Saudi Arabia,1.0,1.0,True,1.0622630780470574,-0.5035244955151689,1.4460778060454795,1.65289704066078,2.732068627025164,0.5410973722465705,4.049125660473912,254,-0.14187894719922192,6.6342926535477594e-15,-0.1688923753826529,1.8167641754154255e-14,True,-0.2470791912528574,0.10520024405363532,-0.11856177151648103,-0.023317175682740846,-0.14103616337862043,-0.0008427838206015587,0.12851741973637637,1.5591597281975165,3,-0.1746432036845284,1.0340502541269023
9301,22.0,42.7027027,42.7027027,1.0,1.0810811,12409.39,80,6009,Saudi Arabia,1.0,1.0,True,0.9483211583937388,-0.4430692433356764,1.341248529616951,2.069541033583268,4.283000089684903,0.4654902845756631,8.20105151837755,254,-0.22623895499611174,1.731899239378881e-26,-0.2520748026181169,6.560096063791432e-37,True,-0.2933267925050626,0.06708783750895073,-0.23578461636732295,0.009545661371210962,-0.22711299898196485,0.000874043985852932,0.06621379352309775,1.1198333535296998,3,-0.25232740577231666,1.0010020960110895
9302,22.0,43.78378380000001,43.7837838,1.0,1.0810811,12409.39,80,6009,Saudi Arabia,1.0,1.0,True,0.8195383729051025,-0.3435764935488502,1.2922703500844477,2.755520581603377,7.592893675639814,0.4321145234595013,16.57148455657366,254,-0.3402535121734818,2.1273247886870765e-39,-0.3735290751383364,3.07691549113233e-45,True,-0.3816789635934446,0.041425451419962844,-0.4010378736390917,0.06078436146560981,-0.3378703881824726,-0.002383123991009456,0.0631674854566191,1.1547794237975848,3,-0.3767233817593048,1.0085516947235913
9303,22.0,44.86486489999999,44.8648649,1.0,1.0810811,12409.39,80,6009,Saudi Arabia,1.0,1.0,True,0.7636599765833773,-0.206898078099167,1.292923084490689,3.6636756496087055,13.422519265535776,0.4325511615841343,30.03105587875065,254,-0.4770001604623752,4.9140780270200385e-54,-0.5047687850372704,7.537906295452493e-57,True,-0.5104537923992223,0.03345363193684714,-0.5290127293331293,0.05201256887075408,-0.47483983337945995,-0.0021603270829154697,0.05417289595366931,1.0284963477470133,3,-0.5085332243914958,1.0074577498962174
9304,22.0,45.9459459,45.9459459,1.0,1.0810811,12409.39,80,6009,Saudi Arabia,1.0,1.0,True,0.7875204887396298,-0.0683060036420904,1.3034151509371188,4.452190831550976,19.82200320054657,0.4395999488683058,44.09100433604644,254,-0.5883756404027145,4.097315211506511e-65,-0.6313971210393189,6.30090817200749e-68,True,-0.7166827859840333,0.12830714558131828,-0.5905703860157145,0.0021947456129998016,-0.5869381911182093,-0.0014374492845055098,0.12974459486582401,1.112269688793758,3,-0.6311093818593629,0.9995442817675787
9305,22.0,47.027027,47.027027,1.0,1.0810811,12409.39,80,6009,Saudi Arabia,1.0,1.0,True,0.8478091632856818,0.04489468559657,1.2717812724117914,4.783502362993499,22.881894856764387,0.4185207109137922,53.673267678448646,254,-0.6336198762044788,5.697269034636871e-66,-0.7019337930976743,8.862048966014475e-75,True,-0.8034700136017607,0.16985013739728183,-0.6667429375364705,0.03312306133199176,-0.6355884281547918,0.0019685519503127025,0.16788158544696896,1.3365706592877684,3,-0.701100502016008,0.9988128637061496
9306,22.0,48.10810810000001,48.1081081,1.0,1.0810811,12409.39,80,6009,Saudi Arabia,1.0,1.0,True,0.909363490867554,0.1015835962039144,1.2801374591099437,4.500021168361602,20.25019051570252,0.4240385251800487,46.75554416218242,254,-0.5919057382809242,3.1814085194736456e-53,-0.7074665178398821,6.756806570685394e-68,True,-0.9235619633805544,0.3316562250996303,-0.6049350587162285,0.013029320435304366,-0.5939025314228636,0.001996793141939207,0.32965943195769076,2.2900519249229223,3,-0.7104766497685278,1.0042548047896833
9307,22.0,49.18918919999999,49.1891892,1.0,1.0810811,12409.39,80,6009,Saudi Arabia,1.0,1.0,True,0.9378381489256896,0.0945563301882323,1.332904824475241,3.725457966702729,13.879037061668829,0.4597168086325502,29.190405921751463,254,-0.47462003704608036,2.024586102762122e-34,-0.5551006938131859,1.7141469031150572e-47,True,-0.7136206895094392,0.239000652463359,-0.4754967248426124,0.000876687796532015,-0.47618466708750573,0.001564630041425541,0.23812396466682684,1.6945429461866666,3,-0.5510020460586416,0.9926163887016799
9308,22.0,50.27027029999999,50.2702703,1.0,1.0810811,12409.39,80,6009,Saudi Arabia,1.0,1.0,True,1.0311029689939284,0.0549348064387838,1.4629431322460005,2.91189091789322,8.479108717709018,0.5537924012100949,14.310987834396553,254,-0.3319826031884574,2.7455834514710033e-21,-0.4181786654673904,7.427557162804341e-30,True,-0.5813069568630814,0.24932435367462466,-0.3344168258314299,0.0024342226429725916,-0.33881221370765957,0.006829610519202306,0.24689013103165153,1.7245902431248363,3,-0.42957746922071505,1.0272582144777387
9309,22.0,51.3513514,51.3513514,1.0,1.0810811,12409.39,80,6009,Saudi Arabia,1.0,1.0,True,0.9840135578119004,0.0192968679970933,1.4134103661126023,2.48822298356995,6.191253615965742,0.5169263226739371,10.977052327186314,254,-0.23442966063453466,4.7504885384384716e-14,-0.30488373499264826,3.5369691139797035e-21,True,-0.4381569932252427,0.20372733259070797,-0.23791439105693504,0.0034847304224003076,-0.2385798206957675,0.004150160061232713,0.20024260216830767,1.4234949688199272,3,-0.29791999623995624,0.9771593628867741
9310,22.0,52.43243240000001,52.4324324,1.0,1.0810811,12409.39,80,6009,Saudi Arabia,1.0,1.0,True,0.9289333936143612,-0.0001389578318077,1.3469585114018665,2.395853816188356,5.740115508544307,0.4694621044119587,11.227005022555105,254,-0.20461315754785603,7.968866325931566e-13,-0.2756198542270002,1.8063980215604096e-24,True,-0.4004106234500161,0.19579746590216016,-0.20874874701336926,0.004135589465513186,-0.21770019221761536,0.013087034669759329,0.19166187643664684,1.325397687611973,3,-0.26082158903934377,0.946309146599183
9311,22.0,53.51351349999999,53.5135135,1.0,1.0810811,12409.39,80,6009,Saudi Arabia,1.0,1.0,True,0.8936238037037737,-0.0007984165149323,1.2851103038995209,2.460114655249048,6.05216411697114,0.4273393792549165,13.1624301685544,254,-0.23634036606002695,1.6563676531668195e-16,-0.3273323251217437,3.8554435580318974e-32,True,-0.47795330626790916,0.24161294020788243,-0.2463617693669724,0.010021403306945384,-0.25768189973034955,0.021341533670322627,0.23159153690093676,1.6272672056834,3,-0.31335301475866556,0.9572932176561576
9312,22.0,54.59459459999999,54.5945946,1.0,1.0810811,12409.39,80,6009,Saudi Arabia,1.0,1.0,True,0.8569747882335543,0.0021654879051151,1.3423336087138251,2.6791334086192906,7.177755821180018,0.4662437587880373,14.394856630012614,254,-0.29905208946530254,4.055893131239819e-23,-0.40332252239959343,1.2135638674193281e-40,True,-0.5417890803311821,0.24273699086587963,-0.3609326586099788,0.06188056914467616,-0.3072458282576185,0.008193738792316024,0.23454325207356364,1.7079889198859923,3,-0.40249115035192384,0.9979386917380084
9313,22.0,55.6756757,55.6756757,1.0,1.0810811,12409.39,80,6009,Oman,1.0,1.0,True,0.8113747788459499,-0.0043249512310413,1.4504386227726964,2.9090650728721648,8.462659598204732,0.5443657777595321,14.54590671190764,254,-0.34453696148815366,4.964311322179435e-27,-0.5531372106502801,3.2072445162334265e-24,True,-0.5456331231467529,0.2010961616585993,-0.7551328388810477,0.4105958773928938,-0.3586456699230407,0.014108708434886902,0.39648716895800695,3.283106584898986,3,-0.5943689727397334,1.074541653129755
9314,22.0,56.756756800000005,56.7567568,1.0,1.0810811,12409.39,80,6009,Oman,1.0,1.0,True,0.7875677079477603,-0.0332315696325774,1.5078105211435495,2.9777454823909406,8.866968157899656,0.5882821109405276,14.0726462576321,254,-0.3476055410188701,2.6025037747378395e-24,-0.4977593056501497,4.0481347142264386e-38,True,-0.4946625015420052,0.14705696052313494,-0.6475481071296774,0.2999425661108069,-0.35106730827876603,0.0034617672598958454,0.29648079885091133,2.489177089961729,3,-0.5045880641586848,1.013718997175986
9315,22.0,57.83783779999999,57.8378378,1.0,1.0810811,12409.39,80,6009,Oman,1.0,1.0,True,0.933942069564835,-0.0843050331340112,1.590184381869148,2.7975099314154,7.826061816367795,0.6543152926150555,10.960689142828878,254,-0.2971253892567275,8.678661303416147e-18,-0.36999546391130744,4.4786634236842703e-29,True,-0.43935594277381407,0.14223055351708674,-0.3675529433131691,0.0704275540564415,-0.3030775056469389,0.005952116390211384,0.13627843712687515,1.2247725028868695,3,-0.37072390787889503,1.0019687916167594
9316,22.0,58.9189189,58.9189189,1.0,1.0810811,12409.39,80,6009,Oman,0.9937737568372476,0.9937737568372476,True,1.2986999575359488,-0.149497764304682,1.847902290361592,2.517900424649173,6.339822548448486,0.883588613935629,6.175084024917452,254,-0.19921717742563227,2.334549112537883e-09,-0.2230777026785158,1.5986077947634913e-12,True,-0.29938014205254604,0.10016296462691408,-0.15568846954371995,-0.043528707881912106,-0.2141644964392806,0.014947319013648722,0.14369167250882608,1.5757539983617297,3,-0.22525394920951186,1.0097555538041931
9317,22.0,60.0,60.0,1.0,1.0810811,12409.39,80,6009,(offshore/unassigned),0.1815773195635389,0.1815773195635389,False,1.8812586161754576,-0.1923646502772017,2.3473972200520627,2.554050702475463,6.523174990815406,1.4258218809746976,3.575027973589616,254,-0.0789448695903554,0.026607995857797127,-0.21410158254837408,9.095427422931569e-07,True,-0.21410158254837408,0.13515671295801882,,,,,,0.0,1,-0.21503238936618416,1.004347500876598
9318,21.0,41.25,41.25,1.0,1.0714286,12384.43,80,6009,Saudi Arabia,1.0,1.0,True,1.1244760415997272,-0.4088773082457848,1.4442705573370405,1.7093054154154546,2.9217250031686,0.5397457347967127,4.413150701911567,254,-0.14239059884257294,1.4285269876549128e-12,-0.14789839636145355,1.2468419311022878e-11,True,-0.22449938413895726,0.08210878529638432,-0.07564568262591687,-0.06674491621665607,-0.14355012231948655,0.001159523476913643,0.1488537015130404,1.5860659672741089,3,-0.14665712579104645,0.9916072749877997
9319,21.0,42.32142859999999,42.3214286,1.0,1.0714286,12384.43,80,6009,Saudi Arabia,1.0,1.0,True,1.0605234984647576,-0.3698444712108147,1.430283107066791,1.9786957321070076,3.915236800258486,0.5293417171620782,6.396425925485269,254,-0.20351528721997783,1.708540381009529e-21,-0.22440404918217638,2.676134700686682e-27,True,-0.2729036819667941,0.06938839474681638,-0.19697747077744537,-0.006537816442532415,-0.20333099480228878,-0.0001842924176890387,0.07592621118934872,1.1136059916258165,3,-0.21270834396972815,0.9478810420085005
9320,21.0,43.392857100000015,43.3928571,1.0,1.0714286,12384.43,80,6009,Saudi Arabia,1.0,1.0,True,0.992203498396972,-0.2837135924373333,1.402505708493913,2.5456327086916537,6.480245887560805,0.5089807748755066,11.731808758682154,254,-0.3026482821400425,5.167024049202173e-35,-0.3505580031374989,4.323926188589308e-42,True,-0.37355206487885523,0.07090378273881301,-0.37690237148316,0.0742540893431178,-0.30121957305048136,-0.0014287090895609839,0.07568279843267867,1.1992563369425049,3,-0.34465584218402057,0.9831635252920945
9321,21.0,44.464285700000005,44.4642857,1.0,1.0714286,12384.43,80,6009,Saudi Arabia,1.0,1.0,True,0.9106120351123486,-0.1477919536734036,1.3793547723640318,3.426434725376839,11.740454927268257,0.4923161322306411,22.84739024104956,254,-0.4401461191227183,5.256206688998548e-53,-0.5259688290435625,7.391944711265748e-50,True,-0.5423361838451629,0.10219006472244463,-0.5968222100956446,0.15667609097292626,-0.43874809318988023,-0.0013980259328381373,0.1580741169057644,1.6434271530280462,3,-0.5263494529926335,1.0007236625595535
9322,21.0,45.5357143,45.5357143,1.0,1.0714286,12384.43,80,6009,Saudi Arabia,1.0,1.0,True,0.8666155277305639,0.0038184045729519,1.3704272106847906,4.326205595659301,18.71605485591385,0.4859639459601368,37.51325805443417,254,-0.5722174655808163,1.10439749768082e-74,-0.6146861133169208,3.129422910984048e-84,True,-0.6963939910379149,0.1241765254570982,-0.5755332430065642,0.003315777425747679,-0.5721311059062846,-8.635967453177185e-05,0.12426288513163031,1.0951477872718565,3,-0.6047080826104213,0.9837672748898509
9323,21.0,46.60714289999999,46.6071429,1.0,1.0714286,12384.43,80,6009,Saudi Arabia,1.0,1.0,True,0.8737698794743919,0.1211229025587147,1.3771075600553098,4.823063497709182,23.261941502934725,0.490713299248638,46.40434289951494,254,-0.6420064308978848,9.202946991078198e-91,-0.698191519665381,4.80155000509704e-104,True,-0.8116128575301194,0.16960642663223452,-0.6418252049412817,-0.00018122595660344243,-0.6411364965247415,-0.0008699343731433801,0.17047636100537789,1.2527938464413841,3,-0.6916339060428286,0.9906077151643217
9324,21.0,47.67857140000001,47.6785714,1.0,1.0714286,12384.43,80,6009,Saudi Arabia,1.0,1.0,True,0.8336369793613306,0.1812234829216465,1.344269719027107,4.657140118934418,21.68895408738848,0.4675896989428493,45.38458489659626,254,-0.6173813162869024,8.552365752611111e-77,-0.7223269084398597,9.492371092961134e-105,True,-0.9108033005332156,0.29342198424631366,-0.6334450082849796,0.016063691998077105,-0.6227324165013831,0.0053511002144810554,0.28807088403183245,1.9906093539584886,3,-0.7164954372615768,0.991926825499443
9325,21.0,48.75,48.75,1.0,1.0714286,12384.43,80,6009,Saudi Arabia,1.0,1.0,True,0.8884680511536333,0.1717375856057247,1.407062938430069,3.9278912731132096,15.428329853398912,0.5122938607489748,29.116171665306823,254,-0.509470979648997,4.809925826269945e-50,-0.5967706665666616,2.8212125831731447e-67,True,-0.767648754250816,0.25817777460181907,-0.5098665373205493,0.0003955576715522907,-0.512796708128619,0.00332572847962187,0.2577822169302667,1.8258362343236074,3,-0.5922384711865513,0.9924054655598525
9326,21.0,49.82142859999999,49.8214286,1.0,1.0714286,12384.43,80,6009,Saudi Arabia,1.0,1.0,True,1.004600416549816,0.1153017980758758,1.5771970452536328,2.9869169736764194,8.9216730076363,0.6436711038888797,12.860608241901902,254,-0.3552554386211562,7.644628146018524e-29,-0.4269964918453451,5.461116301155135e-40,True,-0.563243876648567,0.20798843802741096,-0.3565117199216832,0.0012562813005273128,-0.3612338789657855,0.005978440344629424,0.20673215672688383,1.4269158803963602,3,-0.4190668253051963,0.9814291997906603
9327,21.0,50.892857100000015,50.8928571,1.0,1.0714286,12384.43,80,6009,Saudi Arabia,1.0,1.0,True,0.9761417165432164,0.0590558895845806,1.5263932871286294,2.4278220207863863,5.894319764615292,0.6028718394431803,8.777069318844545,254,-0.23003093382760653,2.797671879736761e-15,-0.28756629609855316,2.0931340708973778e-22,True,-0.39828750865747575,0.16825657482986933,-0.2309184230059197,0.0008874891783131889,-0.23349295663226366,0.0034620228046571833,0.16736908565155606,1.143019473177981,3,-0.27042679357669974,0.9403980829659556
9328,21.0,51.964285700000005,51.9642857,1.0,1.0714286,12384.43,80,6009,Saudi Arabia,1.0,1.0,True,0.9451273174441192,0.0236618275498496,1.498938050819934,2.3669735887002297,5.602563969604444,0.5813791761285505,8.636678091761656,254,-0.17620436876568302,5.313862331414323e-12,-0.24463825155298247,1.0423235375952501e-25,True,-0.36434635885070366,0.18814199008502075,-0.1788396399246745,0.0026352711589913737,-0.19072875588356922,0.014524387117886166,0.18550671892602916,1.3182698367688412,3,-0.22644589375337226,0.9256356776418908
9329,21.0,53.0357143,53.0357143,1.0,1.0714286,12384.43,80,6009,Saudi Arabia,1.0,1.0,True,0.8738937856937148,0.0227379604909419,1.403413604586036,2.4306013818485974,5.907823077444312,0.5096399539744537,10.5921505591778,254,-0.18958911532879263,4.5525780526293525e-14,-0.2792136992915336,4.209049613849925e-35,True,-0.39360862717460277,0.20401951184581044,-0.23940821931552903,0.04981910398673637,-0.20462425138446907,0.015035136055676489,0.1889843757901337,1.4683122843461403,3,-0.2714299289744959,0.9721225343284089
9330,21.0,54.10714289999999,54.1071429,1.0,1.0714286,12384.43,80,6009,Saudi Arabia,1.0,1.0,True,0.8457356760977185,0.0443182899317631,1.3833136365897114,2.591819973642409,6.717530775771739,0.4951461650517113,12.566763210354631,254,-0.25837914551000546,3.162421748142068e-22,-0.41900339016740634,5.637385593697606e-35,True,-0.5753628670066919,0.3169837214966863,-0.41148229762098365,0.15310315211097814,-0.27016500587454273,0.011785860364537326,0.3051978611321492,2.421018067396051,3,-0.4373987175096118,1.0439025739979237
9331,21.0,55.17857140000001,55.1785714,1.0,1.0714286,12384.43,80,6009,Saudi Arabia,1.0,1.0,True,0.8246397008200947,0.0578546907903407,1.4345046844582394,2.8520082191886487,8.133950882319608,0.5324711044633621,14.275854058817352,254,-0.329703014009329,2.4251073244635087e-29,-0.47268171128388464,1.393797829552366e-32,True,-0.5099839226870841,0.18028090867775512,-0.5627987182289388,0.23309570421960973,-0.34526249293563216,0.01555947892630298,0.21753622529330663,1.9719916825936366,3,-0.4856645460345785,1.0274663361005236
9332,21.0,56.25,56.25,1.0,1.0714286,12384.43,80,6009,Oman,1.0,1.0,True,0.895180359149911,0.0445031384663546,1.5562975188793,3.0380260182235155,9.229602087403029,0.6267254827201005,13.726706256373852,254,-0.35826315546820864,3.301420973841476e-29,-0.5243704287388555,2.1165384028614951e-26,True,-0.6224045583563506,0.26414140288814203,-0.5886926868044543,0.2304295313362455,-0.3620140410557605,0.0037508855875520025,0.26039051730059004,2.39909717844338,3,-0.5304183846689455,1.0115337471348942
9333,21.0,57.32142859999999,57.3214286,1.0,1.0714286,12384.43,80,6009,Oman,1.0,1.0,True,1.01578494817585,-0.0078365299549392,1.6367315701936331,2.9676329405732846,8.806845269975641,0.6931815936324547,11.704961226430502,254,-0.3252131074898371,9.046779153562754e-22,-0.4429566118503565,4.446029133088572e-24,True,-0.5601919097668717,0.23497880227703435,-0.4414520793020913,0.1162389718122537,-0.32722584648210684,0.002012738992269454,0.23296606328476488,2.083397794874048,3,-0.4377449197666055,0.9882343056987449
9334,21.0,58.392857100000015,58.3928571,1.0,1.0714286,12384.43,80,6009,Oman,0.8695133630175165,0.8695133970141598,True,1.1816786470556755,-0.0915050886534884,1.753553736718234,2.663286587791541,7.093095448710312,0.7956650129424131,7.914675564883334,254,-0.2356522993101604,5.905364972682001e-12,-0.3682875414519199,4.975094042153384e-12,True,-0.3682875414519199,0.132635242141759,,,,,,0.0,1,-0.3504131156884896,0.9514661134260394
9335,20.0,42.07100589999999,42.0710059,1.0,1.0650888,12392.71,80,6009,Saudi Arabia,1.0,1.0,True,1.18373773564552,-0.1885293240147624,1.538563906003151,2.5763960289556285,6.637816498018331,0.6125241031640813,9.83682497346592,254,-0.3012715372177455,8.94810771583074e-36,-0.3091826496121844,3.3728973582480216e-38,True,-0.40836185073050507,0.10709031351275941,-0.22175099065148685,-0.07952054656625865,-0.2974351074545621,-0.0038364297631835464,0.18661086007901823,1.5238263348784014,3,-0.3084820296825488,0.9977339610404581
9336,20.0,43.1360947,43.1360947,1.0,1.0650888,12392.71,80,6009,Saudi Arabia,1.0,1.0,True,1.159155399048576,-0.0949142392733883,1.5474322066498882,3.1753175783474767,10.082641723362483,0.6196056459889412,15.27267567465394,254,-0.3986076112303068,1.3382717070994142e-51,-0.43718507588912475,7.044151847876559e-61,True,-0.444726829673123,0.04611921844281627,-0.46897795574175777,0.07037034451145097,-0.3978504422524934,-0.0007571689778134438,0.07112751348926438,1.0490851380109711,3,-0.4332493824657732,0.9909976491870238
9337,20.0,44.20118339999999,44.2011834,1.0,1.0650888,12392.71,80,6009,Saudi Arabia,1.0,1.0,True,1.049007945600934,0.0238273532271348,1.5011352592280185,3.909474736922344,15.283992718634034,0.5830848469609867,25.21229620061909,254,-0.510717725893381,2.2443911164942122e-67,-0.5749810834624998,2.790112606043058e-76,True,-0.6387553812579062,0.12803765536452522,-0.5768822172965157,0.06616449140313421,-0.5093056518330785,-0.0014120740603025261,0.1294497294248277,1.2506881810452661,3,-0.5735897555310955,0.9975802196430085
9338,20.0,45.2662722,45.2662722,1.0,1.0650888,12392.71,80,6009,Saudi Arabia,1.0,1.0,True,0.969150871422385,0.1442991108633577,1.4493729965008164,4.598444603735302,21.14569277362232,0.5435661887646595,37.90178088832064,254,-0.6117299607885764,1.634640889705811e-79,-0.6647132083844146,3.877205289783505e-99,True,-0.7604783951395426,0.14874843435096563,-0.618959344604781,0.00722938381620471,-0.6147018854089212,0.002971924620344471,0.1457765097306214,1.29742583937902,3,-0.662591535056468,0.9968081372519987
9339,20.0,46.33136089999999,46.3313609,1.0,1.0650888,12392.71,80,6009,Saudi Arabia,1.0,1.0,True,0.9203005892752238,0.2242080247321841,1.436084984401886,4.884499949927215,23.85833976083897,0.5336449278163887,43.70826670922263,254,-0.6530588767138785,1.2273139289768424e-92,-0.7139577179407302,5.280420846398734e-116,True,-0.8298784710611791,0.17681959434730077,-0.6539546859731116,0.0008958092592329034,-0.6580399967878994,0.00498112007402067,0.1759237850880675,1.3425771151585901,3,-0.7139503141169966,0.9999896298848693
9340,20.0,47.396449700000005,47.3964497,1.0,1.0650888,12392.71,80,6009,Saudi Arabia,1.0,1.0,True,0.824112621312084,0.2451884217505507,1.3769806765960784,4.543831060819005,20.64640070926356,0.4906228770705839,41.08201792900344,254,-0.6050174888595841,8.738948993130487e-89,-0.6788572570089333,1.8795891133609171e-109,True,-0.805435328443121,0.20041783958353704,-0.6180169008406282,0.012999411981044307,-0.6131195417430512,0.008102052883466826,0.19231578670006988,1.3953309342587554,3,-0.6791544491266356,1.0004377829280513
9341,20.0,48.46153850000002,48.4615385,1.0,1.0650888,12392.71,80,6009,Saudi Arabia,1.0,1.0,True,0.8508168314009406,0.2072243069901186,1.4345917021118573,3.7454543811187326,14.028428521041509,0.5325357062621061,25.34270032240228,254,-0.4869704365408923,7.877099879222418e-63,-0.5724050403199601,5.832533427295792e-83,True,-0.7202858808776045,0.23331544433671253,-0.5010144514383236,0.014044014897431548,-0.495914788643951,0.008944352103059036,0.22437109223365348,1.5686822048204143,3,-0.5674897102262317,0.9914128462408702
9342,20.0,49.52662720000001,49.5266272,1.0,1.0650888,12392.71,80,6009,Saudi Arabia,1.0,1.0,True,1.000007609918701,0.1317777672526883,1.63214332928655,2.7731486356759016,7.690353355551114,0.6893006564224244,10.156747471364994,254,-0.3298076191888144,1.98947827422684e-33,-0.41448098906380126,4.966227031169884e-50,True,-0.5740028895680165,0.24419527037920163,-0.33193002014789513,0.002122400959080596,-0.3375100574754934,0.0077024382866789365,0.24207286942012135,1.6551269252698348,3,-0.40647894294603254,0.9806938162933766
9343,20.0,50.59171599999999,50.591716,1.0,1.0650888,12392.71,80,6009,Saudi Arabia,1.0,1.0,True,0.9998874305226376,0.0515433244514533,1.627489474086461,2.0771785881575027,4.314670887099997,0.6853753492344189,5.2953400525997765,254,-0.18786679107505955,6.694431149452146e-14,-0.23960347202416257,9.546342094843224e-19,True,-0.32898233526929055,0.14111554419423109,-0.1916917878595476,0.0038249967844880533,-0.19813629294364943,0.010269501868589992,0.13729054740974295,0.9848017068877172,3,-0.21669962829154593,0.9044093829729357
9344,20.0,51.65680470000001,51.6568047,1.0,1.0650888,12392.71,80,6009,Saudi Arabia,1.0,1.0,True,0.923145771761164,-0.0073376865190106,1.5468203683121555,1.8931866350746187,3.584155635225158,0.6191157718075777,4.789152527581093,254,-0.1090412943976879,9.350036658411408e-07,-0.16016169855930898,6.852063782153276e-14,True,-0.255128729029354,0.14608743463166607,-0.11229988078740122,0.0032585863897132313,-0.11305648586117142,0.004015191463483475,0.1428288482419528,1.1343548208968457,3,-0.1405276802153235,0.8774112754759849
9345,20.0,52.72189349999999,52.7218935,1.0,1.0650888,12392.71,80,6009,Saudi Arabia,1.0,1.0,True,0.884539707542139,-0.0359562815131628,1.4603698836974066,1.8795485321051928,3.5327026845387866,0.5518459247311853,5.401610533337966,254,-0.0895864651870345,1.945481372114406e-05,-0.1451336838738071,7.376227990751876e-16,True,-0.24559062687368777,0.15600416168665351,-0.09405252600891123,0.004466060821876777,-0.09575789873882173,0.006171433551787321,0.15153810086477654,1.2419302547345383,3,-0.13202789732159348,0.9096985193071443
9346,20.0,53.78698220000001,53.7869822,1.0,1.0650888,12392.71,80,6009,Saudi Arabia,1.0,1.0,True,0.8294288463539045,-0.0337778193702665,1.4212049627763637,1.881249888812544,3.5391011441572098,0.5226434765585892,5.77153987927078,254,-0.12979736619712878,1.805916999191847e-10,-0.24720450256496906,1.2901908708498644e-29,True,-0.40755752705031634,0.2777601608531876,-0.19597795032467458,0.0661805841275458,-0.13807803031991606,0.008280664122787273,0.2694794967304003,1.9953489880972972,3,-0.2524775853956918,1.0213308526989184
9347,20.0,54.852071,54.852071,1.0,1.0650888,12392.71,80,6009,Saudi Arabia,1.0,1.0,True,0.8585401576991115,-0.0332165177413901,1.4610055154104935,2.067089722946884,4.272859922712626,0.5523264154775223,6.736113651233681,254,-0.19068251651614232,1.2855621124972539e-17,-0.2887482140840676,1.9014671939845432e-33,True,-0.35610000355118754,0.16541748703504525,-0.3094572537807393,0.11877473726459704,-0.2006873849202767,0.010004868404134323,0.15541261863091083,1.5636386068528423,3,-0.2929898433911146,1.0146897161615416
9348,20.0,55.91715980000001,55.9171598,1.0,1.0650888,12392.71,80,6009,Oman,1.0,1.0,True,0.948146934561678,-0.0441826297996871,1.595208968849354,2.380606353622509,5.6672866109078575,0.6584567723554311,7.606922806238052,254,-0.22853302186671343,2.991430047787281e-20,-0.30267224159693273,1.1654863655171295e-32,True,-0.38724874162901246,0.15871571976229923,-0.2902410913767912,0.0617080695100775,-0.23052689178499453,0.0019938699182811895,0.15672184984401794,1.5207662549285876,3,-0.3025734906696807,0.9996737364261387
9349,20.0,56.9822485,56.9822485,1.0,1.0650888,12392.71,80,6009,Oman,1.0,1.0,True,1.1246836975611951,-0.082596873871836,1.7321764083988092,2.5886583273171437,6.701151935588389,0.7763835805934279,7.631238608197216,254,-0.22264743064925874,7.027021770222907e-16,-0.29485268498582995,6.23110628929794e-21,True,-0.362381154773741,0.13973372412448207,-0.2976002786197307,0.07495284797047187,-0.22457662156401792,0.0019291909147588979,0.13780453320972308,1.4182653112563441,3,-0.2978123764310727,1.0100378649948025
9350,20.0,58.04733730000001,58.0473373,1.0,1.0650888,12392.71,80,6009,(offshore/unassigned),0.3186175516382769,0.3186175516382769,False,1.3379008658305205,-0.1475326653971683,1.8762985553475895,2.5714858400710843,6.612539425686091,0.9109530446756794,6.258924556358785,254,-0.16640664350418755,3.026028453846764e-08,-0.33108741286215326,3.140192843150563e-08,True,-0.33108741286215326,0.16468076935796566,,,,,,0.0,1,-0.27901173934925005,0.8427132186550846
9351,19.0,42.8823529,42.8823529,1.0,1.0588235,12397.11,80,6009,Saudi Arabia,1.0,1.0,True,1.271935176757504,0.0379145281279788,1.6969083337238315,3.4956148892752,12.219323454122469,0.7450902294851726,15.399790214086597,254,-0.43879980889929504,2.7148306965228317e-59,-0.4999922026665503,4.538091129910382e-47,True,-0.5332036777064878,0.09440386880719258,-0.5282783589062238,0.08947855000692873,-0.4384945713869392,-0.0003052375123560602,0.0947091063195486,1.8631524545363434,3,-0.4858412254179157,0.9716976041362948
9352,19.0,43.94117649999998,43.9411765,1.0,1.0588235,12397.11,80,6009,Saudi Arabia,1.0,1.0,True,1.161326745677122,0.1292591491412239,1.608535925393393,3.9970456443526494,15.976373883038487,0.6695047048518933,22.86297477412463,254,-0.5162320389536207,2.367686197441854e-59,-0.5646273052452739,4.449706331050298e-64,True,-0.5873607299579958,0.07112869100437529,-0.5904130180738708,0.07418097912025015,-0.5161081677039543,-0.00012387124966643792,0.07430485036991652,1.7935100736706142,3,-0.5648960932225633,1.0004760449499916
9353,19.0,45.0,45.0,1.0,1.0588235,12397.11,80,6009,Saudi Arabia,1.0,1.0,True,1.0974754854796178,0.1983876382484667,1.541300690196482,4.332678558332633,18.772103489835345,0.6147051464241966,29.538386735550556,254,-0.5647395461279415,1.1705174977551885e-54,-0.5998928290373774,2.6191859060573356e-59,True,-0.6317498717922774,0.06701032566433592,-0.6024944821014747,0.03775493597353334,-0.565434133218381,0.0006945870904390833,0.06631573857389639,1.1232319415055338,3,-0.6017513612501648,1.0030981070665068
9354,19.0,46.05882350000002,46.0588235,1.0,1.0588235,12397.11,80,6009,Saudi Arabia,1.0,1.0,True,1.0504085953175606,0.2368783236079502,1.4785769456514162,4.364008490842339,19.04457010814403,0.5656919048080147,32.66597603090573,254,-0.5700083600547768,1.6929860237733038e-51,-0.6008002500218194,2.7438019051156382e-58,True,-0.6606346963336984,0.09062633627892151,-0.570337456337239,0.000329096282462929,-0.5714285973945202,0.0014202373397434603,0.09029723999645944,0.9568928594560826,3,-0.6047196749157493,1.0065236738729513
9355,19.0,47.1176471,47.1176471,1.0,1.0588235,12397.11,80,6009,Saudi Arabia,1.0,1.0,True,0.9561760100284888,0.2311283507110441,1.3999480361650942,3.937521380889248,15.504074624959967,0.5071260672333608,29.572426910615818,254,-0.5130623796107003,8.517912990254103e-55,-0.550839678992498,1.4983512827610295e-60,True,-0.5743631938702596,0.061300814259559355,-0.5633336604193985,0.05027128080869833,-0.5148221826878363,0.0017598030771358575,0.059541011182423276,0.978597311844524,3,-0.5605887669159422,1.0176985941558814
9356,19.0,48.176470600000016,48.1764706,1.0,1.0588235,12397.11,80,6009,Saudi Arabia,1.0,1.0,True,0.8924979729397988,0.188644284285678,1.3898625501046042,3.227431285455913,10.416312702339605,0.49984552618605,19.83906358394112,254,-0.41110757896247724,8.411100920688498e-52,-0.4702131247457449,4.854016241425934e-66,True,-0.5728623248547761,0.16175474589229896,-0.42158621916060335,0.010478640198126162,-0.41619083022185516,0.005083251259377863,0.1566714946329209,1.3392551873294745,3,-0.46948264271819257,0.9984464873711313
9357,19.0,49.2352941,49.2352941,1.0,1.0588235,12397.11,80,6009,Saudi Arabia,1.0,1.0,True,0.9727926047708776,0.1246553042976587,1.5601200261629762,2.46659315359732,6.084081785373169,0.6298079328974654,8.660217770492382,254,-0.2845501625948434,1.5735746819497925e-31,-0.3400985615434841,3.470586134636441e-38,True,-0.44590304282134696,0.16135288022650354,-0.28572977395777005,0.0011796113629265088,-0.28866286785133605,0.004112705256492655,0.1601732688635769,1.3228152066208632,3,-0.33337853106640025,0.9802409323738799
9358,19.0,50.29411759999999,50.2941176,1.0,1.0588235,12397.11,80,6009,Saudi Arabia,1.0,1.0,True,0.9804749687921364,0.051732761027547,1.635377037002636,1.8507093700237025,3.425125172293529,0.6920347361169717,3.9493544088726127,254,-0.15964368790113004,1.1546286554898692e-12,-0.2022719986711674,1.4412915580049096e-17,True,-0.2827206068824602,0.12307691898133008,-0.16045843163971846,0.0008147437385884054,-0.1636369574913234,0.003993269590193554,0.12226217524274174,1.009182141832207,3,-0.18925044100636895,0.9356235279705347
9359,19.0,51.3529412,51.3529412,1.0,1.0588235,12397.11,80,6009,Saudi Arabia,1.0,1.0,True,0.848832693893902,-0.0218862307604913,1.5357676165670766,1.509429909922658,2.278378652969124,0.6102996415108917,2.733213159569688,254,-0.06465596203883486,0.001766571232628376,-0.10476250897064104,4.734743327068802e-07,True,-0.17969425356721924,0.11503829152838443,-0.06671400731965296,0.002058045280818075,-0.06787926602505082,0.003223303986215953,0.11298024624756628,1.0469118367126025,3,-0.08453535453919495,0.8069237303478994
9360,19.0,52.41176469999999,52.4117647,1.0,1.0588235,12397.11,80,6009,Oman,1.0,1.0,True,0.8237059101769055,-0.0858846667259201,1.4758229408513095,1.4184399783055894,2.011971972055561,0.5635865462297244,2.569943224364085,254,-0.0055156762970644535,0.7724575679308273,-0.0362457365924852,0.02870703923224117,True,-0.08667445885272146,0.08115878255565709,-0.01682919152852741,0.01131351523146295,-0.005233559396206566,-0.00028211690085791497,0.08144089945651489,0.7747076974857301,3,-0.01601666034428149,0.4418908773839683
9361,19.0,53.47058820000001,53.4705882,1.0,1.0588235,12397.11,80,6009,Oman,1.0,1.0,True,0.8176079430714357,-0.1367611882842931,1.4225612341556733,1.3993444199839022,1.958164805740084,0.5236414812621044,2.7395142971111195,254,0.010082831268856673,0.5617196698786423,-0.03815603935190337,0.010137517382041362,True,-0.12327652276984591,0.13335935403870253,-0.0005484907945825235,0.010631322063439228,0.009356895508718321,0.0007259357601383659,0.13263341827856423,1.226761213762983,3,-0.03101510555351531,0.8128491866640283
9362,19.0,54.52941179999999,54.5294118,1.0,1.0588235,12397.11,80,6009,Oman,1.0,1.0,True,0.8624153093338335,-0.1835218238817783,1.4539471191480633,1.5671229679199548,2.455874396582248,0.547002518512522,3.489694861479925,254,-0.002985227194558515,0.8609264174076903,-0.21027882597323022,2.0757629690469186e-21,True,-0.23860370338193748,0.23561847618737872,-0.38760851884416336,0.384623291649605,-0.00462425569358893,0.0016390284990303802,0.38298426315057443,2.9667220600658455,3,-0.2115832630807497,1.0062033687960839
9363,19.0,55.58823530000001,55.5882353,1.0,1.0588235,12397.11,80,6009,Oman,1.0,1.0,True,1.0103702927006093,-0.2169955158705467,1.6181510698679702,1.9716742791507904,3.887499463064788,0.6775326566514523,4.737730019210956,254,-0.025738846418492445,0.15581801813113577,-0.10904824281823489,1.148600298105573e-05,True,-0.1991603425746018,0.17342149615610902,-0.10022157648542573,0.07448273006693326,-0.02776280939467779,0.0020239629761854352,0.171397533179924,1.8051827006955268,3,-0.11640957054298222,1.0675052392821902
9364,19.0,56.6470588,56.6470588,1.0,1.0588235,12397.11,80,6009,Oman,0.8583391513619107,0.8583391513619107,True,1.21866134389758,-0.2546173919941865,1.828446847787774,2.3674269043306224,5.604710147348474,0.8650810197996732,5.478826860224441,254,-0.03584773503704164,0.08857371708780724,-0.2501837661596158,1.5907438048771571e-10,True,-0.2132254705108756,0.17737773547383387,-0.5004611692963412,0.4646134342592995,-0.03686465867162991,0.0010169236345882286,0.4635965106247113,3.7911684211687433,3,-0.2777409044960137,1.1101475877488254
9365,19.0,57.70588240000001,57.7058824,1.0,1.0588235,12397.11,80,6009,Oman,0.3208357955272236,0.3208357955272236,False,1.5130634649604904,-0.2937750919137661,2.0309564202785344,2.6134004357683422,6.82986183767416,1.0673167188065495,5.399095711075495,254,-0.024261176978695342,0.3467985368182698,-0.1686429736391477,0.000595641334295632,True,-0.1686429736391477,0.14438179666045264,,,,,,0.0,1,-0.12056356421340571,0.7149041647675195
9366,18.0,43.684210500000006,43.6842105,1.0,1.0526316,12397.67,80,6009,Saudi Arabia,1.0,1.0,True,1.1369261808894142,0.1029245732256266,1.6917739677950865,3.3135229709573584,10.979434479062078,0.7405881850663975,13.825289817549166,254,-0.3920880629770004,2.620364561121596e-41,-0.4596053673905912,7.736305023339232e-50,True,-0.5331878556176296,0.1410997926406295,-0.4525304748612808,0.060442411884280456,-0.39309777169286336,0.0010097087158628462,0.14009008392476624,1.8530674528237447,3,-0.4594307980052447,0.9996201754859009
9367,18.0,44.73684209999999,44.7368421,1.0,1.0526316,12397.67,80,6009,Saudi Arabia,1.0,1.0,True,1.012354627695168,0.136375350161346,1.5519386503222787,3.348068946533476,11.209565670741776,0.6232197412491274,16.986538180376474,254,-0.406674173726983,2.5344706468114594e-37,-0.4181130230356667,4.918536443902835e-35,True,-0.4701886919196763,0.06351451819269324,-0.37838251471847306,-0.0282916590085098,-0.4057678624688509,-0.0009063112581319255,0.09180617720120327,1.3358771481556186,3,-0.4177597956477264,0.9991551868311211
9368,18.0,45.7894737,45.7894737,1.0,1.0526316,12397.67,80,6009,Saudi Arabia,1.0,1.0,True,0.9053680779452185,0.1421988450282929,1.4329310107882185,3.171637667662891,10.0592854949381,0.5313034873032132,17.933219403465532,254,-0.38577380250339943,1.3480301570448924e-33,-0.4392185526018043,2.0565204728196277e-33,True,-0.5022839147495954,0.11651011224619602,-0.42179622294311925,0.03602242043971982,-0.39357552011269825,0.007801717609298452,0.10870839463689719,1.291919017608212,3,-0.44193516268509186,1.006185098664879
9369,18.0,46.842105300000014,46.8421053,1.0,1.0526316,12397.67,80,6009,Saudi Arabia,1.0,1.0,True,0.8470456274501992,0.133828218861063,1.3549846363552815,2.845394603320194,8.096270448603684,0.4750735431602447,16.042141296158796,254,-0.34173820394088994,4.079616918129729e-33,-0.3892818402464303,5.79488683525852e-39,True,-0.4698310733800513,0.12809286943916148,-0.3505426980450117,0.008804494104121704,-0.34747174931422736,0.005733545373337527,0.12235932406582395,1.0954743169778889,3,-0.39562948886007987,1.0163060486192503
9370,18.0,47.8947368,47.8947368,1.0,1.0526316,12397.67,80,6009,Saudi Arabia,1.0,1.0,True,0.8383624331020334,0.1186964835314189,1.336848885581043,2.4490643355419293,5.997916119623432,0.4624414348857403,11.97010965530239,254,-0.28410004097494523,6.351795905063381e-31,-0.31604932691759147,7.97650075838434e-34,True,-0.37003791065280933,0.0859378696778643,-0.29400463162666624,0.009904590651720934,-0.284105438473299,5.397498353959529e-06,0.08593247217951033,1.124583154589714,3,-0.3200822141921483,1.0127603096449826
9371,18.0,48.947368400000016,48.9473684,1.0,1.0526316,12397.67,80,6009,Yemen,1.0,1.0,True,0.9069552284303336,0.1029229083755875,1.432584808343698,2.092502328432105,4.378565994493782,0.5310467877907898,7.24516049274881,254,-0.22030515769881048,8.150070293149902e-23,-0.2779105359193979,2.4672632537374267e-30,True,-0.37209043757546245,0.15178527987665194,-0.24197610675885056,0.02167094906004004,-0.21966506342388092,-0.0006400942749295487,0.15242537415158153,1.197523183673036,3,-0.2727270693199584,0.9813484343719057
9372,18.0,50.0,50.0,1.0,1.0526316,12397.67,80,6009,Yemen,1.0,1.0,True,0.8403861674398886,0.0703751988690711,1.4521192913764571,1.7812903222775454,3.1729952122396416,0.5456280559669775,4.815308024468004,254,-0.15150621782496282,1.1503981546259816e-11,-0.21857343420867809,7.394560002675034e-21,True,-0.35072997324419397,0.19922375541923126,-0.15299044838719042,0.0014842305622275653,-0.15199988099464984,0.000493663169686985,0.19873009224954413,1.341047447135292,3,-0.21034090010016138,0.9623351568852742
9373,18.0,51.052631599999984,51.0526316,1.0,1.0526316,12397.67,80,6009,Yemen,1.0,1.0,True,0.8727836330850461,0.017989844843453,1.5343429960128383,1.5523725844168406,2.4098606408490206,0.6091679049859786,2.955987538287148,254,-0.07432533443352898,0.0005764533189185276,-0.13132619926555622,5.070519286163259e-10,True,-0.2396319810150433,0.16530664658151406,-0.07816775832882229,0.0038424238952933323,-0.07617885845280342,0.0018535240192743968,0.16345312256223987,1.2080961991408927,3,-0.11897426765805985,0.9059446502177423
9374,18.0,52.1052632,52.1052632,1.0,1.0526316,12397.67,80,6009,Yemen,1.0,1.0,True,0.8941788095666481,-0.0615075317928202,1.5485305376760492,1.4545851527772815,2.115817966680108,0.6204855211975594,2.40993930462149,254,0.006315505960977852,0.7473813954270785,-0.020789600497236937,0.19584121578104227,False,-0.0904338202702436,0.09674932623122143,0.022277448141778566,-0.015961942180800753,0.0057875706367542246,0.0005279353242236516,0.11271126841202217,1.0127196630058928,3,0.0020202536777640875,-0.09717616642188923
9375,18.0,53.15789469999999,53.1578947,1.0,1.0526316,12397.67,80,6009,Oman,1.0,1.0,True,0.9172473675619875,-0.1743154714810753,1.5036301049819134,1.621159531829405,2.628158227641336,0.5850245996742419,3.492389258682058,254,0.07902461585180331,1.8790608624113586e-05,0.0036211419715664883,0.8750714462268634,False,-0.030445577714470762,0.1094701935662741,-0.037048386117749965,0.11607300196955328,0.07835738974692019,0.0006672261048831524,0.11540577586467016,1.7545780518559169,3,-0.0008312320132476793,-0.22954968895850622
9376,18.0,54.2105263,54.2105263,1.0,1.0526316,12397.67,80,6009,Oman,1.0,1.0,True,1.0082477635368967,-0.2838830950149499,1.5623605695474323,2.0394166302570214,4.159220191768904,0.6316182106295631,5.585022600319292,254,0.131245285233885,1.2077413068067715e-12,0.00548802907903756,0.8329988319049287,False,-0.09589291125736721,0.22713819649125236,-0.019577165125292062,0.15082245035917746,0.13193416361977217,-0.0006888783858870848,0.22782707487713938,2.3166754980866022,3,0.008171624728165586,1.4889907853036832
9377,18.0,55.26315790000001,55.2631579,1.0,1.0526316,12397.67,80,6009,Oman,0.8380627929756809,0.8380627929756809,True,1.1650758211222962,-0.367717996535494,1.7253729376351383,2.4720365983299013,6.110964943482469,0.7702967528244129,6.933260683075276,254,0.1483061957449341,8.019732629553889e-15,-0.12362264974097026,0.005417798756364347,True,-0.12362264974097026,0.27192884548590424,,,,,,0.0,1,-0.12329664257480638,0.9973628848204842
9378,18.0,56.3157895,56.3157895,1.0,1.0526316,12397.67,80,6009,Oman,0.4081061723932389,0.4081065200082466,False,1.396194328443977,-0.4288740044313611,1.97308839074756,2.7977986734495497,7.82767741715606,1.0073611224664172,6.770477977143708,254,0.14343770825964675,1.9583534973917878e-11,-0.16162561997033276,0.004855946434290668,True,-0.16162561997033276,0.3050633282299794,,,,,,0.0,1,-0.17435475097427763,1.0787568889528862
9379,17.0,44.47674419999999,44.4767442,1.0,1.0465116,12394.45,80,6009,Yemen,1.0,1.0,True,0.8523942891289591,0.0621448054307656,1.534223017830258,2.527837645507563,6.38996316204522,0.6090726407578397,9.491298959175865,254,-0.23827533612803284,5.190656315665146e-19,-0.2578847757504321,1.3866474560179307e-18,True,-0.30973143265986236,0.07145609653182959,-0.2273176341811622,-0.010957701946870492,-0.23660526041027197,-0.0016700757177607467,0.08241379847870017,1.3317896987199116,3,-0.2636928604710651,1.0225220147398455
9380,17.0,45.523255800000015,45.5232558,1.0,1.0465116,12394.45,80,6009,Yemen,1.0,1.0,True,0.7263041072722671,0.0601576416406269,1.4467707699670918,2.252689456441082,5.074609787160817,0.5416160867950811,8.369385272858008,254,-0.22252816101382222,2.198713893080674e-19,-0.273091782902641,1.7009776872809378e-23,True,-0.3616395652709175,0.1391114042570955,-0.23044070095517186,0.007912539941349639,-0.2271950824818338,0.004666921468011636,0.13444448278908372,1.5011864099922931,3,-0.27172055347684787,0.9949788697000744
9381,17.0,46.56976739999999,46.5697674,1.0,1.0465116,12394.45,80,6009,Yemen,1.0,1.0,True,0.6848186491008074,0.0471053806334441,1.3814937905924214,1.9757469346396688,3.903575949738049,0.493844223077936,6.904468185146729,254,-0.1886285140071398,2.6682770399726477e-17,-0.26269827277371177,2.76055146612193e-26,True,-0.3927546625236266,0.20412614851648703,-0.20322574059900278,0.014597226591863133,-0.1921144151985058,0.0034859011913660858,0.2006402473251208,1.4651644129962704,3,-0.2543095315025342,0.968067010176334
9382,17.0,47.61627909999999,47.6162791,1.0,1.0465116,12394.45,80,6009,Yemen,1.0,1.0,True,0.752372257646912,0.0521292548827534,1.34744891518544,1.8323364028086728,3.357456693057826,0.4698040123488489,6.146504935689599,254,-0.1622447470480898,1.620969224442986e-14,-0.23334877439435336,8.804357460902903e-21,True,-0.37095966028465377,0.2087149132365639,-0.1664190464270184,0.00417429937892852,-0.16266761647138808,0.0004228694232983263,0.2082920438132657,1.5621761597055075,3,-0.22633917176986637,0.9699608337661935
9383,17.0,48.662790700000016,48.6627907,1.0,1.0465116,12394.45,80,6009,Yemen,1.0,1.0,True,0.8743981435406828,0.0769537542389669,1.3763933827497614,1.7900162066409078,3.204158020037105,0.4902044567478614,5.53637064276055,254,-0.15033800661647345,1.4449830386953462e-12,-0.2442375294857099,9.012022946305477e-19,True,-0.3976701889911473,0.2473321823746738,-0.18421930944859852,0.033881302832124996,-0.1508230900173842,0.00048508340091066304,0.2468470989737631,1.8481991815510859,3,-0.23350760915008842,0.9560676839541595
9384,17.0,49.70930229999999,49.7093023,1.0,1.0465116,12394.45,80,6009,Yemen,1.0,1.0,True,0.9051679801340926,0.0979452603533133,1.4060026855085654,1.8004964469854228,3.241787455607132,0.5115221022074271,5.337531538945224,254,-0.14319348459719802,4.663642694647908e-10,-0.2981587531877624,3.432411209445814e-20,True,-0.43650919750740214,0.2933157129102041,-0.3091045514521119,0.1659110668549139,-0.14886251060377312,0.005669026006574959,0.28764668690362905,2.3101507714665557,3,-0.2995086551844327,1.0045274605633334
9385,17.0,50.75581399999999,50.755814,1.0,1.0465116,12394.45,80,6009,Yemen,1.0,1.0,True,0.958529019155389,0.0758843007607056,1.4853588725119604,1.7590872529978998,3.094387963659697,0.5708932299177009,4.420256891303089,254,-0.10362649756179687,1.205038710659903e-05,-0.21612305030772405,7.008563731516538e-17,True,-0.35752192796609916,0.2538954304043023,-0.18118078646945324,0.07755428890765638,-0.10966643648761942,0.006039938925822552,0.24785549147847974,2.0963968908996007,3,-0.2168425193810963,1.0033289788958089
9386,17.0,51.80232560000002,51.8023256,1.0,1.0465116,12394.45,80,6009,Yemen,1.0,1.0,True,1.187853505890633,0.0080173039424812,1.7184588623811945,1.7832598819046983,3.180015806410758,0.7641355126657051,3.161586202579693,254,-0.025304749247042513,0.24878296825268062,-0.15296078946817482,1.5745341460528855e-12,True,-0.29819470353547606,0.27288995428843343,-0.1309907421996106,0.10568599295256814,-0.02969692266943791,0.004392173422395368,0.26849778086603815,2.001023812763774,3,-0.14661448671388444,0.958510264124841
9387,17.0,52.84883719999999,52.8488372,1.0,1.0465116,12394.45,80,6009,Yemen,0.9173464604552136,0.9173464604552136,True,1.170709067196264,-0.1327509383433019,1.7307719116452336,1.9412519788426916,3.768459245360665,0.7751250642685993,3.861743503181061,254,0.07491220421352918,0.00019528126919148185,-0.11605964174197314,0.0003903500026676278,True,-0.2107238085351253,0.28563601274865463,-0.20582425337537724,0.28073645758890664,0.06836913668458322,0.006543067528945942,0.2790929452197085,2.7302536868037994,3,-0.11580412227489661,0.9977983779439489
9388,17.0,53.8953488,53.8953488,1.0,1.0465116,12394.45,80,6009,Oman,0.6032955909544301,0.6032955909544301,True,1.2931644434863132,-0.2928695645133106,1.9018458201533184,2.47916547636202,6.14626145918532,0.9359285947841368,5.567019635299098,254,0.17622765528933304,2.665400607943826e-17,-0.06115029286883744,0.3484730458358691,False,-0.06115029286883744,0.23737794815817015,,,,,,0.0,1,-0.09433264987749145,1.5426361093613654
9389,17.0,54.94186049999999,54.9418605,1.0,1.0465116,12394.45,80,6009,Oman,0.3785159654422237,0.3785159654422237,False,1.5279083631899295,-0.437449974015209,2.0531668417590767,2.973146036170635,8.83959735239716,1.0907885916856763,7.1038593727283805,254,0.23697127552643038,1.877593154717851e-26,-0.014129140581491395,0.7912251259489723,False,-0.014129140581491395,0.25110041610792205,,,,,,0.0,1,-0.011550380672408992,0.8174864285475031
9390,16.0,51.5028902,51.5028902,1.0,1.0404624,12387.47,80,6009,Yemen,0.9960935647036236,0.9960935647036236,True,1.4638577081298474,0.0609932150682617,1.877469205198115,2.113808226652061,4.46818521906193,0.9120901128847312,3.898841853388903,254,-0.04299953080375163,0.08016982977148847,-0.28088867663675365,7.477282267492856e-22,True,-0.40638177376905515,0.36338224296530364,-0.3931482369289595,0.3501487061252076,-0.04313601921224608,0.0001364884084945027,0.3632457545568091,2.984264253557444,3,-0.2710863754238964,0.9651025405145341
9391,16.0,52.54335259999999,52.5433526,1.0,1.0404624,12387.47,80,6009,(offshore/unassigned),0.2201890911628176,0.2201890911628176,False,1.5904455711378918,-0.0675402477847562,2.0971765212546747,2.2765199283532813,5.18254298418963,1.1380519238506703,3.5538721701327733,254,0.054284552368931926,0.017372129357105234,-0.456075599763617,2.8366348612341124e-08,True,-0.456075599763617,0.5103601521325487,,,,,,0.0,1,-0.4617898874709362,1.0125292554793128
9392,31.0,49.6753247,49.6753247,1.0,1.1688312,12393.06,80,6010,Iran,0.9994211606340424,0.0,False,2.732338451294168,-0.1810769485092297,2.089062654285861,7.337919770598168,53.84506655973546,1.1292628315796396,46.681607021826544,254,-0.1891395395270914,0.18951892814150362,-0.17873062207166512,0.06022967544710553,False,-0.16345212323493108,-0.025687416292160314,-0.18289058634330013,-0.0062489531837912615,-0.18984915663676283,0.0007096171096723225,0.02639703340183175,2.807489735245432,3,-0.06835139565909831,0.3824268883912441
9393,31.0,50.84415580000001,50.8441558,1.0,1.1688312,12393.06,80,6010,Iran,1.0,0.0,False,2.378342301611462,-0.1113807862564606,1.9645459852316425,8.083903461277206,65.3494951712496,0.9986573470757394,64.43735482706404,254,-0.37259328310318374,0.0469337795626647,-0.3313361866772766,0.016030007136016402,True,-0.2874696820056113,-0.08512360109757289,-0.32528784601776417,-0.0473054370854209,-0.38125103200845434,0.008657748905269713,0.09378135000284304,4.247501283712207,3,-0.30151015632435846,0.9099825749429269
9394,30.0,49.19614150000001,49.1961415,1.0,1.1575563,12401.62,80,6010,(offshore/unassigned),0.3384671178003274,0.0,False,2.1863026281716462,-0.3078884784401595,1.9667328905875177,5.507023336432964,30.32730602801725,1.0008819676236878,29.30058189580625,254,-0.18182911395869006,0.051191135220675914,-0.13428772515446763,0.0008532384571582453,True,-0.13428772515446763,-0.047541388804223095,,,,,,0.0,1,-0.09631516552174586,0.7172298541133009
9395,30.0,50.3536977,50.3536977,1.0,1.1575563,12401.62,80,6010,Iran,0.7001786578401242,0.0,False,2.3540251341724456,-0.0412773595197245,2.2132174807954303,7.358746896894054,54.15115589254788,1.2674775826792324,41.72356105745202,254,-0.5074772454510965,0.0004009961473465577,-0.48076997890204476,4.909262565960582e-08,True,-0.48076997890204476,-0.02670726654905131,,,,,,0.0,1,-0.3502206262125318,0.7284577689570921
9396,30.0,51.51125400000001,51.511254,1.0,1.1575563,12401.62,80,6010,Iran,1.0,0.0,False,2.038804608274816,0.2482023409663644,2.0955630337046656,9.815206313140571,96.33827496951452,1.1363014500797115,83.78232159499258,254,-1.000087939542487,9.644437614862489e-07,-0.963782792361473,9.318751825284282e-10,True,-0.972312603219734,-0.027775336322751976,-0.9227980827033742,-0.07728985683911205,-0.9962376911613093,-0.0038502483811770905,0.07343960845793518,4.082302820601964,3,-0.8519455572132423,0.8839601245896851
9397,29.0,51.0191083,51.0191083,1.0,1.1464968,12406.28,80,6010,Iran,0.6448086864128133,0.0,False,2.3221020087511404,0.1528719958547941,2.490503103882094,8.448868737978854,71.38338295159639,1.6049676311063652,43.47652498909845,254,-0.9091709220641322,2.986126128711924e-10,-0.8777509167021007,4.887348527113501e-18,True,-0.8788606731716335,-0.03031024889249867,-0.8501506583154552,-0.05902026374867653,-0.9042414186192129,-0.004929503444919048,0.0540907603037577,3.1758099856398245,3,-0.7639730948934949,0.8703757300122299
9398,29.0,52.16560509999999,52.1656051,1.0,1.1464968,12406.28,80,6010,Iran,1.0,0.0,False,2.2035704940765504,0.5568321485839346,2.316645010709561,12.232020971198486,149.62233703983952,1.3887084675152082,106.74207872985475,254,-1.526624570422654,2.345373592708124e-14,-1.4450779977435042,2.3634237119769796e-22,True,-1.4665899569281944,-0.06003461349446004,-1.3559103313257475,-0.17071423909690608,-1.512733704976574,-0.01389086544607998,0.15682337365082644,4.080053325447076,3,-1.3535138482632392,0.9366372267633699
9399,29.0,53.312101900000016,53.3121019,1.0,1.1464968,12406.28,80,6010,Iran,1.0,0.0,False,1.89311597323822,0.9005325734907506,2.0272091870188893,15.93086006265572,253.79230233591895,1.0633818287952157,237.66526158666744,254,-2.1077104486988043,4.3705977701469506e-20,-1.99120381424986,2.708480481478233e-25,True,-1.9710836771203524,-0.13662677157845282,-1.905905173057933,-0.20180527564087214,-2.096622592571296,-0.011087856127509066,0.19071741951336296,3.5263932880446767,3,-1.9528023007907163,0.9807144235138929
9400,29.0,54.45859870000001,54.4585987,1.0,1.1464968,12406.28,80,6010,Iran,1.0,0.0,False,1.6465948551791316,1.083962772469785,1.8674683220908683,18.24439188100654,332.85783510773734,0.9023989692197204,367.85883789910616,254,-2.4687979552664574,6.663755070549563e-29,-2.3630982161915943,3.057583909013232e-44,True,-2.322732352858282,-0.14606560240817412,-2.301292908234885,-0.16750504703157043,-2.4652693874816136,-0.0035285677848442276,0.16397647924672842,3.4569533434883257,3,-2.327849922697248,0.985083864372276
9401,29.0,55.6050955,55.6050955,1.0,1.1464968,12406.28,80,6010,Iran,1.0,0.0,False,1.4084945519660297,1.0413841107221065,1.8101589737414288,18.31288844177471,335.36188308088583,0.8478627172253669,394.5379523920553,254,-2.498951708775897,9.136187942811183e-38,-2.424755339135458,3.8237323149485744e-61,True,-2.4201435020875035,-0.07880820668839372,-2.357905079636068,-0.14104662913983068,-2.496217435682803,-0.002734273093096151,0.13831235604673475,2.687750603987276,3,-2.4283004460368174,1.0014620472606623
9402,28.0,51.6719243,51.6719243,1.0,1.1356467,12407.1,80,6010,Iran,0.5650820458324866,0.0,False,2.429510581512838,0.2361434964536159,2.4417458334859865,9.120652443945753,83.18630100325365,1.542740973313618,52.92110694031785,254,-1.109302020265666,8.998883954770046e-17,-1.065597555234723,2.108121949334991e-31,True,-1.065597555234723,-0.04370446503094261,,,,,,0.0,1,-1.0072099210582368,0.9452066740490739
9403,28.0,52.807571,52.807571,1.0,1.1356467,12407.1,80,6010,Iran,0.9600574090363124,0.0,False,2.3173172668273168,0.562912019714713,2.2606379145439024,12.55675134413342,157.67200431839643,1.3223734395144484,118.23409802929098,254,-1.637153953326023,3.841423041241241e-21,-1.5765805818603755,7.739332308481419e-33,True,-1.5765805818603755,-0.0605733714656469,,,,,,0.0,1,-1.5134340684594472,0.9599471703968249
9404,28.0,53.94321769999999,53.9432177,1.0,1.1356467,12407.1,80,6010,Iran,1.0,0.0,False,2.0094046738720315,0.8252480933771414,2.075015278874265,15.432628549348932,238.1660239421797,1.114127005063017,212.7691868699553,254,-2.0729533521786774,1.0376181253033403e-27,-2.008716726252254,2.222627940965128e-48,True,-1.9771669299588137,-0.09578642221986566,-1.9746983330999024,-0.0982550190787772,-2.0742849156980507,0.0013315635193712483,0.09958658259814834,2.8084358825473075,3,-1.966548830998433,0.9790075451143898
9405,28.0,55.07886439999999,55.0788644,1.0,1.1356467,12407.1,80,6010,Iran,1.0,0.0,False,1.6789387952604962,0.9339476430971247,1.9680068457714424,16.73527510465073,280.0694328283424,1.0021790341899444,278.46047889010265,254,-2.2757481311460723,9.041548369369041e-37,-2.2507982797251342,2.3498402545553234e-73,True,-2.2116988223826795,-0.06404930876339421,-2.2661203675286936,-0.00962776361737916,-2.274575649264035,-0.0011724818820386118,0.06287682688135554,2.220251855555165,3,-2.2360313725101353,0.9934392578188738
9406,28.0,56.214511000000016,56.214511,1.0,1.1356467,12407.1,80,6010,Iran,1.0,0.0,False,1.393863756190834,0.84762402054872,1.885728359846919,16.14936633101242,260.8020328932376,0.9201324953110616,282.4396505093219,254,-2.206122394859708,3.3487816175366314e-43,-2.2160390309435622,4.8226356356733775e-101,True,-2.2015977455699955,-0.004524649289714633,-2.2376309927347946,0.031508597875087974,-2.208888354525898,0.0027659596661878116,0.036033247164799054,2.178444605632269,3,-2.2354215744935475,1.0087464811221003
9407,28.0,57.35015770000001,57.3501577,1.0,1.1356467,12407.1,80,6010,Iran,1.0,0.0,False,1.2301862404019095,0.6480216530772547,1.7440200987159011,14.135015734583677,199.79866981692803,0.7870368636261237,252.8618952311756,254,-1.9293022070521946,4.2285070857005755e-41,-1.9643219309577338,6.122583483982952e-78,True,-1.9888427957331152,0.059540588680921824,-1.971634533607875,0.042332326555680755,-1.9324884635322097,0.0031862564800155813,0.056354332200905466,1.8197336260757575,3,-1.9873281768116366,1.011712054674605
9408,27.0,53.4375,53.4375,1.0,1.125,12404.16,80,6010,Iran,0.5921459404890671,0.0,False,2.096584584485784,0.2587221498966363,2.037651105262452,10.1864080649978,103.76290926665224,1.0743647537348722,95.5807086521925,254,-1.3029308691716843,3.563801265838197e-24,-1.2960770884955126,9.282405782115089e-34,True,-1.2960770884955126,-0.006853780676173038,,,,,,0.0,1,-1.2741864687989573,0.983110094383378
9409,27.0,54.5625,54.5625,1.0,1.125,12404.16,80,6010,Iran,0.8830300278775733,0.0,False,1.8094391383579829,0.3915024015577693,1.9778765845057376,11.767724907724448,138.47934950387838,1.0122562836818103,135.8026573272501,254,-1.549783873993829,2.044631814926259e-32,-1.5427020063985268,8.714884818263014e-61,True,-1.5427020063985268,-0.007081867595301272,,,,,,0.0,1,-1.5408671519249157,0.9988106228772629
9410,27.0,55.6875,55.6875,1.0,1.125,12404.16,80,6010,(offshore/unassigned),0.6795013772570948,0.0,False,1.4914980086209162,0.4394163230808415,1.8988864747093632,12.221733976279454,149.37078138694358,0.933018178928678,159.0941811856828,254,-1.633154450745506,1.1754447616202647e-37,-1.6414487808701559,4.7494852318530815e-84,True,-1.6414487808701559,0.008294330124650084,,,,,,0.0,1,-1.638218672708634,0.9980321602482111
9411,27.0,56.8125,56.8125,1.0,1.125,12404.16,80,6010,(offshore/unassigned),0.5677999086851534,0.0,False,1.2855663185274515,0.4041351072581521,1.7800711150683737,11.613008230061324,134.86196015147206,0.8199111820105012,163.4836210439008,254,-1.5630190282830774,6.789595506731109e-41,-1.6263206904838714,5.956741123411507e-94,True,-1.6263206904838714,0.0633016622007947,,,,,,0.0,1,-1.6266419693942151,1.0001975495437176
9446,32.0,52.524590200000006,52.5245902,1.0,1.1803279,12380.52,80,6011,Iran,1.0,0.0,False,1.947495452221188,-0.5000762553399374,1.869508940218376,6.286305445681252,39.51763615640177,0.9043721837237324,42.69620922404843,254,-0.22512217870308238,0.11228746230936047,-0.05305179771256041,0.5098272565985545,False,-0.041817822325045384,-0.183304356378037,0.07401644389308482,-0.29913862259616675,-0.19135401470572155,-0.03376816399736127,0.26537045859880637,2.802076617120348,3,-0.12498074567821274,2.3558248931613983
9447,32.0,53.70491799999999,53.704918,1.0,1.1803279,12380.52,80,6011,Iran,1.0,0.0,False,1.9329207047461547,-0.4977954153877719,1.6234979946227863,5.63890240209764,31.79722030038254,0.682017653816912,45.6222833418305,254,-0.49592416178362786,9.943190609829197e-07,-0.3363242734238683,6.320612263801615e-09,True,-0.29531705342615044,-0.20060710835747786,-0.23064667726120325,-0.2652774845224253,-0.4830090895842525,-0.012915072199376043,0.25236241232304923,2.3391327285908585,3,-0.34160980629779053,1.0157155854976334
9448,32.0,54.8852459,54.8852459,1.0,1.1803279,12380.52,80,6011,Iran,1.0,0.0,False,1.6111157801045328,-0.4466447069537917,1.4017702736093631,6.07537710316071,36.91020694560942,0.5084471241772228,71.59399294535906,254,-0.7364981254527891,5.009890978380718e-18,-0.7067577356858825,6.924193740246731e-34,True,-0.5990213516679049,-0.13747677378488432,-0.791269173979332,0.054771048526542465,-0.7299826814104104,-0.006515444042379359,0.19224782231142712,2.0806871373149836,3,-0.7079726209663324,1.001718955759672
9449,32.0,56.06557380000001,56.0655738,1.0,1.1803279,12380.52,80,6011,Iran,1.0,0.0,False,1.2933939860091967,-0.4222334566382307,1.3490982298380392,6.613665243337727,43.74056795093348,0.4709548223786914,91.87635644117472,254,-0.855494084544054,4.985896051745096e-19,-0.8302603041587147,7.096964902876151e-34,True,-0.7318811273703916,-0.12361295717366305,-0.9123571485301052,0.05686306398605079,-0.846542636575648,-0.008951447968406245,0.18047602115971362,1.6363942443537363,3,-0.8463624355379528,1.0193940759284572
9450,32.0,57.2459016,57.2459016,1.0,1.1803279,12380.52,80,6011,Iran,1.0,0.0,False,1.0444517731294969,-0.4074117685134029,1.393479679933226,6.565796021817897,43.10967740011972,0.5024506166513064,84.79883469431032,254,-0.8530165607133833,1.2441505039270528e-16,-0.909454824712965,9.437282467043312e-27,True,-0.7344004003490698,-0.11861616036431355,-1.1490185176750962,0.29600195696171183,-0.8449455561147283,-0.008071004598654508,0.4146181173260264,2.9795620909286584,3,-0.9472351039612465,1.0415416777410638
9451,32.0,58.426229500000005,58.4262295,1.0,1.1803279,12380.52,80,6011,Iran,1.0,0.0,False,0.8988243577692494,-0.4278341884660881,1.415900924151248,5.937144411065546,35.24968375784685,0.5187496704124266,66.95124077827742,254,-0.7588657279583374,1.9215406281654976e-14,-0.8176409606416561,5.796571042813751e-22,True,-0.7136753069545154,-0.0451904210038222,-0.9827701419104895,0.22390441395215133,-0.7564774330599626,-0.0023882948983748875,0.2690948349559741,2.097955819537385,3,-0.8542186741293383,1.0447356666903982
9452,32.0,59.60655739999999,59.6065574,1.0,1.1803279,12380.52,80,6011,Iran,1.0,0.0,False,0.846321841565887,-0.4655321779211198,1.378099214266216,5.105297415572359,26.06406170144981,0.49142027832606,52.03822990421279,254,-0.6298687022965238,1.3936504361634219e-11,-0.625029565128383,3.030238176667301e-14,True,-0.6072676423235697,-0.02260105997295514,-0.6385136049291994,0.008644902632674867,-0.6293074481323807,-0.0005612541641439872,0.03124596260562973,1.3026541644208784,3,-0.6562925646973031,1.0500184332280322
9453,31.0,52.01298700000001,52.012987,1.0,1.1688312,12393.06,80,6011,Iran,1.0,0.0,False,1.700223035328644,-0.0191521697903654,1.7562517123170551,8.745812986539848,76.48924479552905,0.7981152785528248,94.83733935556586,254,-0.7131271755631632,0.0008503935692939974,-0.5931819444036788,4.766334110641309e-06,True,-0.5474335575965723,-0.16569361796659088,-0.5479452738906176,-0.1651819016725442,-0.6841670017238455,-0.028960173839316816,0.13673344412727317,4.066252747695999,3,-0.6296926198825752,1.0615505509285188
9454,31.0,53.18181820000001,53.1818182,1.0,1.1688312,12393.06,80,6011,Iran,1.0,0.0,False,1.6357068703101765,0.098406079977034,1.599477524747165,9.931489259981214,98.63447892112222,0.6619853633548435,147.9979754556163,254,-1.1147066137175452,1.7035038364100377e-08,-0.8968012727133083,1.212583409869704e-18,True,-0.9481935206602103,-0.16651309305733575,-0.6522263457571853,-0.46248026796036035,-1.0899839517225303,-0.024722661995014827,0.43775760596534496,3.7703861327865846,3,-0.9175818733853234,1.023171912556661
9455,31.0,54.35064940000001,54.3506494,1.0,1.1688312,12393.06,80,6011,Iran,1.0,0.0,False,1.5757442975654388,0.1658470231187119,1.4980442682856034,11.087605522847866,122.93499623028652,0.5806860565797627,210.70647174546068,254,-1.410002837612025,2.0723221690879202e-18,-1.207553187434271,9.273004619424952e-30,True,-1.1828888023191864,-0.2271140352928389,-1.0493792293621982,-0.36062360824982753,-1.3903915306214296,-0.019611306990595878,0.34101230125923143,2.7037979482281322,3,-1.1953218227463405,0.9898709515943401
9456,31.0,55.51948049999999,55.5194805,1.0,1.1688312,12393.06,80,6011,Iran,1.0,0.0,False,1.3476721070041522,0.1017338168377047,1.3977470508092873,11.1242180491676,123.7482272054262,0.5055327229132844,243.787768618201,254,-1.4735205188178733,7.6536418411558855e-25,-1.3405736937841988,3.099174243687219e-45,True,-1.3536787091023539,-0.11984180971551917,-1.2058841557791946,-0.2676363630386773,-1.4621582164710465,-0.011362302346826336,0.2562740606918519,2.2514908139767336,3,-1.3282389022838685,0.9907988709926783
9457,31.0,56.68831169999999,56.6883117,1.0,1.1688312,12393.06,80,6011,Iran,1.0,0.0,False,1.1035377661850077,-0.0800640906339942,1.4024086960896578,9.663085583249469,93.37522298920372,0.5089103641233034,182.48068652533857,254,-1.2864861077192673,1.7216649599063416e-21,-1.2040497415159526,9.6059948060561e-42,True,-1.1642548050519133,-0.12223130266735471,-1.1722204552277649,-0.11426565249150267,-1.2756739642681794,-0.010812143451088108,0.1114191592162661,1.6908378028420252,3,-1.2327214214809714,1.0238127038912195
9458,31.0,57.85714289999999,57.8571429,1.0,1.1688312,12393.06,80,6011,Iran,1.0,0.0,False,0.9868819154576453,-0.3602201993623977,1.462672494203163,7.164582713006952,51.33124545151806,0.5535875218474204,91.72471547085549,254,-0.9333749768514974,2.118306262852788e-17,-0.9083424001277527,2.6297118311248486e-30,True,-0.8929902441541148,-0.04038473269738252,-0.9042843005209454,-0.029090676330551846,-0.9277526557081976,-0.005622321143299525,0.034762411554082884,1.2731435559526012,3,-0.9609824825952499,1.057951805905013
9459,31.0,59.02597399999999,59.025974,1.0,1.1688312,12393.06,80,6011,Iran,1.0,0.0,False,0.945291330913549,-0.6114878459068873,1.5229847982967395,4.763821441779974,22.69399472916263,0.6001823784267908,36.81183111148406,254,-0.5711264475417881,1.1413848139901179e-11,-0.5712161518690638,1.96126337695311e-21,True,-0.5675058362525218,-0.0036206112892664954,-0.5791832869785726,0.008056839436784147,-0.5669593323760981,-0.00416711516569046,0.012223954602474496,1.1003661858436076,3,-0.6036096419431185,1.056709688561958
9460,30.0,52.66881029999999,52.6688103,1.0,1.1575563,12401.62,80,6011,Iran,1.0,0.0,False,1.6375324021664377,0.5448947300746416,1.8408715259101809,12.816225072189702,164.25562510102395,0.8768777771252623,186.31872261550083,254,-1.562607755295093,1.4179648811245738e-10,-1.45284458012372,1.821424291782877e-20,True,-1.3963175304092237,-0.1662902248858682,-1.414869109526373,-0.14773864576872064,-1.5473471004355641,-0.015260654859527767,0.15102957002634043,4.057594007165324,3,-1.4067909208493983,0.9683010420354805
9461,30.0,53.8263666,53.8263666,1.0,1.1575563,12401.62,80,6011,Iran,1.0,0.0,False,1.544831455113117,0.7619026977678433,1.679740719438614,15.45684160538212,238.91395241387173,0.730090342884736,326.2388886420192,254,-2.0235984789788057,4.192124325998035e-18,-1.8697031570816716,6.873160484106613e-23,True,-1.8541412718024648,-0.1694572071763396,-1.7499045263889348,-0.2736939525898716,-2.005063673053616,-0.018534805925191633,0.2551591466646814,3.6198561141152346,3,-1.844138361618742,0.9863268159086641
9462,30.0,54.983922800000016,54.9839228,1.0,1.1575563,12401.62,80,6011,Iran,1.0,0.0,False,1.400867535550795,0.783148279012747,1.57034269826095,16.409321068077443,269.2658179152502,0.6380885951421325,420.98813764297415,254,-2.2064113253934763,7.736250836007398e-28,-2.1071104463308146,3.6092722188403254e-40,True,-2.055141560386759,-0.15126976500671763,-2.0694499642451785,-0.1369613611482985,-2.196739814360504,-0.00967151103297259,0.14159825397374481,2.1554064719037984,3,-2.0875498063591484,0.9907168416322325
9463,30.0,56.1414791,56.1414791,1.0,1.1575563,12401.62,80,6011,Iran,1.0,0.0,False,1.2174433567467118,0.6020412679547079,1.5248688266997223,15.161650493034475,229.8756456729326,0.6016682239327568,381.0637961738591,254,-2.055315498995148,3.23902950282197e-30,-1.9766750655698206,8.301640862671486e-58,True,-1.9705493578170767,-0.08476614117807202,-1.9061029015712103,-0.1492125974239391,-2.0533729373211744,-0.0019425616739762175,0.1472700357499641,2.9536147549544243,3,-1.990829268752368,1.0071606119938925
9464,30.0,57.29903540000001,57.2990354,1.0,1.1575563,12401.62,80,6011,Iran,1.0,0.0,False,1.1094224202919911,0.2368958472516205,1.564989591506082,11.996779037728448,143.9227072800807,0.6337456776067678,226.09852290208937,254,-1.6188419873163888,2.858656258886356e-27,-1.602842882294615,4.039011326499759e-43,True,-1.604276353653384,-0.014565633663005784,-1.5826532224653016,-0.03618876485108857,-1.6215990707651617,0.002757083448772124,0.03894584829986014,2.10517617429106,3,-1.6231953865127997,1.0126977537492934
9465,30.0,58.4565916,58.4565916,1.0,1.1575563,12401.62,80,6011,Iran,1.0,0.0,False,0.9749211103680242,-0.1846011597699686,1.5899853529702388,8.253511538857122,68.12045272204765,0.6541515134910636,103.13558834176456,254,-1.0887892694953512,7.455578505600795e-22,-1.15107907038753,5.442254985394029e-43,True,-1.1470066474831635,0.05821737798781279,-1.2173152032407462,0.12852593374539545,-1.088915360438681,0.00012609094332971527,0.12839984280206518,2.0621516953044425,3,-1.159519262657367,1.0073324174567742
9466,30.0,59.614147900000006,59.6141479,1.0,1.1575563,12401.62,80,6011,Iran,1.0,0.0,False,0.9966990885842024,-0.4353068305567528,1.6058364971394414,5.468866186927914,29.908497370523467,0.6672594787319817,43.82288873192137,254,-0.6744317256589099,3.5909748853264194e-14,-0.6858023209589892,4.135454279061311e-23,True,-0.6966026468405115,0.02217092118160202,-0.6895187101000647,0.015086984441155082,-0.671285605936391,-0.00314611972251877,0.02531704090412057,1.103948004639402,3,-0.7260777106222692,1.0587274035569916
9467,29.0,56.75159239999999,56.7515924,1.0,1.1464968,12406.28,80,6011,Iran,1.0,0.0,False,1.2341888686809197,0.7868990622963026,1.73504241246873,16.159992852397874,261.1453689895504,0.7789548652457339,334.25096336251505,254,-2.2070966265461336,5.722572261162872e-38,-2.186514506307592,2.954063913028123e-74,True,-2.2049975035746083,-0.00209912297152548,-2.149799586295717,-0.05729704025041715,-2.2047464290524466,-0.0023501974936890324,0.05519791727889123,2.2820899249586586,3,-2.214236876423917,1.0126787954236536
9468,29.0,57.898089200000015,57.8980892,1.0,1.1464968,12406.28,80,6011,Iran,1.0,0.0,False,1.1717709665881637,0.403172823421511,1.7083647849942023,12.68640787019557,160.9449446489601,0.7551849468893198,212.1199056759645,254,-1.7216387767113288,2.4386991963849677e-33,-1.7594049496843929,6.603772114974143e-58,True,-1.8334590295027784,0.11182025279144914,-1.7223070403591385,0.0006682636478099191,-1.7224487791912626,0.0008100024799342909,0.11115198914363988,2.2837555499682587,3,-1.7717397125920638,1.0070107583304706
9469,29.0,59.04458600000001,59.044586,1.0,1.1464968,12406.28,80,6011,Iran,1.0,0.0,False,1.1138445546518438,0.090132017971094,1.6345842846038132,9.377362043107416,87.9349188875117,0.6913639681970766,126.19048566679922,254,-1.2525739794499438,2.3204902850581917e-25,-1.3475023183583703,7.36999422466874e-58,True,-1.382178649389636,0.12960466993969222,-1.4070535204362469,0.15447954098630223,-1.253274785249227,0.0007008057992833883,0.1537787351870199,2.101558235516604,3,-1.359498618223756,1.008902619091595
9471,28.0,58.485804400000006,58.4858044,1.0,1.1356467,12407.1,80,6011,Iran,1.0,0.0,False,1.1188534335482876,0.4228592383784844,1.5647914960102003,11.684376746027786,136.52465994311487,0.6335852494231915,214.47954291455696,254,-1.5854546850227986,6.94111915747259e-33,-1.672080189491352,5.3053844375627065e-48,True,-1.7952191353083486,0.20976445028554996,-1.6335965366011718,0.04814185157837303,-1.587424896564536,0.0019702115417388755,0.20779423874381275,2.0308774570529136,3,-1.6701398490849326,0.9988395649810254
9472,28.0,59.6214511,59.6214511,1.0,1.1356467,12407.1,80,6011,Iran,1.0,0.0,False,1.1073350565553717,0.2789591132571884,1.54741483653125,9.611377932315683,92.3785857578049,0.6195917357664089,148.09589722583448,254,-1.2904378389321918,1.8416294434589753e-27,-1.336530863067225,1.805976579315767e-48,True,-1.404281986036056,0.11384414710386459,-1.313293885607071,0.022856046674880337,-1.2920167175585484,0.00157887862635675,0.11226526847750762,1.8037368985027709,3,-1.344335105195923,1.005839178386639
9474,27.0,59.0625,59.0625,1.0,1.125,12404.16,80,6011,Iran,1.0,0.0,False,1.1587252133383334,0.2740598264899032,1.5446446797486266,9.39444980922323,88.2556872180144,0.6173753553836118,141.95304541784944,254,-1.257336490338968,1.309379105180165e-31,-1.3284703374356102,9.984399509985508e-61,True,-1.382535615524466,0.12519912518549747,-1.3426817632850718,0.08534527294610328,-1.2601936334972912,0.0028571431583225837,0.12234198202717472,1.85418297109368,3,-1.328497612424835,1.0000205311239976
9476,27.0,57.9375,57.9375,1.0,1.125,12404.16,80,6012,Iran,1.0,0.0,False,1.197908724619647,0.3171336073136213,1.6631030830886826,10.516552407761209,110.59787454518803,0.7156990498860866,153.53125802359418,254,-1.4159007016109115,2.4045762610148643e-37,-1.4855806873346173,1.497121101497481e-71,True,-1.5241850037853348,0.10828430217442275,-1.5111745192992088,0.09527381768829724,-1.4213825389193095,0.005481837308397131,0.10280246486602529,2.1718936906625674,3,-1.490395829381613,1.003241252453029
9479,26.0,57.39938080000002,57.3993808,1.0,1.1145511,12397.52,80,6012,Iran,0.5260163547488206,0.0,False,1.2123667527167594,-0.0531665554991466,1.6584615165420316,7.123815987785398,50.74875422782685,0.7117097251673941,70.30541066569063,254,-0.9083452026304653,3.477833750072684e-32,-1.0083154108016,5.30356098570731e-56,True,-1.0083154108016,0.09997020817113533,,,,,,0.0,1,-1.0323569710789526,1.0238432934970616
9480,26.0,58.51393189999999,58.5139319,1.0,1.1145511,12397.52,80,6012,Iran,0.9335009489533984,0.0,False,1.244323924197017,-0.0267866141894403,1.6184029519237564,6.906420465306168,47.698643643599866,0.6777436030877517,69.37859660539507,254,-0.8862114944181947,8.853976128651295e-30,-1.0188686521690282,2.6707776219523187e-55,True,-1.0188686521690282,0.1326571577508343,,,,,,0.0,1,-1.0492730654938212,1.0298413473219206
9481,26.0,59.62848300000002,59.628483,1.0,1.1145511,12397.52,80,6012,Iran,1.0,0.0,False,1.1798834225943,0.0526377358551447,1.5822282823789766,6.613714813742743,43.74122363752021,0.6477842580302153,66.52436956484351,254,-0.8401154670397593,8.717106139888625e-26,-0.9516416807676902,2.5194900581836917e-69,True,-0.9561058507683371,0.11599038372857828,-1.0567449538278488,0.21662948678809002,-0.8420742377068837,0.0019587706671248817,0.2146707161209651,2.259842664430205,3,-0.9437574557716516,0.991715132748622
10029,24.0,34.4680851,34.4680851,1.0,1.0942249,12373.42,80,7003,Egypt,1.0,0.0,False,3.757980005228163,-0.2186076170043545,3.080987453055665,7.659347930954535,58.66561072741752,2.4562465785942456,22.884251377153227,254,0.5461565967526105,0.00623728530636389,0.5631108335546111,0.004886101480795948,False,0.5973371899814677,-0.05118059322885668,0.5461257973599518,3.079939265904436e-05,0.5458695133224141,0.00028708343019683,0.05146767665905361,0.34282855910978094,3,0.407773063414103,0.7241435240022899
10032,23.0,34.25981869999998,34.2598187,1.0,1.0876133,12393.41,80,7003,Egypt,1.0,0.0,False,3.767255421328446,-0.1703261817248501,2.853940099116902,8.072772584528412,65.16965720151353,2.1075690411186723,29.921718781237296,254,0.6391109489550968,0.004220554343918227,0.6521535151959841,0.0031403585840146723,False,0.6796679510328851,-0.04055700207778886,0.6384999985192312,0.000610950435865041,0.6382925960358341,0.0008183529192627003,0.04137535499705103,0.31839438795607206,3,0.47832225950621554,0.7334504044840898
10036,22.0,34.0540541,34.0540541,1.0,1.0810811,12409.39,80,7003,Egypt,1.0,0.0,False,2.7572597846243783,-0.1241764968247426,2.426133565055802,6.955988898785517,48.38578156002734,1.523075793440707,30.768466000448576,254,0.6103362566240854,0.00011731952814652271,0.5886438823987753,6.613014210903753e-05,False,0.562860684765192,0.04747557185889352,0.5947360786035928,0.01560017802049296,0.6083348838275409,0.0020013727965447654,0.04547419906234884,0.5144066888656774,3,0.4616366671504908,0.7842376026559233
10037,22.0,35.135135100000014,35.1351351,1.0,1.0810811,12409.39,80,7003,Egypt,1.0,0.0,False,2.3020537515846176,-0.0961627090071309,2.207558685993805,5.628029078335167,31.674711306586183,1.2610044490063386,24.118635649180774,254,0.4601393242637929,6.083883648832054e-06,0.45756188107200246,1.2676706758972967e-06,False,0.446481130324754,0.013658193939039194,0.4673412340667653,-0.007201909802972387,0.45886327882448785,0.0012760454393053577,0.020860103742011304,0.5652151074380832,3,0.3268718122508316,0.714377280478473
10042,21.0,34.82142859999999,34.8214286,1.0,1.0714286,12384.43,80,7003,Sudan,1.0,0.0,False,1.5771876370111086,-0.1131413144505738,1.9400298986331463,4.867165718886428,23.68930213510324,0.9738878540491652,23.324466145264523,254,0.46563699581752555,2.617244928547265e-10,0.4338191532600014,3.3981231593815746e-12,False,0.4110487064287968,0.05458828938872841,0.4284859298791801,0.037151065938345273,0.46192282347202707,0.003714172345497837,0.05087411704323025,0.8410713904271555,3,0.37383305991193216,0.8617255764359539
10049,20.0,34.6153846,34.6153846,1.0,1.0650888,12392.71,80,7003,Sudan,1.0,0.0,False,1.285998405251929,-0.162933817863942,1.7310866810399583,4.256205069610499,18.115281594578114,0.7754070284397063,22.362287070095487,254,0.4792005664323834,4.95986923615455e-19,0.4087223092042108,5.122006178108706e-21,False,0.2935405994248193,0.185659967007564,0.4556513107950745,0.02354925563730874,0.4769750173927386,0.002225549039644479,0.18343441796791932,1.4759654345267905,3,0.39097037278501534,0.9565672437754651
10057,19.0,34.41176469999999,34.4117647,1.0,1.0588235,12397.11,80,7003,Sudan,1.0,0.0,False,1.612973629305782,-0.0689396388109183,1.9758267431112573,3.0700588314285664,9.425261228432534,1.010159196717673,8.330471136686366,254,0.33572829389926584,5.034261836439857e-28,0.2359291425249962,8.320292583647584e-21,False,0.05239313153587549,0.28333516236339046,0.32669340753844717,0.009034886360818617,0.3287008885006656,0.00702740539860032,0.2763077569647901,2.0077169418216667,3,0.23267411861648257,0.9862033834664204
10058,19.0,35.47058820000001,35.4705882,1.0,1.0588235,12397.11,80,7003,Sudan,1.0,0.0,False,1.41981644249752,0.000276244710446,1.7519979906119982,2.222188881959868,4.938123427106048,0.7942538173676715,5.217311543395603,254,0.1777099095127057,1.0674792579095829e-11,0.07125001850183935,0.0018723262236889705,False,-0.09424545867360021,0.27195536818630606,0.13348139080606597,0.04422851870663973,0.1745141233730524,0.003195786139653406,0.2687595820466526,1.8869639489409624,3,0.06610971077830755,0.9278553489302027
10059,19.0,36.52941179999999,36.5294118,1.0,1.0588235,12397.11,80,7003,Sudan,1.0,0.0,False,1.6267931778795,0.0348836617248119,1.839897883637943,1.9081230301190293,3.6409334980706256,0.8759504560385689,3.156551860862679,254,0.048695142691841886,0.030149003665325497,0.04542117472035739,0.02536041101225042,False,-0.05081807357249135,0.0995132162643331,0.14209836854602503,-0.09340322585418316,0.04498322918753872,0.003711913504303145,0.19291644211851638,1.611688702465232,3,0.04070249106369922,0.8961126900457883
10066,18.0,34.2105263,34.2105263,1.0,1.0526316,12397.67,80,7003,Sudan,1.0,0.0,False,2.837466062734747,0.229317508785821,2.1990693656386564,2.514202753913221,6.3212154877848254,1.251324536750411,4.051619545638027,254,-0.012841955865765198,0.7556263017814056,-0.19573927331107766,0.0001020824054676843,True,-0.3453152637877604,0.3324733079219952,-0.22514762549949746,0.21230566963373226,-0.016754930645974997,0.003912974780209799,0.3285603331417854,2.6301002461199605,3,-0.165604548033414,0.8460466069587773
10067,18.0,35.26315790000001,35.2631579,1.0,1.0526316,12397.67,80,7003,Sudan,1.0,0.0,False,2.3519217835693365,0.2031436309948855,2.0016695711102206,2.017922482309625,4.07201114461064,1.0367567646206333,2.9276436706932483,254,-0.06615501565609905,0.009716641815378608,-0.1791401949086233,9.247662836430685e-11,True,-0.3234095127416534,0.25725449708555426,-0.14383992290485964,0.07768490724876059,-0.07017114907935701,0.004016133423257878,0.2532383636622964,1.9005596820578994,3,-0.16991370880359896,0.9484957236440955
10068,18.0,36.3157895,36.3157895,1.0,1.0526316,12397.67,80,7003,Sudan,1.0,0.0,False,2.2253379139722447,0.1557364415117156,2.1144162885789943,2.019630332834513,4.078906681305249,1.156839462154127,2.5259055510692905,254,-0.09636521593189126,6.405599541260337e-06,-0.17680403488989604,1.629637391142457e-12,True,-0.2681428142975073,0.171777598365616,-0.16153178256612766,0.06516656663423631,-0.1007375078060534,0.004372291874162104,0.1674053064914539,1.6711690079235373,3,-0.16942943405698943,0.9582894087371981
10075,17.0,34.01162790000001,34.0116279,1.0,1.0465116,12394.45,80,7003,Sudan,1.0,0.0,False,2.5011399504753444,0.470730546245542,2.560024588305767,3.5982993460744,12.947758183959452,1.695822435280764,6.6350907468775135,254,-0.24510542471628383,7.344259864771249e-05,-0.3669276380090081,4.4248412554949636e-08,True,-0.4798975618787136,0.23479213716242942,-0.37214389239729484,0.12703846768101074,-0.24874145975101647,0.0036360350347326154,0.2311561021276971,2.0141177563534556,3,-0.3108071540203026,0.8470529930827186
10076,17.0,35.05813950000001,35.0581395,1.0,1.0465116,12394.45,80,7003,Sudan,1.0,0.0,False,2.389921610945123,0.3694960018033253,2.0867250379764606,2.8943124087365546,8.377044319366398,1.1267370037621864,6.434782288497991,254,-0.2134749493019894,5.722937809976652e-08,-0.29136829795999186,9.44967149359515e-13,True,-0.3985605261573856,0.1850855768553964,-0.25880822524034475,0.045333275938355344,-0.21673614248224526,0.0032611931802559446,0.1818243836751403,1.6981738645016806,3,-0.270689422176405,0.9290283948927542
10077,17.0,36.104651200000006,36.1046512,1.0,1.0465116,12394.45,80,7003,Sudan,1.0,0.0,False,2.372608925887357,0.2483141386589291,2.112599700125637,2.399755716660948,5.7588274996469,1.154852532262965,3.986634517190104,254,-0.14894612225548975,2.0990507979793094e-09,-0.25279438792435616,1.591239221751242e-13,True,-0.30224858456240233,0.15330246230691258,-0.299776220896769,0.1508300986412794,-0.15635835831389727,0.007412236058407573,0.14589022624850506,2.040664347293203,3,-0.25207068554083706,0.9971371896763165
10085,16.0,34.85549129999998,34.8554913,1.0,1.0404624,12387.47,80,7003,Sudan,1.0,0.0,False,2.529753903742912,0.3286188877701765,2.048891864627424,3.15618537667916,9.961506131963372,1.0862509753705225,8.170538262177837,254,-0.06599159498511176,0.02329231983074074,-0.09418902645513949,0.006249975461994514,True,-0.16030884666329892,0.09431725167818716,-0.05543594406546537,-0.01055565091964672,-0.06682228863665474,0.0008306936515424246,0.10487290259783355,2.731216980051183,3,-0.08373553221306931,0.8890157947746813
10086,16.0,35.8959538,35.8959538,1.0,1.0404624,12387.47,80,7003,Sudan,1.0,0.0,False,1.7046299268958196,0.1754766173563742,2.4679329745513923,2.9790225245550643,8.87457520180643,1.5760094773357112,4.631041773180927,254,0.038590349095795506,0.06261462300416103,0.02746290778118554,0.3118200077011979,False,-0.008324256343768655,0.04691460543956416,0.05387160842618255,-0.015281259330387265,0.0368413712611424,0.0017489778346528317,0.062195864769951203,2.7790118146573835,3,0.014632292602222735,0.5328020149507663
10095,15.0,34.6551724,34.6551724,1.0,1.0344828,12376.79,80,7003,Sudan,1.0,0.0,False,1.593696603879545,0.0960378549116499,2.452549711287777,5.0426443493498665,25.42826203403014,1.556423363073871,15.337625505576057,254,0.3226007169828877,6.625064693618383e-18,0.3247275728376495,2.2718696755659387e-15,False,0.3209289719430308,0.001671745039857342,0.3295555418875946,-0.006954824904706669,0.32369820468232335,-0.0010974876994351845,0.008626569944563789,3.7190064404752716,3,0.3248389394489267,1.000342953973092
10096,15.0,35.689655200000004,35.6896552,1.0,1.0344828,12376.79,80,7003,Sudan,1.0,0.0,False,1.510035865537895,-0.0069541556688194,2.3216127417041297,5.34702889117411,28.59071796305064,1.3946706470982178,19.49997827267471,254,0.37560158062327176,4.012948083041636e-19,0.3886435610254786,1.3489503048196612e-18,False,0.43299418019722413,-0.05739259957395282,0.357594330808501,0.018007249814770532,0.3753421720707104,0.00025940855256134654,0.07539984938872313,4.263066215593184,3,0.39164460671519813,1.00772184590374
10097,15.0,36.72413790000002,36.7241379,1.0,1.0344828,12376.79,80,7003,Eritrea,1.0,0.0,False,1.5078616013306332,-0.1126986583459702,2.168237076340746,5.607839179709078,31.447860265480188,1.216481857586338,24.85148316792568,254,0.4614872541174453,1.066140617365593e-20,0.4563752270676226,9.316131362217934e-20,False,0.5060284323143394,-0.04454117819689429,0.41025514124700857,0.051232112870436275,0.45284210764152055,0.008645146475924292,0.09577329106733079,4.13806733358401,3,0.46987218081905524,1.029574247134656
10098,15.0,37.7586207,37.7586207,1.0,1.0344828,12376.79,80,7003,Eritrea,1.0,0.0,False,1.5042326193425242,-0.1940316691424003,2.0938279575096224,5.770262776435049,33.29593250911193,1.1344205680843384,28.350607213811152,254,0.5450582064830387,6.324586574765817e-23,0.5895399574484977,1.531029283197459e-23,False,0.6580049565817829,-0.11294675009874577,0.5542615738820613,-0.009203367399023499,0.5563533418816482,-0.011295135398610157,0.10374338269972161,4.11631651851217,3,0.5821138050399595,0.9874034790776891
10099,15.0,38.79310340000001,38.7931034,1.0,1.0344828,12376.79,80,7003,Eritrea,1.0,0.0,False,1.4186441678216752,-0.22374515422419,1.9213406099280812,5.7287382253090655,32.81844165411726,0.955214327151496,33.35714972155384,254,0.5946845464745074,6.666190820162059e-22,0.6678503371640754,2.1813226787682356e-27,False,0.6577531908646115,-0.06306864439010385,0.7099462830370564,-0.11526173656254812,0.6358515375905586,-0.041166991116051044,0.07409474544649786,3.286931267467002,3,0.6680915177087764,1.0003611296293196
10109,14.0,34.555873899999995,34.5558739,1.0,1.0315186,12397.86,80,7003,Sudan,1.0,0.0,False,1.3170188796027855,-0.1435275057715354,2.257628965103316,7.92195591936978,62.75738558843789,1.3188555769098047,46.58472928133951,254,0.6970571391526281,3.1927480412971555e-17,0.7397764334549879,2.275184148330419e-14,False,0.876430802210036,-0.1793736630574072,0.6475516889755204,0.049505450177107946,0.6953468091794077,0.0017103299732195154,0.2288791132345156,4.6754504843619635,3,0.7318443919760503,0.9892777856657416
10110,14.0,35.58739259999999,35.5873926,1.0,1.0315186,12397.86,80,7003,Sudan,1.0,0.0,False,1.352308779900506,-0.2047808766187004,2.2253836707769588,8.358909547701668,69.87136882665811,1.2814506843403146,53.52521090394329,254,0.7150517309239675,4.492562261283e-17,0.7119232215797564,2.417698392645665e-18,False,0.7785047519494293,-0.06345302102546224,0.6567261389626875,0.058325591961279066,0.7005387738271525,0.014512957096813661,0.12177861298674175,4.5746108274538475,3,0.7158081919714481,1.0054570075450986
10111,14.0,36.618911200000014,36.6189112,1.0,1.0315186,12397.86,80,7003,Ethiopia,1.0,0.0,False,1.3560603179153927,-0.2866747392457339,2.1515326703801523,8.587703720386587,73.74865518914163,1.197810162876123,60.56956876376802,254,0.7661981048017337,3.781907644193162e-18,0.7621218213556091,2.8363291888935848e-18,False,0.7690596936647991,-0.002861588863066089,0.7478210055774968,0.018377099224236915,0.769484764824532,-0.0032866600227983156,0.02166375924703523,5.141580664739778,3,0.7677762115949418,1.0074192735083678
10112,14.0,37.65042979999998,37.6504298,1.0,1.0315186,12397.86,80,7003,Ethiopia,1.0,0.0,False,1.3081321431962991,-0.3547330836852209,2.118390084278678,8.523440533156537,72.6490385222558,1.1611918344898178,61.56420030216191,254,0.8281551066318613,1.3813571021226228e-20,0.9431433444217827,5.191884184636372e-19,False,0.9577199645204479,-0.1295648578885853,1.0047456743355265,-0.17659056770366455,0.8669643944093757,-0.038809287777513024,0.13778127992615086,5.340865416316593,3,1.0096436526386583,1.0705092270546057
10113,14.0,38.68194840000001,38.6819484,1.0,1.0315186,12397.86,80,7003,Ethiopia,1.0,0.0,False,1.3338258944920596,-0.3807631800898496,2.020429439743479,8.174539608271566,66.82309780720064,1.0562810278177988,62.26261292911072,254,0.8700728379731713,2.9906496387859004e-21,1.040609477205881,7.695218917565346e-28,False,1.0711731175422043,-0.2011002795690331,1.1190794059235591,-0.24900656795038767,0.9315759081518804,-0.061503070178708485,0.18750349777167874,4.607592856849274,3,1.0621052085415243,1.0206568667751914
10123,13.0,34.358974399999994,34.3589744,1.0,1.025641,12379.64,80,7003,Sudan,1.0,0.0,False,1.2974934658954396,-0.2605790467156718,2.1704483237230043,10.116057810630238,102.33462562801304,1.2189643480881802,82.95210720355712,254,0.9132479826749895,2.501185305942537e-13,0.9834063858180553,7.970820012052973e-14,False,1.160563608315056,-0.24731562564006548,0.8703770417071206,0.042870940967869586,0.9192785074319891,-0.006030524756998501,0.2901865666079353,5.541395931325495,3,0.9707187710557654,0.9870982993955896
10124,13.0,35.3846154,35.3846154,1.0,1.025641,12379.64,80,7003,Sudan,1.0,0.0,False,1.3746756201980932,-0.2875890913387468,2.2505682330217267,10.761982969092116,115.82027742702876,1.3106190382602267,87.37066610963753,254,0.9061982084363027,1.3897763421415376e-13,0.9046247082538437,1.5404075910386633e-17,False,0.9557342906128421,-0.04953608217653915,0.8498079032182269,0.05639030521807431,0.9083319309304603,-0.002133722494158441,0.10592638739461524,5.096154630631329,3,0.918790706392723,1.015659530421431
10125,13.0,36.41025640000001,36.4102564,1.0,1.025641,12379.64,80,7003,Ethiopia,1.0,0.0,False,1.457834395452488,-0.3332557087882842,2.288831863851424,11.043113423167116,121.95035407693376,1.3555635579626022,88.96284487038281,254,0.9228933489600841,7.627145816324504e-15,0.9399654329876279,1.2082993919060669e-12,False,0.8828212103779436,0.04007213858214165,0.9861574455033645,-0.06326409654327847,0.9509176430815733,-0.028024294121489213,0.1033362351254209,5.628778563598849,3,0.9071799295261974,0.9651205221906687
10126,13.0,37.43589739999999,37.4358974,1.0,1.025641,12379.64,80,7003,Ethiopia,1.0,0.0,False,1.3949948798794,-0.3877888058750506,2.267741718257793,10.818276597794794,117.0351085463945,1.3306973209330084,86.95020979251406,254,0.9647235611799267,6.278719743406236e-17,1.1256314763397808,8.641516246781746e-16,False,1.1330453843515484,-0.16832182317162214,1.238095633677832,-0.2733720724979065,1.0057534109899615,-0.04102984981003521,0.23234222268787041,6.032500260288216,3,1.1802528623338415,1.048525105367232
10127,13.0,38.46153850000002,38.4615385,1.0,1.025641,12379.64,80,7003,Ethiopia,1.0,0.0,False,1.3550909738031045,-0.4234547474345091,2.2199476565918403,10.155519841122814,103.13458324343914,1.2751978514688194,79.87731886047719,254,1.010027581995275,7.662601035957057e-19,1.0824184438556164,1.675386663295377e-29,False,1.1148427409505233,-0.1048151589552484,1.1129871171375303,-0.10295953514225431,1.0194254734787966,-0.009397891483521104,0.09541726747172663,4.697378691784976,3,1.0826917880363447,1.0002525309710677
10128,13.0,39.4871795,39.4871795,1.0,1.025641,12379.64,80,7003,Ethiopia,1.0,0.0,False,1.4096048793770013,-0.4009792215425941,2.118884066540344,9.084173447648956,82.52220722697032,1.161733448663749,70.03368446685353,254,1.0054046447729217,2.0515046816744745e-20,1.0817828271860792,3.748452753039126e-28,False,1.1015452864772122,-0.09614064170428982,1.1225274000708625,-0.1171227552979408,1.0212757950101627,-0.015871150237241283,0.10125160506069975,3.8554217099803494,3,1.0852127217857157,1.0031705944237979
10139,12.0,34.26136360000001,34.2613636,1.0,1.0227273,12392.95,80,7003,Sudan,1.0,0.0,False,1.5699582777147274,-0.2344031501716623,2.276343232314108,11.665015910229611,136.07259618591002,1.3408110996787694,100.48528470454204,254,0.9449606432092192,1.7663541241448564e-09,1.0141462090069657,1.657472913527717e-10,False,1.1718646210442425,-0.2269039778350237,0.9153174511886087,0.029643192020611053,0.9552565547880505,-0.010295911578832584,0.25654716985563375,6.027066564491938,3,0.9664352345697773,0.9529545404662054
10140,12.0,35.284090899999995,35.2840909,1.0,1.0227273,12392.95,80,7003,Sudan,1.0,0.0,False,1.5819706008031915,-0.2425398469678875,2.2956069522653406,12.472260610759694,155.55728474270776,1.363600544695816,113.07833866582136,254,0.9254063448062144,5.621014828449867e-10,0.9031017839424891,2.131917056930737e-14,False,0.9489763024013125,-0.0235699575950985,0.8395364953316486,0.08586984947456422,0.9207925540945077,0.004613790711707644,0.10943980706966383,5.3799539939492105,3,0.880264333495162,0.9747122075790502
10141,12.0,36.30681820000001,36.3068182,1.0,1.0227273,12392.95,80,7003,Ethiopia,1.0,0.0,False,1.7029369386609086,-0.248867870561177,2.3873809986070342,12.755203083621872,162.69520570443692,1.4748082870096475,109.31617271036708,254,0.9143273374218701,9.769680198576966e-11,0.9131378648542023,2.0630923610799173e-11,False,0.8882856679692435,0.026041669452625982,0.9253471415387224,-0.011019804116854104,0.9257807850546422,-0.011453447632772118,0.037495117085398766,5.343837896263445,3,0.9667671059687994,1.0587307165530364
10142,12.0,37.3295455,37.3295455,1.0,1.0227273,12392.95,80,7003,Ethiopia,1.0,0.0,False,1.5954455927146858,-0.268701231713845,2.399395285321459,12.280913426719078,150.82083459456894,1.489689325018133,100.24314651495077,254,0.9256879884475264,1.3451353032309004e-12,0.9865059573227777,1.5608874787805227e-09,False,1.006371985061785,-0.08068399661425829,0.9933907720325386,-0.0677027835850108,0.9597551148740102,-0.03406712642648335,0.04661687018777472,6.208513790679087,3,1.1223788189533752,1.1377314152256466
10143,12.0,38.352272700000015,38.3522727,1.0,1.0227273,12392.95,80,7003,Ethiopia,1.0,0.0,False,1.4774942550335362,-0.3055104823488578,2.345867633032084,11.221312324447734,125.9178502828026,1.42396432736652,87.42767186146797,254,0.9698697081303056,7.0939868132688366e-15,1.0566593692976283,1.6733868488840838e-19,False,1.0669786737157239,-0.09710896558541826,1.1255428051406902,-0.1556730970103839,0.9774566290364737,-0.007586920906168082,0.14808617610421648,5.205126851673301,3,1.0402627358694871,0.9844825741345197
10144,12.0,39.375,39.375,1.0,1.0227273,12392.95,80,7003,Ethiopia,1.0,0.0,False,1.4458428198200364,-0.3269140293676744,2.2207571057603417,9.85538322162442,97.12857844507614,1.276127959908131,75.11194292151428,254,1.0036865462891678,2.1922333807240024e-17,1.1114426610307535,4.770748118452281e-25,False,1.100786323086509,-0.09709977679734028,1.2043598167204168,-0.20067327043124816,1.0291818432853344,-0.02549529699616504,0.17517797343508246,4.567971004926236,3,1.0910435765865945,0.9816463006510467
11066,14.0,39.71346700000001,39.713467,1.0,1.0315186,12397.86,80,7010,Ethiopia,1.0,0.0,False,1.3681994625616656,-0.3209364018297991,1.9337497430688075,7.3550031307031585,54.09607105265327,0.9675928296540776,54.90788748609584,254,0.8360297259038463,3.0247243023450096e-21,1.0134363508043214,2.0748841658621563e-21,False,0.9212189336642198,-0.08518920776037353,1.266891319765712,-0.4308615938618656,0.8521987989830313,-0.01616907307918458,0.4146925207826806,4.722733947228373,3,1.0100177367887049,0.996626710683011
11067,14.0,40.7449857,40.7449857,1.0,1.0315186,12397.86,80,7010,Ethiopia,1.0,0.0,False,1.3952458657039613,-0.1802954876991719,1.841163252842004,6.030649348692831,36.36873156688926,0.8771557206201761,40.46211523442548,254,0.6991033178099064,6.675959091876215e-20,0.7132426227541788,5.445157091114937e-22,False,0.6996117270177935,-0.000508409207887528,0.7369176235585998,-0.03781430574869393,0.7031985176861448,-0.004095199876237743,0.037305896540806294,2.6953323281360437,3,0.7532552109781432,1.0560995472612897
11068,13.0,40.5128205,40.5128205,1.0,1.025641,12379.64,80,7010,Ethiopia,1.0,0.0,False,1.50068546746548,-0.3018875009072889,1.9945028022894968,7.633012014412523,58.26287241216592,1.029346056437858,55.6018318599186,254,0.9092586009486125,2.772303014478133e-21,0.9430626899394681,1.2174201058820277e-21,False,0.957592556837729,-0.048333955889116265,0.9544687608238578,-0.0452101598752459,0.9171267521568156,-0.0078681512082025,0.04046580468091343,2.315586461056498,3,0.9666742885297148,1.0250371463553098
11069,13.0,41.53846149999998,41.5384615,1.0,1.025641,12379.64,80,7010,Ethiopia,1.0,0.0,False,1.4533268010874578,-0.133470704874672,1.8306972497309288,5.834890470693481,34.04594680498959,0.8672117659374309,38.25909234889924,254,0.7054596945160734,4.68273905604187e-20,0.7147746808171409,1.0782838086970252e-21,False,0.7147870111829363,-0.009327316666862595,0.7212095410868942,-0.015749846570821013,0.7083274901815935,-0.00286779566552009,0.012882050905300702,1.7791825719979157,3,0.746499613591972,1.0443845223204642
11070,12.0,40.39772729999999,40.3977273,1.0,1.0227273,12392.95,80,7010,Ethiopia,1.0,0.0,False,1.4427509288700164,-0.3031805278178688,2.0540816996887905,8.394330263184322,70.46478056741218,1.0917608837568218,63.54232022394701,254,0.9770826474751226,1.0483011788884125e-19,1.0713881526126432,2.84102385898802e-20,False,1.0566018290064898,-0.07951918153136583,1.1638918745052929,-0.18680922703016822,0.9936707543261485,-0.01658810685102463,0.17022112017914437,3.0198701245009163,3,1.080478299828619,1.0084844574711873
11071,12.0,41.420454500000005,41.4204545,1.0,1.0227273,12392.95,80,7010,Ethiopia,1.0,0.0,False,1.4305849462570868,-0.2071367832914214,1.8713186228613337,6.821249197508827,46.52944061451482,0.9061238937421746,50.34997646111531,254,0.8485083432438296,4.743186573518783e-21,0.9458486497042282,1.365985479306313e-25,False,0.8546183343074207,-0.006109991063591558,1.130017252325329,-0.2815089090815003,0.8529103624799343,-0.004402019236105004,0.27710688984539456,2.568103707918002,3,0.9658781801077031,1.0211762531032191
11855,23.0,35.347432,35.347432,1.0,1.0876133,12393.41,80,7019,Egypt,0.8279956797057079,0.0,False,3.056091563921302,-0.1802333678148559,2.7759273670886744,6.473533748598547,41.90663919424436,1.9939226205096512,20.01718429952559,254,0.5068641682857036,7.677095442210961e-05,0.5134263469103065,4.282250885063176e-05,False,0.5292479832775506,-0.022383814991847537,0.505739269126673,0.0011248991590305304,0.5052917883266965,0.0015723799590070947,0.023956194950854104,0.2942624327135556,3,0.3465474066142379,0.6749700491602904
11856,22.0,36.21621619999999,36.2162162,1.0,1.0810811,12409.39,80,7019,Egypt,0.9243196710960296,0.0,False,1.9604802530404444,-0.1021554017794437,2.0319734809276544,4.3665209373951805,19.066505096710483,1.0683859664067068,16.846083434469563,254,0.32392913812207835,2.4976290255148116e-07,0.29585057631999123,5.419894465931547e-07,False,0.23821070323025278,0.08571843489182551,0.3260151450703077,-0.0020860069482297803,0.32332588065941337,0.0006032574626648017,0.08780444184005493,0.7228950345957438,3,0.187772842676718,0.6346881084781913
11857,21.0,35.892857100000015,35.8928571,1.0,1.0714286,12384.43,80,7019,Sudan,1.0,0.0,False,1.4501178160058,-0.0665923700702157,1.7387550873709583,3.814897160489591,14.553440345111548,0.7822920751499188,17.603589129191317,254,0.30861220263956307,5.569286164693325e-09,0.28284796986092803,2.060021218958586e-09,False,0.2607866789852577,0.04782552365430574,0.28103956433199456,0.02757263830756867,0.3067176662655323,0.0018945363740308025,0.045930987280274616,0.6511945336016806,3,0.2296592175967712,0.8119528583135707
11858,21.0,36.964285700000005,36.9642857,1.0,1.0714286,12384.43,80,7019,Sudan,0.6690185937063695,0.0,False,1.2368595546211962,-0.0839441268051992,1.4702388733786294,2.952552334625357,8.717565288701646,0.5593297328047946,14.585735528463433,254,0.1913032604264525,1.5288627394325403e-06,0.17757809255104762,9.495827890808597e-07,False,0.1518902293398592,0.03941303108659306,0.19051666339778967,0.0007865970286626261,0.1903273849154941,0.0009758755109582629,0.03862643405793045,0.6022426554049398,3,0.16869328739062875,0.9499667721801619
11859,20.0,35.68047339999998,35.6804734,1.0,1.0650888,12392.71,80,7019,Sudan,1.0,0.0,False,1.1497527839243469,-0.0730365570333293,1.5408909516174367,3.131111407990012,9.803858649245193,0.6143783640688194,14.957363121184091,254,0.29201645475805343,3.009947529843478e-12,0.2463905980612984,4.1603205045869316e-11,False,0.1660643014026848,0.1259521533553688,0.28355609729533543,0.008460357462718338,0.2895513954858757,0.0024650592721779906,0.12348709408319092,0.9423024284099789,3,0.22490485326484963,0.9127980330194928
11860,20.0,36.7455621,36.7455621,1.0,1.0650888,12392.71,80,7019,Sudan,0.9470536868650494,0.0,False,1.1949568082854671,-0.0339722374682976,1.4964519057616146,2.42540169053744,5.882573360461869,0.579452219510862,9.151955868643624,254,0.14925278224855115,4.736306192240047e-06,0.1667904758036795,5.534491822113765e-09,False,0.12423828089123692,0.02501450135731422,0.22958679576341373,-0.08033401351486258,0.14654635075638794,0.0027064314921630894,0.10534851487217681,1.1253700566769285,3,0.1566770614134953,0.9393645569901234
11861,18.0,37.368421100000006,37.3684211,1.0,1.0526316,12397.67,80,7019,Sudan,1.0,0.0,False,2.255950507675035,0.1369020334449505,2.002618284324562,2.057306629847832,4.232510569215843,1.0377397619617097,3.078585715184356,254,-0.11762638485180671,6.399032430955815e-09,-0.21133068753809736,1.6702803439353786e-17,True,-0.316862812486734,0.1992364276349271,-0.19394846195741144,0.07632207710560468,-0.12318078817014677,0.005554403318339951,0.1936820243165872,1.6745439711887662,3,-0.21482981821784355,1.0165576079863716
11862,17.0,37.15116280000001,37.1511628,1.0,1.0465116,12394.45,80,7019,Eritrea,1.0,0.0,False,1.9558965686800056,0.1587332216397329,2.1364760392963924,2.0793629761557466,4.323750386607284,1.1811040438363891,2.6607701151908225,254,-0.06642154271219697,0.0004108480873774358,-0.16738041237617113,1.1573974004214484e-14,True,-0.20176296993430742,0.1353414272221104,-0.22487308899518332,0.15845154628298608,-0.07550517819902189,0.009083635486824893,0.14936791079616143,1.629467068561667,3,-0.17124253531772576,1.0230739241630908
11863,17.0,38.19767439999998,38.1976744,1.0,1.0465116,12394.45,80,7019,Eritrea,1.0,0.0,False,1.9258852389174863,0.0842619712062764,1.9993404187850423,2.08183764996382,4.334048000806879,1.0343454180646885,3.1901360272046237,254,-0.0018307511833157708,0.9258771797544686,-0.09833025803413203,2.825703209439838e-05,True,-0.19172047888511057,0.18988972770179469,-0.09905381740590596,0.09722306622259025,-0.004216477811379626,0.0023857266280637723,0.18750400107373094,1.7451397903913497,3,-0.09806849955002979,0.997337966061155
11864,16.0,36.9364162,36.9364162,1.0,1.0404624,12387.47,80,7019,Eritrea,1.0,0.0,False,1.6599779005614357,0.0647156371052523,2.219753422005119,3.053189897155606,9.32196854809306,1.2749747140527563,6.311492883228531,254,0.14462708624720966,2.603013542665695e-09,0.14945549980669864,3.268473771959514e-09,False,0.13514296335250103,0.009484122894708236,0.16881438056571985,-0.024187294318509966,0.14440915550187516,0.00021793074533404955,0.03367141721321881,2.5762559958862457,3,0.15240124280624426,1.0197098333842218
11865,16.0,37.97687859999999,37.9768786,1.0,1.0404624,12387.47,80,7019,Eritrea,1.0,0.0,False,1.6514610354998116,-0.0194538759647448,2.0632872170053247,3.285685162456735,10.795726986788342,1.1015684236698309,8.800323570298804,254,0.23606845738384208,3.989726282370734e-15,0.24358474289610071,3.8870898391734004e-19,False,0.22492792404393191,0.011140533339910164,0.270881315100189,-0.0348128577163469,0.23494498954418097,0.0011234678396611075,0.045953391056257065,2.4567148125957297,3,0.2548739859464359,1.0463462650251067
11866,16.0,39.01734099999999,39.017341,1.0,1.0404624,12387.47,80,7019,Eritrea,0.7828078629480508,0.0,False,1.6122081376742408,-0.0527085028616163,1.875114749469752,3.4668127764221848,12.018790826764096,0.9098039190496826,12.210308919440669,254,0.2901060650884759,3.987106946477438e-16,0.21812916609776234,1.1043808827151176e-09,False,0.09494593004072616,0.19516013504774976,0.2816381568918291,0.008467908196646778,0.27780341136073106,0.012302653727745305,0.18669222685110293,2.6675782654376823,3,0.21731227302192296,0.9962550029853722
11867,15.0,39.82758619999999,39.8275862,1.0,1.0344828,12376.79,80,7019,Eritrea,0.7978745342705081,0.0,False,1.297429965323934,-0.1711009666715707,1.7839498406601026,5.304362114423857,28.13625744093513,0.8234882023361301,33.16716518963622,254,0.5706073516638663,2.0321900765152024e-19,0.5984220568320199,6.62255850078754e-25,False,0.45983011034079335,0.11077724132307298,0.7553593402591224,-0.1847519885952562,0.5800767198961432,-0.00946936823227662,0.2955292299183291,3.7947230823012394,3,0.6106418419109132,1.0204200111599888
11868,13.0,42.56410260000001,42.5641026,1.0,1.025641,12379.64,80,7019,Eritrea,0.6583977707781398,0.0,False,1.286369202940003,0.0426017645709947,1.7390890754392685,4.002824492819231,16.022603920313532,0.7825926365279989,19.47374735264365,254,0.43125872558736167,1.4407490227366304e-15,0.48422882380363785,3.756852683403159e-15,False,0.42772714536203277,0.0035315802253286233,0.5883315396783495,-0.1570728140909879,0.4366277863705308,-0.005369060783169427,0.16060439431631673,1.6684684210327927,3,0.5565095633366907,1.1492697996895034
11869,12.0,42.44318179999999,42.4431818,1.0,1.0227273,12392.95,80,7019,Djibouti,0.9487002801226184,0.0,False,1.3462234565866145,-0.0596633086442107,1.7510110642940746,5.104978868957083,26.06080925249834,0.7933592396148391,31.848686888868112,254,0.625500075001666,1.3311602741224181e-20,0.6794224647901616,1.4786591679460788e-20,False,0.6769270554742843,-0.05142698047261801,0.7316238172127283,-0.10612374221106263,0.6297165216834717,-0.004216446681805583,0.10190729552925659,1.3476693288754713,3,0.6681815748324128,0.9834552277260652
11870,12.0,43.465909100000005,43.4659091,1.0,1.0227273,12392.95,80,7019,(offshore/unassigned),0.2698454856579103,0.0,False,1.2073353581109096,0.1027688199820855,1.6667299604228094,3.5752166104811685,12.782173811860456,0.7188240312336283,16.782062447083188,254,0.36386727355048765,5.3698722300950674e-15,0.37726442174652197,2.748554116772336e-16,False,0.37726442174652197,-0.013397148196034298,,,,,,0.0,1,0.39188018419936443,1.0387414280551017
11871,12.0,50.625,50.625,1.0,1.0227273,12392.95,80,7019,(offshore/unassigned),0.3123060852570293,0.0,False,1.8967872837850503,0.1253256517937224,2.685361644730312,3.217263941658045,10.35078727029306,1.8659399644897152,4.547224169735666,254,0.015032175083988353,0.5949526547389111,-0.17831147472738262,0.0006932657031738899,True,-0.2723838138417496,0.2874159889257376,-0.28346153013206754,0.2984937052160557,0.02091091979166837,-0.005878744707680052,0.3043724499237359,2.9546215844483985,3,-0.1684924366956153,0.9449332240295838
