HYBAS_ID,NEXT_DOWN,NEXT_SINK,MAIN_BAS,DIST_SINK,DIST_MAIN,SUB_AREA,UP_AREA,PFAF_ID,ENDO,COAST,ORDER,SORT,basin_idx,n_mascons,grid_cells,tws_trend_mm_yr,tws_p,gws_trend_mm_yr,gws_p,gws_coverage,ice_fraction,gws_model_spread_mm_yr,first_year,last_year,n_months_first_year,n_months_last_year,tws_first_year_mm,tws_last_year_mm,tws_endpoint_change_mm,gws_first_year_mm,gws_last_year_mm,gws_endpoint_change_mm,span_years,tws_trend_implied_change_mm,gws_trend_implied_change_mm
1040000010,0,1040000010,1040000010,0.0,0.0,236343.2,236343.2,1110,0,1,0,1,0,29.0,29.0,6.432038346724667,3.5492487133778714e-14,6.336760457689168,6.545173995584943e-10,1.0,0.0,1.6234669905328456,2018.0,2026.0,5.0,3.0,-18.619312607274214,17.420019382475957,36.03933198975017,-14.635771405276916,19.770391724256854,34.406163129533766,7.75,49.836190338756495,49.09796603767378
1040003990,0,1040003990,1040003990,0.0,0.0,111056.1,111056.1,1121,0,1,0,2,1,23.0,23.0,4.99673931428088,0.002755599296369009,5.689693798710271,5.9189107091526834e-05,0.9540122499689951,0.0,2.138499980580405,2018.0,2026.0,5.0,3.0,-18.871956483446166,10.088118262485759,28.960074745931927,-16.90537732238424,15.217887593514059,32.1232649158983,7.75,38.715324461094845,44.08441738631093
1040006850,0,1040006850,1040006850,0.0,0.0,28620.5,28620.5,1122,0,0,1,3,2,7.0,7.0,0.7427527141229753,0.6660551503125199,1.854734411618045,0.2778435464149537,0.9957805063806789,0.0,2.6317956107566967,2018.0,2026.0,5.0,3.0,0.9305978880202715,-14.936829365966142,-15.867427253986413,-0.3962490174599168,-8.472157347611931,-8.075908330152014,7.75,5.754935471507242,14.37070057461757
1040006860,0,1040006860,1040006860,0.0,0.0,7037.8,7037.8,1123,0,1,0,4,3,4.0,4.0,0.8733324851940463,0.6855307279631754,4.180140183289025,0.035087232713901684,0.7414604953319094,0.0,4.4714630407760385,2018.0,2026.0,5.0,3.0,-1.4469140636887747,-18.60365782322533,-17.156743759536553,-7.825190233550299,-3.1991303321918227,4.6260599013584764,7.75,6.766682910606848,32.388218257927285
1040007000,0,1040007000,1040007000,0.0,0.0,26077.6,26077.6,1124,0,0,1,5,4,10.0,10.0,0.8443883396255618,0.6096571760073596,1.1740860080362818,0.4838363644505246,0.8649047632644522,0.0,1.413980401775907,2018.0,2026.0,5.0,3.0,5.1080037457231215,-11.82759755878262,-16.93560130450574,7.6745024748881265,-8.64163681725766,-16.316139292145788,7.75,6.542420263217906,9.096956612574067
1040007010,0,1040007010,1040007010,0.0,0.0,708.7,708.7,1125,0,1,0,6,5,2.0,2.0,1.045442913022395,0.6207321411957423,,,0.0,0.0,,2018.0,2026.0,5.0,3.0,5.596661278462706,-13.539471931633216,-19.13613321009592,,,,7.75,8.100214767565717,
1040007060,0,1040007060,1040007060,0.0,0.0,6517.1,6517.1,1126,0,0,1,7,6,2.0,2.0,1.328449546384462,0.48452122538377096,0.9455137361306178,0.6176600717470675,0.5999334330383277,0.0,3.2135393739331555,2018.0,2026.0,5.0,3.0,7.071451909608454,-10.688551437213816,-17.76000334682227,17.373291359123442,-9.324802881210394,-26.698094240333837,7.75,10.292983480542171,7.3259517405876755
1040007070,0,1040007070,1040007070,0.0,0.0,7799.8,7799.8,1127,0,1,0,8,7,4.0,4.0,1.3008984470695797,0.5228679519924236,,,0.163891933332002,0.0,3.0077550917717315,2018.0,2026.0,5.0,3.0,7.554261104815706,-10.578239436437485,-18.13250054125319,,,,7.75,10.079514319526107,
1040007260,0,1040007260,1040007260,0.0,0.0,64696.3,64696.7,1128,0,0,1,9,8,14.0,14.0,1.9165622887554647,0.2620309856709697,2.3005204129183916,0.167496377696253,0.9886712151719346,0.0,2.101271079484277,2018.0,2026.0,5.0,3.0,2.1953560846749065,-5.508725349920233,-7.70408143459514,2.070138052915355,-0.6567449680159733,-2.726883020931328,7.75,14.849750245524888,17.824702994001502
1040007270,0,1040007270,1040007270,0.0,0.0,30966.0,30966.0,1129,0,1,0,10,9,14.0,14.0,5.249995765018132,0.07524566776240134,1.902192021467438,0.2058596299574951,0.658632671555342,0.0,3.5288554108951584,2018.0,2026.0,5.0,3.0,3.1538673210521235,4.401922721032339,1.248055399980215,6.281276423131351,-0.507432244568991,-6.788708667700343,7.75,40.677585256677105,14.73840772280041
1040008100,0,1040008100,1040008100,0.0,0.0,1426.2,745374.3,1141,0,0,1,11,10,1.0,1.0,9.395095094962073,0.0653489350304536,,,0.0,0.0,,2018.0,2026.0,5.0,3.0,5.233779424801469,48.337356336414814,43.103576911613345,,,,7.75,72.79430285761168,
1041144990,1040008100,1040008100,1040008100,29.6,29.6,619.5,513314.0,1143,0,0,1,12,11,1.0,1.0,9.395095094962073,0.0653489350304536,,,0.0,0.0,,2018.0,2026.0,5.0,3.0,5.233779424801469,48.337356336414814,43.103576911613345,,,,7.75,72.79430285761168,
1041145090,1040008100,1040008100,1040008100,29.6,29.6,230636.1,230636.1,1142,0,0,2,13,12,29.0,29.0,11.104961793922467,0.19874995257829717,10.92036109629452,0.045624327884024915,0.9796764752944829,0.0,4.252071262304446,2018.0,2026.0,5.0,3.0,-21.771880127200724,22.021525843775724,43.79340597097645,-37.749013023817305,36.51311571808852,74.26212874190583,7.75,86.04255133963198,84.61224340181656
1041139500,1041144990,1040008100,1040008100,74.1,74.1,23961.1,298252.8,1145,0,0,1,14,13,7.0,7.0,9.616821244854385,0.06072961478041685,10.181119393025226,0.00010500493086590858,0.5729562773120144,0.0,3.519901830187821,2018.0,2026.0,5.0,3.0,-2.770272820023598,33.80679785667201,36.57707067669561,-21.926086676245006,51.567263124264024,73.49334980050904,7.75,74.51226317026122,78.88451165574645
1041139430,1041144990,1040008100,1040008100,74.1,74.1,217976.4,217976.4,1144,0,0,2,15,14,31.0,31.0,15.29800102548333,0.013862144302717578,18.37609872648436,4.254224563267797e-07,0.9971727676745528,0.0,5.118816771443572,2018.0,2026.0,5.0,3.0,-44.78148078905385,42.73418147080301,87.51566225985687,-57.74541592425319,62.0285931691231,119.77400909337629,7.75,118.53071294214327,142.38017630650444
1041115400,1041139500,1040008100,1040008100,301.1,301.1,31003.9,221362.6,1147,0,0,1,16,15,10.0,10.0,9.90872324522013,0.04998363015955175,11.9016795680046,2.425488917127544e-05,0.9132507925843962,0.0,3.4544228792301603,2018.0,2026.0,5.0,3.0,-12.724416232127407,19.22362228872039,31.948038520847795,-19.692030307222815,36.52342279773851,56.21545310496133,7.75,76.77395423401224,92.2156144488789
1041115240,1041139500,1040008100,1040008100,301.3,301.3,52926.1,52927.1,1146,0,0,2,17,16,10.0,10.0,10.446343054625123,0.05382492070294113,12.402123754373005,1.8896391412540583e-05,0.9766728991640299,0.0,3.3097492259226717,2018.0,2026.0,5.0,3.0,-12.373599688763079,22.865089848948628,35.23868953771171,-23.579879579456495,43.96893649564208,67.54881607509859,7.75,80.9394958099633,96.09311492094622
1041014470,1041115400,1040008100,1040008100,974.0,974.0,45571.4,45572.2,1148,0,0,2,18,17,13.0,13.0,9.666301522008194,0.004047019177141299,11.212871812929812,3.503752852398257e-07,1.0,0.0,2.9403660055114273,2018.0,2026.0,5.0,3.0,-24.51520550794321,25.743411075513176,50.25861658345639,-24.53641586755545,37.608300429692584,62.14471629724804,7.75,74.89564218284241,86.8786508708867
1041014460,1041115400,1040008100,1040008100,974.1,974.1,144786.4,144786.4,1149,0,0,1,19,18,22.0,22.0,13.337006604912254,0.0010637678410339026,16.17266032322298,3.472432299126439e-08,1.0,0.0,4.477052859628424,2018.0,2026.0,5.0,3.0,-40.77410348837097,36.9557957406027,77.72989922897366,-46.687591895361656,47.47188280477412,94.15947470013577,7.75,103.3366973084235,125.30767615255589
1040008110,0,1040008110,1040008110,0.0,0.0,49488.3,49488.3,1171,0,1,0,20,19,9.0,9.0,8.68373839658276,0.17998114727640144,8.202093933168491,0.08129792194897838,0.8987139565227784,0.0,4.037927522742354,2018.0,2026.0,5.0,3.0,0.8540489340367714,37.74821752974953,36.89416859571276,-14.749836535114202,50.169762194377704,64.91959872949191,7.75,67.28262741226341,63.55078940689071
1040008470,0,1040008470,1040008470,0.0,0.0,95248.8,95248.8,1172,0,0,1,21,20,16.0,16.0,7.0712108125388236,0.43811439942711783,6.004514492919206,0.27617042645312656,0.9987038299020491,0.0,5.763597345615796,2018.0,2026.0,5.0,3.0,-7.8343072113158,-3.6095382829931566,4.224768928322644,-15.692445576868678,4.2458399431552705,19.93828552002395,7.75,54.78857385211464,46.52368518812143
1040008480,0,1040008480,1040008480,0.0,0.0,211436.0,211436.0,1173,0,1,0,22,21,31.0,31.0,14.36922854732968,0.48307999282352154,16.514428405256513,0.3079995633258931,0.9359083442350573,0.0,3.4846970542536466,2018.0,2026.0,5.0,3.0,-51.16258697657392,28.24458331131849,79.40717028789241,-67.22179633409617,30.390833357106075,97.61262969120224,7.75,111.33447443926899,127.95573548768223
1040009450,0,1040009450,1040009450,0.0,0.0,204075.8,204075.8,1174,0,0,1,23,22,29.0,29.0,34.665563878786806,0.25779665879592983,37.21434200922278,0.18509301041478304,1.0,0.0,3.707798915444276,2018.0,2026.0,5.0,3.0,-102.27726664228193,73.9855954957285,176.26286213801043,-105.02715072016954,67.67495777332076,172.7021084934903,7.75,268.59287002591833,288.3411030420273
1040009460,0,1040009460,1040009460,0.0,0.0,56548.9,56548.9,1175,0,1,0,24,23,10.0,10.0,39.87888316473079,0.028869324422475296,41.0722507292977,0.0015456231500406738,0.9321004196952329,0.0,1.1536607518765287,2018.0,2026.0,5.0,3.0,-108.3227414133502,113.84994517253494,222.17268658588515,-105.01358617627959,125.76084529940105,230.77443147568064,7.75,308.9862816048956,318.2326339874401
1040010030,0,1040010030,1040010030,0.0,0.0,155318.3,155318.3,1176,0,0,1,25,24,20.0,20.0,16.745379976848376,0.014188367916753528,17.204134605067374,0.05024122649971111,0.9882119997649641,0.0,1.4105320819225342,2018.0,2026.0,5.0,3.0,-41.92571497918668,64.73092694911558,106.65664192830226,-48.29745387666219,33.95651488563172,82.25396876229391,7.75,129.7451754537465,133.29966032126126
1040010040,0,1040010040,1040010040,0.0,0.0,56638.4,56638.4,1177,0,1,0,26,25,11.0,11.0,21.83382884992274,3.1220046242276826e-06,19.990507318982665,0.0004822348450143045,0.8837865795524468,0.0,2.2171679045378494,2018.0,2026.0,5.0,3.0,-66.49562005652204,79.66589491907904,146.16151497560108,-68.92742276968383,44.306434178569525,113.23385694825336,7.75,169.171076373118,154.88880414160423
1040010590,0,1040010590,1040010590,0.0,0.0,61392.1,61392.7,1178,0,0,1,27,26,13.0,13.0,14.06883061463821,0.0026276385630129816,14.163092362004594,0.0005702261005625426,1.0,0.0,2.313292133995388,2018.0,2026.0,5.0,3.0,-39.76379984215082,84.27551232709511,124.03931216924593,-50.65518449441997,37.57853315073577,88.23371764515574,7.75,109.00695589165267,109.73730700745517
1040010600,0,1040010600,1040010600,0.0,0.0,141264.7,141264.7,1179,0,1,0,28,27,21.0,21.0,8.663873143728583,0.18049816310986885,8.278732169022067,0.05776153568289852,0.7991664579310237,0.0,2.006342784649318,2018.0,2026.0,5.0,3.0,-24.172959469295954,98.14995464098206,122.32291411027802,-26.742021403706975,50.061621640109216,76.8036430438162,7.75,67.12870909446103,64.14459148071855
1040011530,0,1040011530,1040011530,0.0,0.0,4421.4,4421.4,1210,0,1,0,29,28,2.0,2.0,1.0583255617266625,0.9000855235463395,0.961354116410756,0.8703914231185442,0.8651113171742143,0.0,1.3713846498778395,2018.0,2026.0,5.0,3.0,5.253836904567939,65.8208769334859,60.567040028917965,7.677112214902451,32.71952424042577,25.04241202552332,7.75,8.200031046369487,7.448684871847884
1040011660,0,1040011660,1040011660,0.0,0.0,11174.1,1378121.1,1221,0,0,1,30,29,4.0,4.0,0.6786185362469013,0.9280768766480155,5.306882602513509,0.31775926866371346,0.9783451625177793,0.0,9.962027874109358,2018.0,2026.0,5.0,3.0,12.254894016817024,25.554865323527725,13.2999713067107,-15.481689830868334,-16.218489023559783,-0.7367991926914499,7.75,5.258016310961617,41.11835117074122
1041472390,1040011660,1040011660,1040011660,195.3,195.3,161059.1,161059.1,1222,0,0,2,31,30,30.0,30.0,14.85776917187333,0.03622325273713836,17.77509131264656,0.026071414733840878,0.841998995287788,0.0,3.913921095918118,2018.0,2026.0,5.0,3.0,-37.24018492030616,81.6462660380776,118.88645095838376,-48.85687333940267,45.122803028175895,93.97967636757856,7.75,115.11974471294052,137.72350010893845
1041472430,1040011660,1040011660,1040011660,195.5,195.5,197311.4,1205882.3,1223,0,0,1,32,31,27.0,27.0,-15.138584452863718,0.3772092556262447,-11.461341319593188,0.4284860751913985,1.0,0.0,8.005831741023082,2018.0,2026.0,5.0,3.0,62.91252465139937,-24.37530333561976,-87.28782798701913,38.876326969933785,-68.53727539038506,-107.41360236031885,7.75,-117.29553456975859,-88.80382186022922
1041431680,1041472430,1040011660,1040011660,908.7,908.7,19076.7,859018.4,1225,0,0,1,33,32,6.0,6.0,-41.19310735439583,0.1893510667846528,-36.55786874220043,0.2797045118004697,1.0,0.0,10.152941027814284,2018.0,2026.0,5.0,3.0,156.8571784486313,-88.44127427466064,-245.29845272329192,122.89815132083606,-139.1060436961271,-262.0041950169632,7.75,-319.16904534685887,-283.25467088412654
1041431480,1041472430,1040011660,1040011660,908.9,908.9,149538.4,149540.0,1224,0,0,2,34,33,21.0,21.0,-7.628507750687049,0.6120156990151228,-1.5385058995231162,0.9266243373074062,1.0,0.0,8.981089565813773,2018.0,2026.0,5.0,3.0,14.406568518422436,18.598104384825795,4.19153586640336,-18.80513908832025,-22.062827370771714,-3.257688282451465,7.75,-59.106576138109105,-11.92052483408739
1041438780,1041431680,1040011660,1040011660,1100.0,1100.0,156566.4,156566.4,1226,0,0,2,35,34,22.0,22.0,-17.963249450261287,0.4604401740264507,-10.25394693205886,0.696772532013737,1.0,0.0,12.947980336361438,2018.0,2026.0,5.0,3.0,83.07488885875202,-21.461530828805625,-104.53641968755764,36.19224099360612,-64.212536599195,-100.40477759280112,7.75,-139.18137151058028,-79.44878800198926
1041438860,1041431680,1040011660,1040011660,1100.2,1100.2,165736.8,683379.1,1227,0,0,1,36,35,23.0,23.0,-10.090486472373442,0.3017574957294014,-3.221082091956882,0.800045070454723,1.0,0.0,13.739264126444178,2018.0,2026.0,5.0,3.0,98.32255160759888,18.89620212128691,-79.42634948631198,55.47360123808362,-35.82969917374351,-91.30330041182714,7.75,-78.18227711654167,-24.957323258693982
1041473950,1041438860,1040011660,1040011660,1699.7,1699.7,155287.3,155287.3,1228,0,0,2,37,36,25.0,25.0,-21.440110090803277,0.2368635910446883,-14.39981457791213,0.4016357886772866,1.0,0.0,13.599533726072162,2018.0,2026.0,5.0,3.0,142.64765531006663,27.724971617790562,-114.92268369227607,99.90107293620278,-9.956029283102838,-109.85710221930562,7.75,-166.1204970759022,-111.57145860504129
1041473880,1041438860,1040011660,1040011660,1699.9,1699.9,362352.9,362355.2,1229,0,0,1,38,37,45.0,45.0,-14.430717958118342,0.47495786245439264,-5.673150021997709,0.7960361937887032,1.0,0.0,13.839917588167774,2018.0,2026.0,5.0,3.0,102.68915899266419,-9.368403681782409,-112.0575626744466,58.700781770568334,-25.101817904306234,-83.80259967487457,7.75,-111.8109016330593,-43.95623425668314
1040011670,0,1040011670,1040011670,0.0,0.0,245186.1,245186.1,1230,0,1,0,39,38,36.0,36.0,1.0018347723939875,0.893394680448284,0.3077487271657766,0.915280172884402,0.8413330111115329,0.0,8.339815507744435,2018.0,2026.0,5.0,3.0,55.09758027942091,76.49295488446525,21.39537460504434,36.53241356899826,-12.944187439134415,-49.476601008132675,7.75,7.762333760095784,2.3844733685945183
1040012590,0,1040012590,1040012590,0.0,0.0,2666.7,407139.0,1241,0,0,1,40,39,1.0,1.0,7.237448986671532,0.21151788999859114,,,0.0,0.0,,2018.0,2026.0,5.0,3.0,23.941110782325264,80.31845601896445,56.37734523663919,,,,7.75,56.076606796113445,
1041584690,1040012590,1040012590,1040012590,97.0,97.0,64544.4,64544.4,1242,0,0,2,41,40,10.0,10.0,7.1422308035746305,0.3928107993024185,-1.2274633653577842,0.6320182188060106,0.9825559334461345,0.0,14.956100098619542,2018.0,2026.0,5.0,3.0,37.27356302951915,138.00805092085977,100.73448789134062,42.62733803330154,41.87909070132885,-0.7482473319726921,7.75,55.33884510367202,-9.510530661088376
1041584780,1040012590,1040012590,1040012590,97.2,97.2,2422.9,345110.5,1243,0,0,1,42,41,4.0,4.0,9.260500736154139,0.09315000226183939,1.1594769329205366,0.638306906997368,0.5722933622918275,0.0,18.137910938963486,2018.0,2026.0,5.0,3.0,20.50342727689719,99.3925702290578,78.8891429521606,39.51987145558249,26.932088966572447,-12.587782489010042,7.75,71.75144992009915,8.983763778686157
1041576130,1041584780,1040012590,1040012590,258.7,258.7,81485.4,81485.7,1244,0,0,2,43,42,13.0,13.0,21.940718308422575,8.406320649081122e-05,17.32765589199561,6.065889580214565e-05,1.0,0.0,7.626822411792938,2018.0,2026.0,5.0,3.0,-19.709147842521542,116.63921551211321,136.34836335463476,-9.547396700128559,47.76452070888715,57.311917409015706,7.75,169.99926848141243,134.25671779424388
1041576090,1041584780,1040012590,1040012590,258.9,258.9,77221.4,261202.8,1245,0,0,1,44,43,15.0,15.0,13.97092079963386,0.3296870530166357,11.844597384030621,0.04302245657602132,1.0,0.0,3.7060032579983853,2018.0,2026.0,5.0,3.0,18.698946750049895,176.312386952569,157.61344020251912,9.373723069952305,100.56654339235354,91.19282032240123,7.75,108.248339118313,91.77333496730091
1041548260,1041576090,1040012590,1040012590,788.8,788.8,2565.2,155088.5,1247,0,0,1,45,44,3.0,3.0,18.12448084283546,0.12148827683356449,16.98348928761413,0.02702489929442544,1.0,0.0,1.4225982286206045,2018.0,2026.0,5.0,3.0,-5.613545484900944,194.51684294169118,200.13038842659213,-9.867138284969226,142.52559574536068,152.3927340303299,7.75,140.43061132162725,131.5900744255934
1041548220,1041576090,1040012590,1040012590,789.0,789.0,29066.7,29066.7,1246,0,0,2,46,45,7.0,7.0,6.8302650071767985,0.429930994592612,6.810815850771316,0.28393032439500454,1.0,0.0,1.9822537569238723,2018.0,2026.0,5.0,3.0,33.3722949355622,147.87693853580413,114.50464360024193,20.84055239182951,95.03612461238542,74.1955722205559,7.75,52.92169738620216,52.7710030326703
1041548760,1041548260,1040012590,1040012590,828.1,828.1,133110.8,133110.8,1249,0,0,1,47,46,19.0,19.0,23.81771983404394,0.0011376240327334401,23.439255318662738,0.00040258014880971307,1.0,0.0,3.0562098109239453,2018.0,2026.0,5.0,3.0,-44.07640524376776,101.68524452110312,145.76164976487087,-35.03002516953159,74.44848782075633,109.47851299028792,7.75,184.54249727678126,181.61010965589475
1041548750,1041548260,1040012590,1040012590,828.3,828.3,19497.6,19497.6,1248,0,0,2,48,47,5.0,5.0,12.347047149879415,0.1634408111262564,13.689896341746756,0.07580927213098329,1.0,0.0,3.120124229353306,2018.0,2026.0,5.0,3.0,-1.1063317352697801,162.06837277853364,163.17470451380342,-8.860614398990586,124.73599293739302,133.5966073363836,7.75,95.66637490529432,106.07092853427329
1040012600,0,1040012600,1040012600,0.0,0.0,772.3,772.3,1251,0,1,0,49,48,3.0,3.0,8.48713457645256,0.13665101715412634,,,0.2852921667000324,0.0,14.650553142114882,2018.0,2026.0,5.0,3.0,18.687989521388356,82.28194092720217,63.59395140581381,,,,7.75,65.7593178682019,
1040012680,0,1040012680,1040012680,0.0,0.0,46725.2,46725.6,1252,0,0,1,50,49,10.0,10.0,15.49576913569207,0.0016099466765695351,8.171973705197205,0.00863344462738196,0.9975937643246608,0.0,12.263433555584788,2018.0,2026.0,5.0,3.0,-5.625921112315782,88.92595862936622,94.551879741682,10.954927268118857,24.620774163785473,13.665846895666617,7.75,120.06304354280236,63.31741433458752
1040012690,0,1040012690,1040012690,0.0,0.0,10344.3,10344.3,1253,0,1,0,51,50,5.0,5.0,13.769448147670902,0.011827134584068274,5.356256662479931,0.17547244238243007,1.0,0.0,12.805465754960297,2018.0,2026.0,5.0,3.0,-5.127552967911379,80.35271233816695,85.48026530607834,12.74376843477027,31.472633817293865,18.728865382523594,7.75,106.68730529201548,41.50090720004984
1040012810,0,1040012810,1040012810,0.0,0.0,30280.3,30280.4,1254,0,0,1,52,51,10.0,10.0,15.414027932435133,0.005117667059333568,8.156783497351766,0.030056900710693932,0.9927611135836232,0.0,10.386113572571743,2018.0,2026.0,5.0,3.0,-11.445918988099143,69.21775462524135,80.66367361334049,4.741739446884198,43.147989151851675,38.40624970496748,7.75,119.42970307677325,63.19971881589459
1040012820,0,1040012820,1040012820,0.0,0.0,212505.0,212505.0,1255,0,1,0,53,52,31.0,31.0,11.696125986686736,0.0003677162298719244,5.422101023650602,0.00017613230255243784,0.8611425574024831,0.0,8.40419127817764,2018.0,2026.0,5.0,3.0,-13.082495890407575,33.56589631200617,46.648392202413746,2.7347289905809653,28.676946563593347,25.942217573012382,7.75,90.62296110150162,42.011077062097755
1040014490,0,1040014490,1040014490,0.0,0.0,34806.1,34806.1,1256,0,0,1,54,53,7.0,7.0,10.98497756136939,2.5043473312625996e-10,1.8755846248743717,0.23410256500086826,0.8145300980027897,0.0,12.814476749517514,2018.0,2026.0,5.0,3.0,-26.613282995111852,22.258269914198568,48.871552909310424,-8.955854015794797,13.186311385321359,22.142165401116156,7.75,85.11289938035695,14.53225048157282
1040014500,0,1040014500,1040014500,0.0,0.0,7381.5,7381.5,1257,0,1,0,55,54,3.0,3.0,11.811548115213318,8.793474501881876e-10,,,0.0,0.0,,2018.0,2026.0,5.0,3.0,-27.77456147580383,25.402382728406447,53.17694420421027,,,,7.75,91.51726534169389,
1040014920,0,1040014920,1040014920,0.0,0.0,45083.1,45083.1,1258,0,0,1,56,55,10.0,10.0,11.291842677044626,1.126967997279337e-18,3.223244010823586,0.03989060170449001,0.7225853561890242,0.0,11.332771196158525,2018.0,2026.0,5.0,3.0,-33.13671146592559,31.1539119376733,64.29062340359889,-14.078756007156112,30.037101861433243,44.11585786858936,7.75,87.49052642309731,24.974074060590688
1040014930,0,1040014930,1040014930,0.0,0.0,15664.1,15664.1,1259,0,1,0,57,56,5.0,5.0,12.591966489354323,3.642822034510367e-22,5.437052147096072,0.002257236677250762,0.5731412815284345,0.0,9.403838751946624,2018.0,2026.0,5.0,3.0,-40.60189814636813,41.91150423742397,82.5134023837921,-6.817947895043622,45.61419898364601,52.432146878689636,7.75,97.56403878130797,42.12692012671289
1040015030,0,1040015030,1040015030,0.0,0.0,111328.1,111328.1,1260,0,1,0,58,57,19.0,19.0,8.800167899339636,4.2202152465532914e-11,2.2432001786215774,0.04885623657160734,0.866688126330874,0.0,10.840775684190987,2018.0,2026.0,5.0,3.0,-27.559924198242907,30.76952321734795,58.329447415590856,-8.848061116078544,20.045842476134084,28.893903592212627,7.75,68.18473690658773,17.380579070497095
1040015850,0,1040015850,1040015850,0.0,0.0,5118.9,884883.1,1271,0,0,1,59,58,3.0,3.0,-1.6504486772163922,0.5684530132336466,-1.6114559851439285,0.5790241669235238,0.8267900555956204,0.0,1.383797444207305,2018.0,2026.0,5.0,3.0,8.351714922124547,28.11084739301413,19.759132470889583,8.759672737637265,29.65946650825681,20.899793770619546,7.75,-12.787870654407639,-12.485750685714764
1041620260,1040015850,1040015850,1040015850,153.8,153.8,68986.1,796731.2,1273,0,0,1,60,59,11.0,11.0,5.728037404246374,0.003167580413251319,4.919370777428611,0.0010820581485284123,0.998424001826104,0.0,1.651160777324782,2018.0,2026.0,5.0,3.0,-11.150793210481257,29.58530190289917,40.73609511338043,-10.512647191076871,28.249253169770288,38.76190036084716,7.75,44.381508156104694,38.11586392915255
1041620200,1040015850,1040015850,1040015850,153.9,153.9,86977.8,86977.8,1272,0,0,2,61,60,18.0,18.0,-1.4277834974359394,0.6830159120676218,-1.3173482996060386,0.623112452362496,1.0,0.0,0.7342178327317764,2018.0,2026.0,5.0,3.0,6.234570046520427,9.025710373260187,2.79114032673976,1.7721561658423943,11.740313741367236,9.968157575524842,7.75,-11.062634627635068,-10.206969713579985
1041624310,1041620260,1040015850,1040015850,639.1,639.1,361380.7,361380.7,1274,0,0,2,62,61,46.0,46.0,12.80645360862695,0.11110419810821093,12.43170880855772,0.002660067364054042,1.0,0.0,3.5710128116533455,2018.0,2026.0,5.0,3.0,-46.21859663661665,30.033463130743616,76.25205976736027,-50.42794015503616,12.11034751975678,62.53828767479294,7.75,99.22591023248259,96.32234340374634
1041624330,1041620260,1040015850,1040015850,639.3,639.3,2295.5,428259.7,1275,0,0,1,63,62,2.0,2.0,8.13965919272942,8.708367157715515e-06,6.272440949623867,2.6830189396957175e-07,1.0,0.0,3.6927338155167617,2018.0,2026.0,5.0,3.0,-20.2974646280827,25.938243223928733,46.23570785201143,-19.55268144527374,20.311814417445248,39.86449586271899,7.75,63.06703768767765,48.599610917003545
1041626200,1041624330,1040015850,1040015850,687.4,687.4,85063.1,85063.1,1276,0,0,2,64,63,15.0,15.0,9.272979788250852,1.2657108580041462e-08,3.4963544597959224,0.0009378260911722857,1.0,0.0,10.401354325464013,2018.0,2026.0,5.0,3.0,-25.8100772900354,25.297769987793043,51.10784727782844,-18.22044879911089,14.790032907086356,33.01048170619725,7.75,71.84813908487314,27.09016597186163
1041626210,1041624330,1040015850,1040015850,687.5,687.5,71225.1,347209.5,1277,0,0,1,65,64,13.0,13.0,11.8000233769385,0.00027582780322106537,4.4344546883429885,0.00010239113623811361,1.0,0.0,12.822706193784287,2018.0,2026.0,5.0,3.0,-34.152801124468795,29.554404957805804,63.707206082274595,-16.164078849354325,12.05814892820735,28.222227777561677,7.75,91.427970312761,34.358676982917615
1041629430,1041626210,1040015850,1040015850,1240.0,1240.0,98763.6,98763.6,1278,0,0,2,66,65,19.0,19.0,12.636693573295549,0.007457205728381033,8.049671246830851,5.551663172683614e-07,1.0,0.0,6.594115347542802,2018.0,2026.0,5.0,3.0,-23.764999699939573,27.443580972029874,51.20858067196944,-6.195197426547571,10.905715005887407,17.100912432434978,7.75,97.91058949329611,62.36980048879209
1041629370,1041626210,1040015850,1040015850,1240.2,1240.2,197513.3,197513.3,1279,0,0,1,67,66,28.0,28.0,20.215837533832318,0.1575057474369158,17.420333447552053,0.08563042091818604,1.0,0.0,5.522399821828085,2018.0,2026.0,5.0,3.0,-46.36328213832485,35.19156476521761,81.55484690354245,-31.557573275834176,14.671566919525354,46.229140195359534,7.75,156.6346891738411,134.9747944053999
1040015860,0,1040015860,1040015860,0.0,0.0,261113.2,261113.2,1280,0,1,0,68,67,36.0,36.0,-2.9103402034263155,0.45159303431613756,-3.339827473383406,0.3413100563882037,0.8998346387596023,0.0,2.689786074513574,2018.0,2026.0,5.0,3.0,12.89984397104431,-0.1998746651753779,-13.099718636219688,10.850013519741054,-8.93260680980073,-19.782620329541786,7.75,-22.549658523467414,-25.877376453593538
1040018110,0,1040018110,1040018110,0.0,0.0,6.0,6.0,1311,0,1,0,69,68,,,,,,,,,,,,,,,,,,,,,,
1040018120,0,1040018120,1040018120,0.0,0.0,108945.8,108945.8,1312,0,0,1,70,69,18.0,18.0,1.0824568992544954,0.8430667475141133,-0.9086120757702005,0.8478407765761083,1.0,0.0,3.2442476214557696,2018.0,2026.0,5.0,3.0,48.59267902076402,40.05642252695325,-8.536256493810768,46.855012205211615,23.684279550170277,-23.170732655041338,7.75,8.387003490459199,-7.040033331771848
1040018130,0,1040018130,1040018130,0.0,0.0,123689.9,123689.9,1313,0,1,0,71,70,20.0,20.0,5.073921893594683,0.18960304822292753,4.027301715673011,0.30912879087016787,0.8565337400418679,0.0,2.5155407766492557,2018.0,2026.0,5.0,3.0,26.059038972287635,9.667584379122667,-16.391454593164966,32.336341438392765,18.511596887858357,-13.824744550534408,7.75,39.313344172136766,31.2040078175349
1040019180,0,1040019180,1040019180,0.0,0.0,22907.8,22908.3,1314,0,0,1,72,71,7.0,7.0,4.713151830479838,0.1274337397825935,3.828912247552156,0.2990311050764652,0.8733199314715442,0.0,1.3419283149522518,2018.0,2026.0,5.0,3.0,16.36567058676617,-30.922078688775063,-47.28774927554123,9.926771050665405,-31.872634515033344,-41.79940556569875,7.75,36.51805525053509,29.66686286262177
1040019190,0,1040019190,1040019190,0.0,0.0,1081.2,1081.2,1315,0,1,0,73,72,2.0,2.0,12.138274027777914,0.004003684751811292,,,0.0,0.0,,2018.0,2026.0,5.0,3.0,-16.896950916840208,-44.128774714769435,-27.231823797929227,,,,7.75,94.04877617689664,
1040019270,0,1040019270,1040019270,0.0,0.0,22892.1,22892.3,1316,0,0,1,74,73,6.0,6.0,12.145505907379953,0.005035349784382478,8.691938775707548,0.024924939081494638,0.7255007832765612,0.0,1.115885976638816,2018.0,2026.0,5.0,3.0,-15.25587567719478,-41.984187002405015,-26.728311325210235,-3.797116561204575,-30.344397095162957,-26.547280533958382,7.75,94.10480963144495,67.3461649151331
1040019280,0,1040019280,1040019280,0.0,0.0,3212.6,3212.6,1317,0,1,0,75,74,2.0,2.0,20.613211505347273,0.001814466952647853,,,0.13342416738950807,0.0,3.898087970289126,2018.0,2026.0,5.0,3.0,-45.91905119145607,-43.217864929685625,2.701186261770445,,,,7.75,159.71358948701652,
1040019420,0,1040019420,1040019420,0.0,0.0,150084.9,150086.5,1318,0,0,1,76,75,23.0,23.0,10.185182594906706,0.03868627516405975,9.058276522487375,0.07453997928752089,0.9918636136373611,0.0,2.1451757696442573,2018.0,2026.0,5.0,3.0,3.8568819528501663,-32.91411876950816,-36.77100072235832,-1.9212352576874223,-31.196843597179093,-29.275608339491672,7.75,78.9159938222751,70.18459290524099
1040019430,0,1040019430,1040019430,0.0,0.0,76150.4,76150.4,1319,0,1,0,77,76,13.0,13.0,19.18467475437013,0.011697723326051124,19.484540598744537,0.020888018078561322,0.9093221447436686,0.0,3.120617415088182,2018.0,2026.0,5.0,3.0,-55.21055094529637,-63.14900433752329,-7.9384533922269185,-57.13613343234624,-36.016147586143255,21.119985846202987,7.75,148.64511856226548,150.96851442695973
1040020040,0,1040020040,1040020040,0.0,0.0,102307.3,3705301.8,1321,0,0,1,78,77,20.0,20.0,10.498175149221268,0.08008012497304273,12.731012240848434,0.03890682234443609,0.9530650820365962,0.0,1.6056475418962086,2018.0,2026.0,5.0,3.0,-70.98271099015672,-69.77592097953888,1.206790010617837,-75.5457298044621,-60.99452060819533,14.551209196266768,7.75,81.34109698096151,98.6413816334047
1041213630,1040020040,1040020040,1040020040,712.4,712.4,67657.6,2708456.8,1323,0,0,1,79,78,12.0,12.0,2.8325764465803758,0.7507909350162425,5.830666949729469,0.4313736550938134,1.0,0.0,3.079175553322178,2018.0,2026.0,5.0,3.0,-56.75805476996775,-33.07418489408583,23.683869875881918,-54.65982665590741,-40.984112613597176,13.675714042310233,7.75,21.94713578048587,45.17669395683614
1041213640,1040020040,1040020040,1040020040,712.6,712.6,894488.8,894488.8,1322,0,0,2,80,79,91.0,91.0,16.064172153731313,0.27605086517295413,18.450758350506483,0.2703023781089892,1.0,0.0,2.7934355734488303,2018.0,2026.0,5.0,3.0,-61.643743732587936,-33.43554506464401,28.208198667943925,-66.75971296098488,-26.100334249666577,40.65937871131831,7.75,124.46709704328438,142.95864786292498
1041174950,1041213630,1040020040,1040020040,954.3,954.3,285042.7,285042.8,1324,0,0,2,81,80,37.0,37.0,-12.723532898394666,0.34976814901869596,-9.240601922419938,0.11801587030178338,1.0,0.0,6.482679387916789,2018.0,2026.0,5.0,3.0,39.467835770339335,-37.94397652918142,-77.41181229952076,41.890343115100436,-54.24792609670872,-96.13826921180916,7.75,-98.583430807548,-71.5972715686473
1041174960,1041213630,1040020040,1040020040,954.5,954.5,14082.8,2355752.5,1325,0,0,1,82,81,6.0,6.0,-2.9956756391008383,0.6851583443540415,0.6025129435725489,0.931098943258381,1.0,0.0,6.93714001432479,2018.0,2026.0,5.0,3.0,-5.777723107157702,-38.33955119721523,-32.561828090057524,3.2633764374263876,-65.49342851565618,-68.75680495308256,7.75,-23.210847525408276,4.668341219193192
1041156960,1041174960,1040020040,1040020040,1100.9,1100.9,973777.8,1693384.5,1327,0,0,1,83,82,108.0,108.0,11.361477544415642,0.06435054301503407,13.790744157983188,0.028053333779813165,0.999873560283766,0.0,3.8398677369783836,2018.0,2026.0,5.0,3.0,-50.079528472373724,-4.438738098613885,45.64079037375984,-51.072857285126666,-1.2348129159191548,49.83804436920751,7.75,88.03006557343264,106.85230928704291
1041156950,1041174960,1040020040,1040020040,1100.9,1100.9,648276.2,648280.5,1326,0,0,2,84,83,81.0,81.0,11.739526849602226,0.06295504093652839,13.082492328005813,0.061204526104921636,1.0,0.0,2.846035868260807,2018.0,2026.0,5.0,3.0,-65.29327927600485,7.600083335619068,72.89336261162393,-56.32576486360777,6.673838200116905,62.99960306372468,7.75,90.95923609684957,101.36469072760151
1041259940,1041156960,1040020040,1040020040,3071.9,3071.9,453077.6,453089.8,1329,0,0,1,85,84,53.0,53.0,17.379903498103822,0.14981518499925908,23.168085082895,0.3003650805183662,1.0,0.0,7.11291517542438,2018.0,2026.0,5.0,3.0,-71.63155304816021,76.72300917137483,148.35456221953504,-103.56667637111886,58.65242164808172,162.21909801920057,7.75,134.66153839735475,179.50905074494963
1041259950,1041156960,1040020040,1040020040,3072.1,3072.1,266510.8,266514.0,1328,0,0,2,86,85,43.0,43.0,38.33838396012025,0.22906964912574315,40.81874646197444,0.19319383195330905,0.954404973159875,0.0,4.234468757502011,2018.0,2026.0,5.0,3.0,-122.54403952932766,42.42913003131523,164.9731695606429,-136.3759052372749,41.27589954119817,177.6518047784731,7.75,297.0503124083239,316.2684530797746
1040020050,0,1040020050,1040020050,0.0,0.0,20434.1,20434.1,1331,0,1,0,87,86,4.0,4.0,6.557409950618016,0.22557414135165363,10.37526354460269,0.016746319571724778,0.8728733131524478,0.0,4.8498965295855685,2018.0,2026.0,5.0,3.0,-46.62629189365067,-77.55323558303564,-30.926943689384977,-59.582970723527886,-31.84938092708931,27.733589796438576,7.75,50.80758428541817,80.38876339829052
1040020240,0,1040020240,1040020240,0.0,0.0,59761.9,59761.9,1332,0,0,1,88,87,12.0,12.0,6.494609093169515,0.4250599025229326,10.072787329605475,0.1713317968569411,0.952012568468461,0.0,3.902652057847223,2018.0,2026.0,5.0,3.0,-72.6232079012332,-57.804885412657974,14.818322488575227,-81.43480023143302,-41.34529426204606,40.089505969386956,7.75,50.320995848513974,78.04514207469815
1040020250,0,1040020250,1040020250,0.0,0.0,53029.1,53029.1,1333,0,1,0,89,88,10.0,10.0,1.8184861931701732,0.6908581371873542,3.301649923848686,0.3176410596780714,0.5715307634833235,0.0,3.39715771064257,2018.0,2026.0,5.0,3.0,-34.76014935981126,-52.73840234536945,-17.978252985558193,-38.12002252294616,-33.05572275547852,5.064299767467638,7.75,14.089845110668284,25.58157230524786
1040020570,0,1040020570,1040020570,0.0,0.0,215213.9,215217.5,1334,0,0,1,90,89,30.0,30.0,-5.357195114218314,0.3306994388180984,-3.808421904820854,0.3496145304818165,1.0,0.0,3.211464157459557,2018.0,2026.0,5.0,3.0,11.471992197784697,-31.822135588206265,-43.294127785990966,12.54580279517692,-40.58531605890778,-53.1311188540847,7.75,-41.50817843460049,-29.5081012748611
1040020580,0,1040020580,1040020580,0.0,0.0,113357.7,113357.7,1335,0,1,0,91,90,19.0,19.0,-2.0718861663843633,0.4452547764954158,-1.4044974039653457,0.789377427226686,0.9585553647704248,0.0,3.4148525695462775,2018.0,2026.0,5.0,3.0,-6.154266353189823,-13.1887750944518,-7.034508741261978,2.584606732952102,-34.502470446599965,-37.08707717955207,7.75,-16.05321793529842,-10.882211234009388
1040021500,0,1040021500,1040021500,0.0,0.0,133626.0,133626.0,1336,0,0,1,92,91,19.0,19.0,-17.352873906639058,0.02491414802939124,-16.123109866783132,0.019526641209361255,0.9944486133722694,0.0,2.3507012338136595,2018.0,2026.0,5.0,3.0,12.931341825897665,-72.66934077859575,-85.60068260449341,19.10741141284908,-79.95500039813025,-99.06241181097933,7.75,-134.45210994055725,-124.92375338260442
1040021510,0,1040021510,1040021510,0.0,0.0,34694.8,34694.8,1337,0,1,0,93,92,7.0,7.0,-8.929438996536781,0.006442254807725193,-10.543011458292918,0.021813478836555072,0.5124833700770772,0.0,2.3680764002289827,2018.0,2026.0,5.0,3.0,-5.221301488582082,-23.628452586523355,-18.407151097941274,17.802322893315438,-53.974240129801274,-71.77656302311671,7.75,-69.18634458644516,-81.68849398211898
1040021910,0,1040021910,1040021910,0.0,0.0,52698.8,52698.8,1338,0,0,1,94,93,9.0,9.0,-10.83961691689062,0.0037382342579612825,-8.91979888195485,0.01188472079823348,0.9648111237684924,0.0,1.9759503721618021,2018.0,2026.0,5.0,3.0,-13.963115068103681,-41.32553911778444,-27.362424049680754,-15.819180342357402,-52.766192292972356,-36.94701195061495,7.75,-83.98662799397798,-69.11165184375696
1040021920,0,1040021920,1040021920,0.0,0.0,264.3,264.3,1339,0,1,0,95,94,1.0,1.0,-11.421656539863498,0.00033523971098163336,,,0.0,0.0,,2018.0,2026.0,5.0,3.0,1.1878364682197564,-15.816458314657211,-17.00429478287697,,,,7.75,-88.49633951489035,
1040021940,0,1040021940,1040021940,0.0,0.0,26836.6,26836.6,1410,0,1,0,96,95,6.0,6.0,-9.268919011157486,0.0024056367193514543,-5.565216803413335,0.060773026695993916,0.8980601260759075,0.0,2.6625501635544193,2018.0,2026.0,5.0,3.0,-10.878069670977343,-6.217752748936372,4.660316922040971,-17.87778651769637,-13.25984410075987,4.617942416936501,7.75,-71.81667570588826,-43.11995497237437
1040022420,0,1040022420,1040022420,0.0,0.0,29461.2,2098663.8,1421,0,0,1,97,96,8.0,8.0,-0.6382039663264649,0.8435820375540362,3.4268838609363073,0.1763996968649158,0.9957809329931019,0.0,3.5326190080646946,2018.0,2026.0,5.0,3.0,-55.78888162508697,-18.37056877568027,37.4183128494067,-64.63530641746817,-18.878070992644943,45.75723542482323,7.75,-4.944879465308407,26.55189959329158
1040909890,1040022420,1040022420,1040022420,509.9,509.9,187501.7,1730224.9,1423,0,0,1,98,97,24.0,24.0,24.459562578832593,3.8478431226614086e-10,27.631991748608478,6.437970973379404e-12,1.0,0.0,2.6942626743168554,2018.0,2026.0,5.0,3.0,-114.35044554086407,67.7811753025227,182.13162084338677,-117.51842119885035,77.53784995165753,195.05627115050788,7.75,189.5155704259993,214.09592511584393
1040909900,1040022420,1040022420,1040022420,510.1,510.1,338959.0,338967.7,1422,0,0,2,99,98,42.0,42.0,15.023356261543114,0.0001785331700357828,16.266289151685214,3.2987130035188815e-05,1.0,0.0,1.9532203076399717,2018.0,2026.0,5.0,3.0,-98.39526766070972,28.29795128021206,126.69321894092178,-92.91909052145726,28.55786667389026,121.47695719534752,7.75,116.40273297786999,126.03312333817702
1040760290,1040909890,1040022420,1040022420,1173.3,1173.3,182805.2,182805.2,1424,0,0,2,100,99,29.0,29.0,37.57117618863651,1.0625172142690062e-05,37.970837420935915,2.0601428849460075e-05,1.0,0.0,1.8711579062512826,2018.0,2026.0,5.0,3.0,-125.85322964765601,135.8824121738115,261.73564182146754,-127.93434194505076,136.77007568032005,264.7044176253708,7.75,291.10589627335065,294.2025185523577
1040760280,1040909890,1040022420,1040022420,1173.4,1173.4,112419.8,1360282.5,1425,0,0,1,101,100,20.0,20.0,26.493889980469632,8.989670285736265e-07,26.84023328288124,8.360991252145611e-09,1.0,0.0,2.7480355512418964,2018.0,2026.0,5.0,3.0,-97.71226487906412,101.03350035078752,198.74576522985166,-99.81172690460879,100.64866879452337,200.46039569913216,7.75,205.27777863033282,207.96128731157813
1040722720,1040760280,1040022420,1040022420,1383.1,1383.1,453606.4,726920.2,1427,0,0,1,102,101,60.0,60.0,20.695387257726708,0.014603697315420102,20.40251579966413,0.019775885358013456,1.0,0.0,1.6663738699666146,2018.0,2026.0,5.0,3.0,-68.21867869719684,84.99841000333649,153.21708870053334,-65.94523008743977,82.84511284051192,148.79034292795168,7.75,160.35029689080517,158.08109435468717
1040722570,1040760280,1040022420,1040022420,1383.1,1383.1,542940.1,542940.1,1426,0,0,2,103,102,62.0,62.0,5.115721098220032,0.0005024711087109896,4.657947738652741,5.217592496917276e-05,1.0,0.0,1.1331988656485414,2018.0,2026.0,5.0,3.0,-11.600397922814816,32.10596488182493,43.706362804639745,-7.8833288158721855,29.871542063349086,37.75487087922127,7.75,39.637209330493334,36.09032744801439
1040641670,1040722720,1040022420,1040022420,2943.4,2943.4,129492.8,129494.4,1428,0,0,2,104,103,19.0,19.0,24.4934381414945,1.774992725722142e-06,24.6250444096886,1.97162267955785e-08,1.0,0.0,1.0725159586623751,2018.0,2026.0,5.0,3.0,-90.16415610644796,86.04934535473996,176.21350146118792,-87.81233493039015,89.49948881139078,177.31182374178093,7.75,189.7780422735919,190.79774313324774
1040641660,1040722720,1040022420,1040022420,2943.6,2943.6,145809.4,145809.4,1429,0,0,1,105,104,27.0,27.0,17.02680789601681,8.279399182963823e-05,17.6933022716428,6.781113480683488e-06,1.0,0.0,1.4810699877709066,2018.0,2026.0,5.0,3.0,-61.36585992025439,56.2403052643339,117.60616518458829,-57.803790102279265,56.787865575089576,114.59165567736883,7.75,131.92571210329245,137.08978899041514
1040022430,0,1040022430,1040022430,0.0,0.0,196951.9,196951.9,1430,0,1,0,106,105,30.0,30.0,5.61464874233954,0.22234102066460715,9.466583765833937,0.01914844257927792,0.9117294145577015,0.0,3.5812394467395645,2018.0,2026.0,5.0,3.0,-69.23887298032699,-34.94728779386435,34.29158518646264,-69.66681654461095,-31.536759961102263,38.13005658350869,7.75,43.50295945467734,73.34820549571538
1040023300,0,1040023300,1040023300,0.0,0.0,35848.3,412648.8,1441,0,0,1,107,106,7.0,7.0,10.081313861311886,0.24331805196106493,10.904356243072677,0.43387053375267953,0.833086270275102,0.0,2.625955597286339,2018.0,2026.0,5.0,3.0,-69.5207029043378,-49.47589087614074,20.044812028197057,-58.83722096417398,-81.66984021742542,-22.832619253251437,7.75,78.11120664616739,84.488235914841
1040915980,1040023300,1040023300,1040023300,280.1,280.1,35567.9,301109.7,1443,0,0,1,108,107,9.0,9.0,10.599238704148377,0.07062746419118544,11.626611524313656,0.10555381867285676,1.0,0.0,2.0700452032985472,2018.0,2026.0,5.0,3.0,-73.29016014897026,-33.448327388146026,39.84183276082423,-61.08532027812454,-50.80799814713756,10.277322130986981,7.75,82.12414930250488,90.08435486326529
1040915990,1040023300,1040023300,1040023300,280.1,280.1,75691.2,75691.8,1442,0,0,2,109,108,14.0,14.0,14.260763187515282,1.198917977682955e-08,15.689755419088552,2.1106237668931329e-13,1.0,0.0,2.2979919756900653,2018.0,2026.0,5.0,3.0,-72.81153084073792,22.545153748358914,95.35668458909683,-61.27769814126344,25.74043187238114,87.01813001364458,7.75,110.49407206206229,121.56607210409474
1040873650,1040915980,1040023300,1040023300,466.9,466.9,111517.9,111517.9,1444,0,0,2,110,109,19.0,19.0,18.108492958095134,1.7213721184748516e-12,19.388708673294023,7.215140137082873e-16,1.0,0.0,2.2235640058510815,2018.0,2026.0,5.0,3.0,-79.19221164956174,52.174514276148734,131.36672592571048,-73.00565120510612,51.340515896458875,124.34616710156499,7.75,140.30673530844416,150.2259973865081
1040873640,1040915980,1040023300,1040023300,467.0,467.0,52495.0,154022.9,1445,0,0,1,111,110,11.0,11.0,10.441989210006458,0.0113698748855541,11.726167110603065,0.002172665697109381,1.0,0.0,2.5569435170841937,2018.0,2026.0,5.0,3.0,-64.80179847263082,-16.215382898638804,48.586415573992014,-53.45586278802557,-18.675792212116708,34.780070575908866,7.75,80.90576170929029,90.85572326627427
1040786860,1040873640,1040023300,1040023300,1091.6,1091.6,15300.8,15300.9,1446,0,0,2,112,111,6.0,6.0,17.025868457911777,1.0202413725949437e-10,18.161716914569563,1.0364868016418435e-10,1.0,0.0,0.8983471762470747,2018.0,2026.0,5.0,3.0,-77.28988228184645,49.0528286887052,126.34271097055165,-73.03815879207653,50.32981353437307,123.3679723264496,7.75,131.9184332262569,140.71912078913584
1040786690,1040873640,1040023300,1040023300,1091.8,1091.8,34510.8,86226.4,1447,0,0,1,113,112,7.0,7.0,24.164666812857888,5.7108295025334534e-11,25.181848797316242,4.570264982585956e-16,1.0,0.0,1.2755370276362097,2018.0,2026.0,5.0,3.0,-93.426890306984,89.18872108528821,182.61561139227223,-88.16852900962415,90.86112526890116,179.0296542785253,7.75,187.23068331386128,195.11192907982195
1040709030,1040786690,1040023300,1040023300,1480.0,1480.0,31189.0,31189.0,1448,0,0,2,114,113,8.0,8.0,34.62559236540585,0.00012407988013073847,34.57731476083648,1.763523781811325e-05,1.0,0.0,1.5164207386570054,2018.0,2026.0,5.0,3.0,-119.37851540421198,139.48523767023525,258.86375307444723,-116.77216508945057,139.83549489548,256.6076599849306,7.75,268.283166034493,267.90910547068376
1040709280,1040786690,1040023300,1040023300,1480.2,1480.2,20527.2,20527.2,1449,0,0,1,115,114,7.0,7.0,25.708728991743214,1.213891060340496e-10,26.492672545102316,1.9775811302580868e-15,1.0,0.0,0.8845363841590143,2018.0,2026.0,5.0,3.0,-98.9679412063055,95.03829149753892,194.00623270384443,-98.40073945188384,98.42453574138005,196.8252751932639,7.75,199.1942588545744,205.26834579778114
1040023310,0,1040023310,1040023310,0.0,0.0,74783.4,74783.4,1451,0,1,0,116,115,15.0,15.0,13.801305753853955,0.021289107693150795,11.006494349674018,0.05711419300759249,0.7612656628655318,0.0,2.5893232009373337,2018.0,2026.0,5.0,3.0,-64.71210353794602,5.617873396679023,70.32997693462505,-42.647844635628715,-53.69628595611923,-11.048441320490518,7.75,106.93414177524078,85.27961398926071
1040023890,0,1040023890,1040023890,0.0,0.0,83110.0,83110.0,1452,0,0,1,117,116,17.0,17.0,10.314395393709315,0.010716594387797072,10.61966461159977,0.0007173863932318498,0.9822541028251838,0.0,1.5914793721889422,2018.0,2026.0,5.0,3.0,-49.07386254699726,1.3335440603854138,50.407406607382676,-41.39237648369827,-8.228691675765623,33.16368480793265,7.75,79.91714979930832,82.28241163813101
1040023900,0,1040023900,1040023900,0.0,0.0,11237.6,11237.6,1453,0,1,0,118,117,6.0,6.0,8.215773998324321,0.09038739383169538,6.8440090410612076,0.0922802664138374,0.6953500083643588,0.0,4.707634007863156,2018.0,2026.0,5.0,3.0,-35.960177327702596,24.781233158880838,60.74141048658343,-13.342186930214742,-10.509762377235061,2.832424552979681,7.75,63.6567841622391,53.02818777879047
1040023950,0,1040023950,1040023950,0.0,0.0,99253.8,99253.8,1454,0,0,1,119,118,17.0,17.0,6.4731794806725365,0.04470928514083149,7.058119568511835,0.00263648244699663,0.9913105330358536,0.0,1.72130568306649,2018.0,2026.0,5.0,3.0,-25.117993892566226,3.858521056504275,28.976514949070502,-19.921643622941684,-0.9099696022414037,19.01167402070028,7.75,50.15495668803088,54.687141352193
1040023960,0,1040023960,1040023960,0.0,0.0,12590.8,12590.8,1455,0,1,0,120,119,3.0,3.0,4.500151253055545,0.2484259688731114,4.894792895879256,0.18860733073061195,0.5740206910492457,0.0,4.79783544932061,2018.0,2026.0,5.0,3.0,-20.57185208163134,21.61964435206076,42.1914964336921,-5.370470838830023,-3.4453213571445445,1.9251494816854788,7.75,34.867701700608336,37.925431609413536
1040024070,0,1040024070,1040024070,0.0,0.0,75333.0,75334.5,1456,0,0,1,121,120,16.0,16.0,4.441116883108162,0.029505802397560565,7.407038527741232,6.771937003730102e-05,0.9625050315030289,0.0,4.100862082503902,2018.0,2026.0,5.0,3.0,-18.888706758884982,11.53542265589168,30.42412941477666,-18.767594045926586,12.966618650837235,31.73421269676382,7.75,34.41029645228227,57.3906065256884
1040024080,0,1040024080,1040024080,0.0,0.0,358341.1,358341.1,1457,0,1,0,122,121,42.0,42.0,8.47081465698117,7.100031561012477e-07,9.137794502493108,4.286585242142558e-06,0.8635980449270629,0.0,2.0063014403133232,2018.0,2026.0,5.0,3.0,-31.247456834273738,29.425782178815137,60.673239013088875,-18.753396880460468,25.424558623395942,44.17795550385641,7.75,65.6328692108329,70.80070757578507
1040026800,0,1040026800,1040026800,0.0,0.0,72618.4,72618.4,1458,0,0,1,123,122,15.0,15.0,16.171443061907713,8.521035429096374e-06,14.405723378439774,3.919211264881769e-06,1.0,0.0,2.0392033659290916,2018.0,2026.0,5.0,3.0,-57.04866974995341,50.396383344358505,107.44505309431192,-40.83974316726773,52.41352767943777,93.2532708467055,7.75,125.29824466857995,111.61724068715829
1040026820,0,1040026820,1040026820,0.0,0.0,41748.7,41748.7,1459,0,1,0,124,123,11.0,11.0,19.227767541141116,2.255597906282735e-09,16.548076489518856,1.7264651102837364e-12,0.7965479897064258,0.0,3.183526562192431,2018.0,2026.0,5.0,3.0,-65.83217325801274,58.87615183749194,124.70832509550468,-44.486319745232485,57.35463713618021,101.8409568814127,7.75,148.97900654737677,128.2164448058545
1040027410,0,1040027410,1040027410,0.0,0.0,5176.3,443989.5,1461,0,0,1,125,124,4.0,4.0,13.616519614439586,1.284817365311617e-09,12.514121938355569,1.2134146091794192e-07,0.9348985038745375,0.0,0.9388378701453015,2018.0,2026.0,5.0,3.0,-46.61243002932975,38.87488958615734,85.48731961548708,-33.545314871991806,35.28967924617255,68.83499411816436,7.75,105.50239701263253,96.96089003571872
1040571730,1040027410,1040027410,1040027410,146.2,146.2,102213.2,393519.7,1463,0,0,1,126,125,17.0,17.0,11.211126465589626,1.1679026901732628e-05,10.20449680424813,5.954449729461037e-07,1.0,0.0,1.6181816315468351,2018.0,2026.0,5.0,3.0,-38.029124392409955,30.03977914790278,68.06890354031273,-28.65430386780226,29.617143804761884,58.27144767256414,7.75,86.86512771421941,79.06564259006765
1040571900,1040027410,1040027410,1040027410,146.3,146.3,45291.9,45291.9,1462,0,0,2,127,126,8.0,8.0,15.292257871859551,7.531407988617851e-08,13.647848177490546,1.3030151045826147e-08,1.0,0.0,2.4143275861163205,2018.0,2026.0,5.0,3.0,-52.89932415441227,45.07254790133809,97.97187205575037,-37.94208473161383,44.670511216998,82.61259594861184,7.75,118.48621431173862,105.7451344073874
1040633360,1040571730,1040027410,1040027410,855.2,855.2,44344.0,44344.0,1464,0,0,2,128,127,9.0,9.0,7.637445635324884,2.4246295431471734e-05,5.672780489788816,1.0698793645334844e-08,1.0,0.0,3.262824392528476,2018.0,2026.0,5.0,3.0,-23.803581445250483,16.756781552546485,40.56036299779697,-15.569352564105378,13.15555414525999,28.724906709365367,7.75,59.17582792051861,43.9533710776245
1040633540,1040571730,1040027410,1040027410,855.4,855.4,4109.5,255072.1,1465,0,0,1,129,128,2.0,2.0,11.89701859275332,1.9357344176556644e-05,11.009386215126128,4.644951280196396e-08,1.0,0.0,1.900000936266019,2018.0,2026.0,5.0,3.0,-43.44324147691272,29.270408300415852,72.71364977732857,-35.076925666954985,33.273809053959916,68.3507347209149,7.75,92.17950066390662,85.30202050323598
1040644790,1040633540,1040027410,1040027410,941.7,941.7,108612.1,108612.1,1466,0,0,2,130,129,18.0,18.0,8.1668542579538,2.8693854103857868e-05,6.870641527025371,9.652768215604641e-09,1.0,0.0,2.0021162964565087,2018.0,2026.0,5.0,3.0,-28.050381846869936,17.545688713905232,45.59607056077517,-21.93914665281912,16.34798899734216,38.287135650161275,7.75,63.27774825464546,53.23453941541903
1040644920,1040633540,1040027410,1040027410,941.9,941.9,7112.2,148278.6,1467,0,0,1,131,130,4.0,4.0,12.86407965068229,1.1021264221430022e-05,11.720676707782545,9.885560797317964e-08,1.0,0.0,1.2714771751012768,2018.0,2026.0,5.0,3.0,-48.780900514090185,31.863063356843444,80.64396387093363,-35.619876131239806,36.39365537325036,72.01353150449017,7.75,99.67240359050207,90.81318297884901
1040667360,1040644920,1040027410,1040027410,1076.4,1076.4,102171.8,102171.8,1469,0,0,1,132,131,14.0,14.0,19.842219025264654,1.125121608834176e-06,19.409344955268676,2.2626255912481755e-09,1.0,0.0,1.3016905975674578,2018.0,2026.0,5.0,3.0,-73.76189483837581,56.07102168880761,129.83291652718341,-62.75291898823625,58.58936063419221,121.34227962242846,7.75,153.73984898425456,150.38588972870733
1040667560,1040644920,1040027410,1040027410,1076.6,1076.6,38996.3,38996.7,1468,0,0,2,133,132,10.0,10.0,14.119866400571677,2.967292670675897e-05,13.859489802451208,2.2443688628263982e-05,1.0,0.0,1.4910121481638097,2018.0,2026.0,5.0,3.0,-51.15899902650442,43.35191071728366,94.51090974378808,-44.3691010370773,42.885799956872255,87.25490099394955,7.75,109.40238716938494,107.38495863363976
1040027420,0,1040027420,1040027420,0.0,0.0,124.3,124.3,1470,0,1,0,134,133,1.0,1.0,14.295553410727418,1.1052865605329204e-09,12.803008487560465,1.4736332289574086e-07,1.0,0.0,0.6198950293869387,2018.0,2026.0,5.0,3.0,-49.32867234945297,41.308878461519875,90.63755081097284,-34.554983562607205,36.1440833071151,70.69906686972232,7.75,110.76363080727884,99.1992170288737
1040027430,0,1040027430,1040027430,0.0,0.0,416450.8,416450.8,1511,0,1,0,135,134,50.0,50.0,3.429113328649676,0.0001833633073017008,3.0150601428793373,0.0006076276265609181,0.9371523152346598,0.0,1.7385020175405401,2018.0,2026.0,5.0,3.0,-4.141579747275122,3.7780699104773774,7.919649657752499,-3.8960704461092255,2.7706633346410854,6.666733780750311,7.75,26.56917377160461,23.36104094277488
1040028700,0,1040028700,1040028700,0.0,0.0,108230.8,108230.8,1512,0,0,1,136,135,19.0,19.0,-0.2239716196808823,0.8211577552533956,1.060123965978315,0.2945970579800579,1.0,0.0,3.8929071650515814,2018.0,2026.0,5.0,3.0,8.265071930892276,-6.47694669675175,-14.742018627644025,1.271034722457508,-3.3594999521993123,-4.63053467465682,7.75,-1.7353584769251114,8.213965294233079
1040028710,0,1040028710,1040028710,0.0,0.0,26682.9,26682.9,1513,0,1,0,137,136,7.0,7.0,-1.0766598005622987,0.31849001478256,1.1243506509772117,0.30628104778447046,1.0,0.0,5.8604528569435805,2018.0,2026.0,5.0,3.0,15.43904924175869,-5.389974762476956,-20.829024004235645,4.151136142458386,-0.5859451266199992,-4.737081269078385,7.75,-8.342086887313636,8.711601210856973
1040028960,0,1040028960,1040028960,0.0,0.0,95886.5,95886.5,1514,0,0,1,138,137,18.0,18.0,-4.730339648928474,1.6296812112468808e-06,-3.1907166034219507,0.00024999833554402505,1.0,0.0,3.796601344742481,2018.0,2026.0,5.0,3.0,23.13121754731416,-5.274710130839478,-28.40592767815364,9.275634541786829,-15.374752243471052,-24.65038678525788,7.75,-36.65122849135546,-24.722047878669738
1040028970,0,1040028970,1040028970,0.0,0.0,74061.5,74061.5,1515,0,1,0,139,138,13.0,13.0,-12.368698874824211,2.1814654529440064e-10,-7.684416166052683,1.6349088464097534e-05,1.0,0.0,8.850317122074626,2018.0,2026.0,5.0,3.0,51.27760815857981,-15.051148643471778,-66.32875680205159,16.769691003840595,-48.88785565765942,-65.65754666150002,7.75,-95.83413501917185,-59.5397611223247
1040029430,0,1040029430,1040029430,0.0,0.0,38046.5,38046.5,1516,0,0,1,140,139,8.0,8.0,-20.73818161564861,2.5524867627595423e-10,-14.725479831070805,4.5691693322783506e-07,1.0,0.0,11.509996859088128,2018.0,2026.0,5.0,3.0,73.42503899428212,-18.427767163161278,-91.8528061574434,22.387424111979726,-98.37329916618903,-120.76072327816875,7.75,-160.68187261406044,-114.0947513262981
1040029440,0,1040029440,1040029440,0.0,0.0,20099.4,20099.4,1517,0,1,0,141,140,4.0,4.0,-23.14206632205885,1.2719324726342798e-14,-17.35719071190961,4.736905514726081e-13,1.0,0.0,10.168031909281295,2018.0,2026.0,5.0,3.0,92.59432774288035,4.325274133470078,-88.26905360941028,30.636712204310147,-88.68988779912934,-119.32660000343948,7.75,-179.30745432286528,-134.48555705600054
1040029700,0,1040029700,1040029700,0.0,0.0,37812.3,37813.3,1518,0,0,1,142,141,8.0,8.0,-15.5151171073783,3.9313803121496536e-07,-11.47563329826264,2.0331718633918504e-14,1.0,0.0,6.174213029083314,2018.0,2026.0,5.0,3.0,80.15399084678633,40.809105468109,-39.344885378677326,18.4353047236417,-60.23744953475157,-78.67275425839327,7.75,-120.21295390521722,-88.91455779352025
1040029710,0,1040029710,1040029710,0.0,0.0,7415.2,7415.2,1519,0,1,0,143,142,3.0,3.0,-8.438364153043437,0.0008663793095688098,-8.055600377812398,6.265877965445542e-06,1.0,0.0,2.2782669676892775,2018.0,2026.0,5.0,3.0,66.98380485982062,49.674012288662254,-17.30979257115837,9.18985315567723,-65.22680023690735,-74.41665339258458,7.75,-65.38143888600392,-62.41574009365938
1040029810,0,1040029810,1040029810,0.0,0.0,275925.8,275925.8,1530,0,1,0,144,143,43.0,43.0,-15.727386331676321,1.654211318081411e-06,-8.964623134519638,9.030056723785295e-17,0.9597798506131462,0.0,10.81884655843403,2018.0,2026.0,5.0,3.0,73.02879978652884,-0.43052332500730844,-73.45932311153615,33.401905443259736,-27.63578438759919,-61.03768983085892,7.75,-121.8576408450212,-69.45895542967988
1040031860,0,1040031860,1040031860,0.0,0.0,286613.1,286613.1,1560,0,1,0,145,144,44.0,44.0,-4.84778998857902,7.324486385146878e-13,-3.456856917724162,2.0736388091983306e-07,1.0,0.0,3.2130625623184312,2018.0,2026.0,5.0,3.0,25.414025337609598,-12.497720301296885,-37.91174563890648,19.81065467404786,-7.07256075286321,-26.88321542691107,7.75,-37.561247550112604,-26.784134365939437
1040034170,0,1040034170,1040034170,0.0,0.0,16374.7,16374.7,1710,0,1,0,146,145,5.0,5.0,-2.630244519986231,0.07069923230867044,-2.4192388410891175,0.12844159464293578,1.0,0.0,1.9705815131770987,2018.0,2026.0,5.0,3.0,2.296834735845676,-26.305466522137454,-28.60230125798313,5.817807132922451,-15.700660994773008,-21.51846812769546,7.75,-20.379444193185584,-18.744547351901993
1040034260,0,1040034260,1040034260,0.0,0.0,797088.8,2916808.3,1721,0,0,1,147,146,89.0,89.0,9.417747930671407,4.459859854226995e-09,9.063279781188399,6.788711376752623e-08,1.0,0.0,2.172815842881026,2018.0,2026.0,5.0,3.0,-31.03052118416263,23.000635809861876,54.031156994024506,-27.917318207622845,23.316242406152366,51.23356061377521,7.75,72.96981969555122,70.22335874267809
1040526810,1040034260,1040034260,1040034260,2846.3,2846.3,205097.2,205097.2,1722,0,0,2,148,147,31.0,31.0,9.973933441396646,4.54717221268507e-12,11.392386157500127,1.0194496027900722e-08,1.0,0.0,3.3498004637385557,2018.0,2026.0,5.0,3.0,-30.82978084645929,29.30036029898179,60.13014114544108,-31.50209249021112,29.084500643156872,60.58659313336799,7.75,77.27921051102672,88.26954914640756
1040526970,1040034260,1040034260,1040034260,2846.3,2846.3,66467.7,2045604.9,1723,0,0,1,149,148,14.0,14.0,-9.168404343953018,1.1634152325166217e-09,-7.687142083564755,8.858814111511744e-06,1.0,0.0,3.706272563137347,2018.0,2026.0,5.0,3.0,33.26890235736509,-28.887357673575504,-62.1562600309406,34.90361739218845,-20.681044074083943,-55.584661466272394,7.75,-71.03787623103914,-59.560881852123906
1040601200,1040526970,1040034260,1040034260,3186.9,3186.9,308196.7,308196.7,1724,0,0,2,150,149,41.0,41.0,19.95515060667241,1.8645107285008813e-12,22.225554962134915,3.926823157376737e-08,1.0,0.0,3.8059675532008317,2018.0,2026.0,5.0,3.0,-70.24504617728795,52.9979260392314,123.24297221651935,-74.1934805232462,52.257132373904824,126.45061289715102,7.75,154.61485617216408,172.20621640750667
1040601190,1040526970,1040034260,1040034260,3187.1,3187.1,260944.0,1670930.0,1725,0,0,1,151,150,33.0,33.0,22.087489038643028,4.258074401490233e-12,24.63676300850158,1.9566847480652105e-10,1.0,0.0,4.615501612707113,2018.0,2026.0,5.0,3.0,-78.25372229749306,62.07186594031747,140.32558823781054,-77.9391788253395,66.47941988245195,144.41859870779143,7.75,171.13646537812394,190.88854021645304
1040843040,1040601190,1040034260,1040034260,4061.2,4061.2,214876.4,214881.2,1726,0,0,2,152,151,28.0,28.0,21.979539342709767,0.00025304445596428094,23.187911883273518,5.413259310034936e-05,1.0,0.0,3.510489946471833,2018.0,2026.0,5.0,3.0,-104.98763230419858,57.2610313874084,162.248663691607,-99.85754452967082,52.496753803602644,152.35429833327345,7.75,170.30005842537616,179.6626711284437
1040843030,1040601190,1040034260,1040034260,4061.4,4061.4,36656.8,1197395.8,1727,0,0,1,153,152,9.0,9.0,25.880718686535552,3.5266893122416194e-06,26.921034230941267,6.86169635910953e-08,1.0,0.0,2.0916783558461454,2018.0,2026.0,5.0,3.0,-119.93094332925357,66.83336830983664,186.7643116390902,-113.94721907875768,62.1548994923437,176.10211857110139,7.75,200.52685525775664,208.5873425696476
1040837630,1040843030,1040034260,1040034260,4191.0,4191.0,615820.0,615820.0,1728,0,0,2,154,153,69.0,69.0,29.211531713739312,4.018863718068168e-06,29.92872072404621,3.0481765709359102e-06,1.0,0.0,1.8288484196278236,2018.0,2026.0,5.0,3.0,-122.49159874126481,70.4361872005049,192.9277859417697,-115.7178876149766,70.81414044733584,186.53202806231246,7.75,226.3343867211013,231.89125160588853
1040837890,1040843030,1040034260,1040034260,4191.2,4191.2,552624.9,552637.4,1729,0,0,1,155,154,69.0,69.0,29.309645888703795,0.2481564908509586,29.092115127012804,0.20097220350702383,0.9104231820469034,0.0,3.7577074486871744,2018.0,2026.0,5.0,3.0,-122.12671909631369,65.08514041131716,187.21185950763083,-117.88776616018704,64.53078308952469,182.41854924971173,7.75,227.0945868994709,225.4091329485181
1040034270,0,1040034270,1040034270,0.0,0.0,20936.3,20936.3,1730,0,1,0,156,155,4.0,4.0,-5.241911707790283,0.0004007645281949498,-4.3995720983611015,0.002977877261021765,1.0,0.0,2.0545309987148666,2018.0,2026.0,5.0,3.0,11.266718022493395,-34.146514396982745,-45.41323241947614,12.940026318329606,-25.711846450949754,-38.65187276927936,7.75,-40.61494902955921,-34.08840256909492
1040034490,0,1040034490,1040034490,0.0,0.0,3132.1,3132.1,1340,0,1,0,157,156,,,,,,,,,,,,,,,,,,,,,,
1040034610,0,1040034610,1040034610,0.0,0.0,8752.8,8752.8,1520,0,1,0,158,157,,,,,,,,,,,,,,,,,,,,,,
1040034900,0,1040034900,1040034900,0.0,0.0,3938.8,3938.8,1130,0,1,0,159,158,,,,,,,,,,,,,,,,,,,,,,
1040035180,0,1040035180,1040035180,0.0,0.0,26209.6,26209.6,1811,0,1,0,160,159,5.0,5.0,12.02007296168383,0.02229934542739929,6.849547139865969,0.007897199841601471,0.5635663974158962,0.0,7.233846852589052,2018.0,2026.0,5.0,3.0,-13.674362185962252,54.67127615000766,68.34563833596991,22.167585922176848,59.828524576987,37.66093865481015,7.75,93.13294040127376,53.07109762031675
1040035400,0,1040035400,1040035400,0.0,0.0,32381.6,32381.6,1812,0,0,1,161,160,7.0,7.0,8.580628795428346,0.1478188892023971,6.876936837689035,0.0011703076467266284,1.0,0.0,4.342396901645506,2018.0,2026.0,5.0,3.0,0.7576245405431692,49.144622861533605,48.386998320990436,13.962241023568115,57.579680108802144,43.617439085234025,7.75,66.4837220836748,53.28331622357282
1040035410,0,1040035410,1040035410,0.0,0.0,18124.7,18124.7,1813,0,1,0,162,161,5.0,5.0,10.109142346164354,0.1524549650175474,1.299580104906017,0.619738216510617,0.9935810318344999,0.0,16.711517508919073,2018.0,2026.0,5.0,3.0,1.6904052865631916,57.03752219408341,55.34711690752022,32.27085504962706,50.451170916878176,18.180315867251117,7.75,78.3268250229846,10.069299649237585
1040035590,0,1040035590,1040035590,0.0,0.0,54938.2,54938.5,1814,0,0,1,163,162,12.0,12.0,6.148864277583773,0.3619126974691329,3.6779447689928304,0.04211172446231188,0.9979132301665409,0.0,7.157065334864955,2018.0,2026.0,5.0,3.0,10.668308789814429,45.425579108788575,34.75727031897415,22.34580535645764,36.45256238839077,14.106757031933128,7.75,47.64212431365388,28.497149065707628
1040035600,0,1040035600,1040035600,0.0,0.0,21658.1,21658.1,1815,0,1,0,164,163,5.0,5.0,8.381522479542227,0.13178697199050268,3.739997035661034,0.12912113896428462,0.9517967195298036,0.0,7.001664436914656,2018.0,2026.0,5.0,3.0,0.43874699617748336,51.645251752937774,51.20650475676029,21.309626772517465,28.735315152229873,7.425688379712408,7.75,64.94102290788365,28.977937333116294
1040036020,0,1040036020,1040036020,0.0,0.0,48011.9,48011.9,1816,0,0,1,165,164,10.0,10.0,4.576950901163787,0.22039916068036203,5.635199103713553,0.0012975837839103001,1.0,0.0,2.4269884314927785,2018.0,2026.0,5.0,3.0,7.668021561794677,40.48200724242671,32.81398568063204,19.851299232516965,32.59316174325893,12.741862510741967,7.75,35.462754415588,43.66218607394759
1040036030,0,1040036030,1040036030,0.0,0.0,79095.8,79095.8,1817,0,1,0,166,165,12.0,12.0,5.233741572949969,0.21323884295530865,7.00605254793998,0.005167674476350065,0.9350452982121145,0.0,2.717980643846927,2018.0,2026.0,5.0,3.0,-5.006934268007997,49.77139237117064,54.77832663917864,5.7714874998081935,32.11247392540259,26.340986425594394,7.75,40.55164586296622,54.28371994707774
1040036860,0,1040036860,1040036860,0.0,0.0,56180.1,56180.2,1818,0,0,1,167,166,11.0,11.0,0.10859253778298417,0.9763301531642523,3.7233952729004045,0.05731321467138729,1.0,0.0,2.367083344349507,2018.0,2026.0,5.0,3.0,14.78167399755623,37.01887030798321,22.237196310426977,20.21257921252866,20.49551788202675,0.28293866949809043,7.75,0.8413877670796583,28.84930492076152
1040036870,0,1040036870,1040036870,0.0,0.0,258716.0,258716.0,1819,0,1,0,168,167,37.0,37.0,2.3507096776179393,0.5115983994038502,7.22850512885066,0.0002997236777693175,0.791949010800055,0.0,6.702312589499135,2018.0,2026.0,5.0,3.0,10.401695989550719,36.521507359044925,26.119811369494208,7.229735177227195,19.29888806692993,12.069152889702735,7.75,18.213575325554466,56.00730873277856
1040040030,0,1040040030,1040040030,0.0,0.0,41.7,41.7,1820,0,1,0,169,168,,,,,,,,,,,,,,,,,,,,,,
1040040040,0,1040040040,1040040040,0.0,0.0,8.5,8.6,1830,0,1,0,170,169,,,,,,,,,,,,,,,,,,,,,,
1040040050,0,1040040050,1040040050,0.0,0.0,2263.0,2263.0,1840,0,1,0,171,170,,,,,,,,,,,,,,,,,,,,,,
1040040110,0,1040040110,1040040110,0.0,0.0,279.5,279.5,1850,0,1,0,172,171,,,,,,,,,,,,,,,,,,,,,,
1040040140,0,1040040140,1040040140,0.0,0.0,31.3,31.3,1860,0,1,0,173,172,,,,,,,,,,,,,,,,,,,,,,
1040040160,0,1040040160,1040040160,0.0,0.0,40.4,40.4,1870,0,1,0,174,173,,,,,,,,,,,,,,,,,,,,,,
1040040180,0,1040040180,1040040180,0.0,0.0,2.2,2.3,1880,0,1,0,175,174,,,,,,,,,,,,,,,,,,,,,,
1040040190,0,1040040190,1040040190,0.0,0.0,31528.1,980211.9,1621,2,0,1,176,175,8.0,8.0,57.09494993116337,0.06489941849450212,56.850782314360224,0.02546543227276236,1.0,0.0,2.1836315070229753,2018.0,2026.0,5.0,3.0,-163.23175746504822,226.49489345171642,389.72665091676464,-151.18737653714896,228.39873923551417,379.5861157726631,7.75,442.37839371715904,440.4865542769047
1040695540,1040040190,1040040190,1040040190,0.2,0.2,89010.2,89012.0,1622,1,0,3,177,176,14.0,14.0,64.60588014773546,0.005564285127432824,64.22272106868326,0.004655710041714597,1.0,0.0,2.949477057038057,2018.0,2026.0,5.0,3.0,-198.42040597932615,235.3980168293053,433.81842280863145,-187.65856740420287,235.7623345017729,423.42090190597577,7.75,500.57396527882645,497.60520362593735
1040695700,1040040190,1040040190,1040040190,0.3,0.3,5866.8,609863.6,1623,1,0,1,178,177,2.0,2.0,64.77564565001248,0.13090662589114327,64.56371217277064,0.12218654650702009,1.0,0.0,2.8438323281244746,2018.0,2026.0,5.0,3.0,-182.54874711692074,253.6843432499479,436.2330903668686,-165.47394303390246,255.80609457025938,421.28003760416186,7.75,501.8893283765512,500.2472428444652
1040695300,1040040190,1040040190,1040040190,0.3,0.3,249809.0,249809.0,1624,1,0,2,179,178,36.0,36.0,56.08682237426418,0.022743669866892698,55.50308242242496,0.08986981209513656,1.0,0.0,2.8994948995410867,2018.0,2026.0,5.0,3.0,-163.40769469596813,229.0392775264038,392.4469722223719,-156.9964149359693,227.48296115776307,384.4793760937324,7.75,434.56730272188264,430.04441685273827
1041923540,1040695700,1040040190,1040040190,160.6,160.6,182.2,604000.8,1625,1,0,1,180,179,1.0,1.0,60.01035437791326,0.008468538014145155,59.77376073298089,0.002137650645973498,1.0,0.0,3.5057738889719303,2018.0,2026.0,5.0,3.0,-183.86823883652687,213.7905648847421,397.658803721269,-163.02357983195475,215.85154722562672,378.8751270575815,7.75,464.96729059409864,463.13413517956445
1040734180,1041923540,1040040190,1040040190,182.6,182.6,88319.9,88321.4,1626,1,0,2,181,180,18.0,18.0,21.95517141653753,3.7190566693244017e-06,21.04793361053483,4.846281135604127e-10,1.0,0.0,1.2287382761898848,2018.0,2026.0,5.0,3.0,-105.78448925244588,73.42857307603843,179.2130623284843,-82.25198990639261,74.1756122718851,156.4276021782777,7.75,170.1112528646166,163.0818675367928
1040734190,1041923540,1040040190,1040040190,182.8,182.8,48271.2,515498.0,1627,1,0,1,182,181,10.0,10.0,36.82007201865771,4.534680830604424e-06,36.8857765164249,8.797763022390815e-07,1.0,0.0,1.5864050149498556,2018.0,2026.0,5.0,3.0,-152.4359899335255,109.32283430670037,261.75882424022586,-133.4035295767128,108.04202794873466,241.44555752544744,7.75,285.2862527386758,285.7953389226077
1040840230,1040734190,1040040190,1040040190,754.5,754.5,144858.4,144860.4,1629,1,0,1,183,182,27.0,27.0,35.49824534204013,0.000537847452575453,36.178712058004606,0.001978992075368258,1.0,0.0,2.5533267114041047,2018.0,2026.0,5.0,3.0,-131.0595643664911,106.46156088672224,237.5211252532133,-126.09261789032766,108.554673807148,234.64729169747568,7.75,275.04458403278187,280.316920257777
1040840410,1040734190,1040040190,1040040190,754.7,754.7,322356.5,322359.9,1628,1,0,2,184,183,42.0,42.0,25.418527885291446,1.3021589420703525e-05,25.203844321843516,1.6862011518770088e-05,1.0,0.0,1.1287861675008812,2018.0,2026.0,5.0,3.0,-110.81968110584815,82.79857430105352,193.61825540690165,-93.19312078453926,79.9957809640973,173.18890174863657,7.75,196.94574651711102,195.28235299333923
1040040200,0,1040040200,1040040200,0.0,0.0,85787.3,644114.3,1291,2,0,1,185,184,13.0,13.0,2.441015288053034,0.7381973152883231,6.309371338563216,0.37521522424820114,1.0,0.0,6.910188161179779,2018.0,2026.0,5.0,3.0,33.470263021806325,85.81334779185448,52.34308477004816,12.046070485710255,40.192520520373215,28.146450034662962,7.75,18.913273826666902,48.88575191823108
1041533130,1040040200,1040040200,1040040200,161.7,161.7,58303.2,424641.6,1293,1,0,1,186,185,12.0,12.0,6.937842060253493,0.644816464737652,9.698334501003234,0.4640239329879515,1.0,0.0,6.327101819311158,2018.0,2026.0,5.0,3.0,-0.45311637418122575,88.70317057913756,89.15628695331878,-13.517918586853657,50.68715985363557,64.20507844048923,7.75,53.755217058226926,75.14383747526121
1041533240,1040040200,1040040200,1040040200,161.8,161.8,136519.4,136520.9,1292,1,0,2,187,186,23.0,23.0,12.876443989196453,0.4454303445383308,14.277622133119888,0.3371047543258721,1.0,0.0,4.616952705591543,2018.0,2026.0,5.0,3.0,-38.891132339086866,73.64702783673825,112.53816017582511,-39.29133152555681,59.245720454181814,98.53705197973862,7.75,99.7682039409335,110.62469715736971
1041515680,1041533130,1040040200,1040040200,497.1,497.1,53195.9,251264.6,1295,1,0,1,188,187,14.0,14.0,0.10823554980532535,0.9925766849917703,4.90886424525836,0.7062656718594951,1.0,0.0,9.225364574625189,2018.0,2026.0,5.0,3.0,42.53087530892647,53.853847423973455,11.322972115046987,8.133645014985337,-4.810591049398536,-12.944236064383873,7.75,0.8386217822014257,38.0344580809888
1041515780,1041533130,1040040200,1040040200,497.3,497.3,130945.9,130945.9,1294,1,0,2,189,188,19.0,19.0,4.624879556231702,0.6735973776764732,6.166316922328641,0.44183506784918963,1.0,0.0,4.202265239337417,2018.0,2026.0,5.0,3.0,0.9903642489215386,63.07153570952059,62.08117146059905,-7.26240723847845,37.01949004922697,44.28189728770542,7.75,35.83411127757897,47.77734945979481
1041479650,1041515680,1040040200,1040040200,1008.4,1008.4,1273.7,169166.2,1297,1,0,1,190,189,1.0,1.0,-7.770745894368325,0.3713929692979387,-7.342065329315412,0.3755412756501593,1.0,0.0,4.446118078323915,2018.0,2026.0,5.0,3.0,57.80436840467155,28.42866537471612,-29.375703029955428,32.88185357634126,-25.253366416011584,-58.135219992352845,7.75,-60.208654020704614,-56.88718653514748
1041479540,1041515680,1040040200,1040040200,1008.5,1008.5,58303.5,58303.5,1296,1,0,2,191,190,12.0,12.0,-22.473045851769697,0.13300563592097286,-20.603962987977,0.1269422850140666,1.0,0.0,3.790649723497653,2018.0,2026.0,5.0,3.0,126.00190021597211,13.88014985227298,-112.12175036369914,106.9738623977772,-12.267649889551853,-119.24151228732904,7.75,-174.12380495690144,-159.64193088562604
1041478080,1041479650,1040040200,1040040200,1044.9,1044.9,60249.3,60249.9,1298,1,0,2,192,191,13.0,13.0,0.7637096055478039,0.9216520236513057,-1.0636093174828662,0.8597496339203483,1.0,0.0,3.9500859386010063,2018.0,2026.0,5.0,3.0,7.429458707829451,25.03449757537599,17.60503886754654,8.16488359379007,-0.23704003966718012,-8.40192363345725,7.75,5.917311933471006,-8.240970208012353
1041477980,1041479650,1040040200,1040040200,1045.1,1045.1,107644.4,107644.4,1299,1,0,1,193,192,21.0,21.0,-11.196618140803036,0.24137707955465096,-11.617203686562554,0.16839426600116175,1.0,0.0,3.151284055158971,2018.0,2026.0,5.0,3.0,82.91365143986032,39.892670861725726,-43.02098057813459,70.9279538021441,11.740041967299462,-59.18791183484464,7.75,-86.7527155057429,-90.01146182880775
1040040210,0,1040040210,1040040210,0.0,0.0,453381.4,453381.4,1615,2,0,1,194,193,55.0,55.0,21.224363388278046,0.00013772940767253308,19.59681758724296,4.17187442782994e-05,1.0,0.0,3.5587726588823325,2018.0,2026.0,5.0,3.0,-62.9163260913135,84.98417829429168,147.9005043856052,-53.780971810429584,82.06028843847734,135.84126024890693,7.75,164.4488662253987,151.8384497519441
1040040220,0,1040040220,1040040220,0.0,0.0,330180.4,330180.4,1576,2,0,1,195,194,43.0,43.0,0.9316519277287494,0.11792339773462916,0.5476054766549718,0.3495598037250308,1.0,0.0,1.5864296268387519,2018.0,2026.0,5.0,3.0,0.8445809264061616,4.937260564586731,4.09267963818057,1.7852283988118536,5.292900413509508,3.507672014697654,7.75,7.218548817172788,4.24291170139239
1040040230,0,1040040230,1040040230,0.0,0.0,220228.4,220228.4,1611,2,0,1,196,195,28.0,28.0,-1.0020949521644016,0.1274481772279645,-1.2045084747863006,0.07014667553201548,1.0,0.0,1.2477826768616105,2018.0,2026.0,5.0,3.0,10.230430011233002,1.8138826622443525,-8.416547348988649,10.723872788189079,0.17947476169798252,-10.544398026491097,7.75,-7.7643496635872875,-9.332673466516717
1040040240,0,1040040240,1040040240,0.0,0.0,174238.9,174242.0,1290,2,0,1,197,196,23.0,23.0,-5.635583392881669,0.5549497916943976,-8.161030717018484,0.4384485786123724,1.0,0.0,4.26390070376962,2018.0,2026.0,5.0,3.0,34.81749455525503,35.502514553666565,0.6850199984115335,32.599033104914525,6.991754710602048,-25.607278394312477,7.75,-43.665163591663585,-63.23262677388723
1040040250,0,1040040250,1040040250,0.0,0.0,219482.9,219482.9,1581,2,0,1,198,197,33.0,33.0,8.081991593087471,3.2253756895004895e-09,7.443462739711606,3.769690110685494e-09,1.0,0.0,1.9571574142101695,2018.0,2026.0,5.0,3.0,-22.173884612806937,25.121681061420542,47.295565674227475,-20.045810784106333,24.16211921837976,44.207930002486094,7.75,62.62022233658465,57.672825608169326
1040040260,0,1040040260,1040040260,0.0,0.0,149329.1,149329.1,1154,2,0,1,199,198,25.0,25.0,22.128075203122787,0.0190343877891349,22.990704891941213,0.018477347620474423,1.0,0.0,4.591638557259155,2018.0,2026.0,5.0,3.0,-88.31259564321616,58.75399106810651,147.06658671132266,-99.13720193909047,49.95912145823254,149.096323397323,7.75,171.4509317586242,178.1346881428984
1040040270,0,1040040270,1040040270,0.0,0.0,235547.6,235547.6,1120,2,0,1,200,199,32.0,32.0,6.071038421777475,0.023611326642294022,6.302697669983375,0.0002332124655150869,0.9652921577797976,0.0,2.550359922572579,2018.0,2026.0,5.0,3.0,-7.262280422789315,9.79324415784104,17.055524580630355,-10.129887535092708,21.635835768270965,31.76572330336367,7.75,47.03912042061671,48.83404354839959
1040040280,0,1040040280,1040040280,0.0,0.0,258117.3,258117.3,1590,2,0,1,201,200,35.0,35.0,15.53020263737011,0.004107412989903655,14.369723055860437,0.004553840725885738,1.0,0.0,2.8637866097104783,2018.0,2026.0,5.0,3.0,-42.358806852097615,50.428380447947156,92.78718730004476,-36.268399037168976,49.29656682472671,85.56496586189569,7.75,120.32983836757677,111.33830594958258
1040040290,0,1040040290,1040040290,0.0,0.0,120414.1,120414.1,1582,2,0,1,202,201,18.0,18.0,17.206293608350958,4.9081649212085763e-23,16.930078124343073,1.722496153714127e-22,1.0,0.0,1.0799757439777298,2018.0,2026.0,5.0,3.0,-49.836087622664074,52.15960456027799,101.99569218294207,-48.968905738728154,51.902458533951794,100.87136427267995,7.75,133.3163885328767,131.17623844460203
1040040300,0,1040040300,1040040300,0.0,0.0,120043.2,120043.2,1545,2,0,1,203,202,17.0,17.0,-3.903981692902837,0.006793041241377034,-2.7095646912302103,0.0055211420076126515,1.0,0.0,3.068648471965507,2018.0,2026.0,5.0,3.0,20.28191340596902,24.561049105808348,4.279135699839326,9.59863292102202,15.576844830114991,5.9782119090929715,7.75,-30.248509762943268,-20.994026218156044
1040040310,0,1040040310,1040040310,0.0,0.0,381985.8,381985.8,1555,2,0,1,204,203,48.0,48.0,1.2777271601520894,0.09042570126778707,2.020576677907351,0.005774271736450474,1.0,0.0,2.314703676400028,2018.0,2026.0,5.0,3.0,-1.5992180550867283,12.60795961762406,14.207177672710788,-4.557017053048282,14.036482505604441,18.593499558652724,7.75,9.89998046058977,15.655665978036422
1040040320,0,1040040320,1040040320,0.0,0.0,119969.9,119969.9,1157,2,0,1,205,204,20.0,20.0,15.181722199529752,2.2920545693508286e-06,17.09718737359132,6.264650711191267e-10,1.0,0.0,3.468844626774283,2018.0,2026.0,5.0,3.0,-55.76565456877306,45.256560095074434,101.02221466384749,-56.355037742121866,43.584913296889376,99.93995103901125,7.75,117.62977090942971,132.47102058114564
1040040330,0,1040040330,1040040330,0.0,0.0,266191.4,266191.4,1557,2,0,1,206,205,36.0,36.0,-4.472289098319385,0.0003069842007421188,-3.357362974728958,0.00106644936005332,1.0,0.0,3.2547103366998744,2018.0,2026.0,5.0,3.0,29.4700585617137,4.3836581487368145,-25.086400412976886,23.542005845510847,4.2728036742033355,-19.269202171307512,7.75,-34.6518224455684,-26.01324358243108
1040040340,0,1040040340,1040040340,0.0,0.0,114355.0,114355.0,1548,2,0,1,207,206,20.0,20.0,-17.082286141909407,8.132296510182671e-15,-14.863996994362594,1.503400426238583e-22,1.0,0.0,4.319889961913042,2018.0,2026.0,5.0,3.0,76.86969164808467,-28.636239647761926,-105.5059312958466,65.66022299973119,-34.86767502390784,-100.52789802363904,7.75,-132.35556408378815,-115.16799861477384
1040040360,0,1040040360,1040040360,0.0,0.0,144129.8,144129.8,1620,2,0,1,208,207,25.0,25.0,39.339007962654875,0.0014996259558740376,39.98840017226635,0.0046035644523976646,1.0,0.0,2.340692290458531,2018.0,2026.0,5.0,3.0,-140.7729751043513,123.57235028279241,264.3453253871437,-134.80235407617607,123.72522641807724,258.5275804942533,7.75,304.80326498100834,309.83483227245387
1040040370,0,1040040370,1040040370,0.0,0.0,79610.5,79610.5,1160,2,0,1,209,208,13.0,13.0,44.79923503702658,0.2102845796106021,48.75886253050407,0.18399436011933643,1.0,0.0,5.552599949152103,2018.0,2026.0,5.0,3.0,-137.4654856170081,54.6829070998749,192.14839271688302,-155.3478816695866,33.85260156048221,189.2004832300688,7.75,347.109747172581,377.78940714942235
1040040380,0,1040040380,1040040380,0.0,0.0,324045.0,324045.0,1551,2,0,1,210,209,43.0,43.0,6.498482701313119,0.003461046191944272,6.463390543094464,9.391882745406061e-05,1.0,0.0,1.4892348334038108,2018.0,2026.0,5.0,3.0,-20.323934463929852,18.204095611165062,38.52803007509492,-21.64475083469148,16.323481768890908,37.968232603582386,7.75,50.35100902044114,50.079110847248
1040040410,0,1040040410,1040040410,0.0,0.0,159581.7,159581.7,1572,2,0,1,211,210,23.0,23.0,-4.052532410078465,2.1488271352509616e-08,-3.905202766954919,1.1071177112124067e-07,1.0,0.0,0.4891533750040998,2018.0,2026.0,5.0,3.0,20.25449647254894,-13.764384434249237,-34.018880906798174,19.451022086705446,-14.095026168303479,-33.54604825500893,7.75,-31.399498208137047,-30.2579707884529
1040040420,0,1040040420,1040040420,0.0,0.0,219723.7,219723.7,1558,2,0,1,212,211,29.0,29.0,-0.4012208885278292,0.6080458430474763,-0.13282864239034042,0.8499868697163846,1.0,0.0,1.0826972190687199,2018.0,2026.0,5.0,3.0,11.755165332656947,16.035668711545924,4.280503378888977,9.557001829732318,14.6140083062745,5.057006476542181,7.75,-3.108706679079416,-1.029171958835492
1040040430,0,1040040430,1040040430,0.0,0.0,396401.4,396401.4,1556,2,0,1,213,212,50.0,50.0,-1.333617174598437,0.13636335661065174,-0.8071804347265121,0.32596930210901215,1.0,0.0,1.609523559679465,2018.0,2026.0,5.0,3.0,12.154055649335888,12.81005100728496,0.655995357949072,9.187522274483758,12.860013957904128,3.67249168342037,7.75,-10.333022872316434,-6.254129035663325
1040040440,0,1040040440,1040040440,0.0,0.0,64129.7,64129.7,1151,2,0,1,214,213,12.0,12.0,15.894323399410627,0.5481867361917944,18.816576027639616,0.3455781581418565,1.0,0.0,4.85300133837629,2018.0,2026.0,5.0,3.0,-67.2668819443156,12.728220361106773,79.99510230542238,-72.31132799375146,8.07260113087222,80.38392912462368,7.75,123.15108889892424,145.79304629218376
1040040490,0,1040040490,1040040490,0.0,0.0,118021.6,118021.6,1616,2,0,1,215,214,19.0,19.0,7.102031610828388,0.005608079593320184,5.632979227373055,0.008736255926736512,1.0,0.0,4.110767333454335,2018.0,2026.0,5.0,3.0,-13.070457591609998,40.90026747826356,53.97072506987355,-6.375406022451661,36.195580993485585,42.57098701593725,7.75,55.0273770257203,43.64498621072073
1040040510,0,1040040510,1040040510,0.0,0.0,162922.5,162922.5,1612,2,0,1,216,215,25.0,25.0,12.751456574333986,1.1260452048783509e-08,11.23996954301657,3.5244880537263313e-12,1.0,0.0,1.7691910382226979,2018.0,2026.0,5.0,3.0,-35.45732224104235,42.23406212636497,77.69138436740732,-29.209402007952484,36.9943536008421,66.20375560879458,7.75,98.79978673611275,87.0886072737492
1040040520,0,1040040520,1040040520,0.0,0.0,52431.0,52431.0,1543,2,0,1,217,216,10.0,10.0,-7.2652322632985635,5.9383376392308736e-05,-5.47990369145303,1.53678400346662e-05,1.0,0.0,3.884304400349428,2018.0,2026.0,5.0,3.0,24.409446607970104,5.936722028482609,-18.472724579487494,7.7501010238375185,-12.57887638361582,-20.328977407453337,7.75,-56.29187489427772,-42.458938937199385
1040040540,0,1040040540,1040040540,0.0,0.0,177714.3,177714.3,1559,2,0,1,218,217,26.0,26.0,-8.280003986571089,2.384590697740135e-12,-6.659947230871916,5.620014700883037e-14,1.0,0.0,4.133858216072862,2018.0,2026.0,5.0,3.0,42.60265981936078,-10.02095127924629,-52.62361109860707,34.00506054798832,-10.005599433786504,-44.01065998177482,7.75,-64.15444567281638,-51.602055204291645
1040040550,1040008100,1040040550,1040008100,0.0,1.0,48974.3,48974.3,1140,2,0,2,219,218,11.0,11.0,18.493559000345854,0.02502504007493931,17.954798425155726,0.0016028438929076376,1.0,0.0,2.89553706311524,2018.0,2026.0,5.0,3.0,-65.04057708673515,46.80323317449116,111.84381026122631,-76.39513005978671,49.535688212999084,125.93081827278579,7.75,143.2902723366975,139.11589197314362
1040040560,0,1040040560,1040040560,0.0,0.0,159786.8,159786.8,1573,2,0,1,220,219,23.0,23.0,-3.0089791755751283,1.6098013235126107e-05,-2.843311809965821,3.922789038653639e-05,1.0,0.0,0.5675219248185689,2018.0,2026.0,5.0,3.0,15.562065017761219,-11.85377933989597,-27.41584435765719,14.669646115362369,-11.225603157825779,-25.89524927318815,7.75,-23.31392489220428,-22.030314639844693
1040040580,0,1040040580,1040040580,0.0,0.0,132747.3,132747.3,1542,2,0,1,221,220,21.0,21.0,-0.5200887058911801,0.4933815594963111,0.5507514173326279,0.463323375319607,1.0,0.0,3.287327801247331,2018.0,2026.0,5.0,3.0,9.067678526837405,-1.4995055835167765,-10.567184110354182,1.6436471176252394,-1.6800668866993849,-3.323714004324624,7.75,-4.029708522031594,4.267286820126864
1040040590,0,1040040590,1040040590,0.0,0.0,97314.8,97314.8,1614,2,0,1,222,221,19.0,19.0,18.2844347626422,3.470452470153814e-08,15.620261314096929,4.932225296158228e-10,1.0,0.0,3.6203510082513652,2018.0,2026.0,5.0,3.0,-49.593808274937395,72.46809119389349,122.06189946883089,-38.88159076177872,65.65203735813962,104.53362811991835,7.75,141.66995312327836,121.02762359724657
1040040600,0,1040040600,1040040600,0.0,0.0,102162.7,102162.7,1577,2,0,1,223,222,23.0,23.0,3.5140868452896403,3.51346561099211e-05,2.5354535332316472,0.0012631442797387787,1.0,0.0,3.4384062800272446,2018.0,2026.0,5.0,3.0,-8.750971249841331,9.005513134870478,17.75648438471181,-5.650622779390621,9.616779834467863,15.267402613858483,7.75,27.227558582257856,19.644992468297225
1040040610,0,1040040610,1040040610,0.0,0.0,122279.7,122279.7,1617,2,0,1,224,223,21.0,21.0,12.179538657155904,0.003550889501918252,11.250352413389468,0.00209057050310706,1.0,0.0,2.592069124591399,2018.0,2026.0,5.0,3.0,-31.000237635242126,35.10788157915092,66.10811921439304,-26.53224697913194,33.221518737915694,59.753765717047635,7.75,94.36849938330242,87.16905497574865
1040040630,0,1040040630,1040040630,0.0,0.0,142015.7,142015.7,1586,2,0,1,225,224,22.0,22.0,3.0254578251398705,0.0013326350713211163,2.5260196979809626,0.006668551846005839,1.0,0.0,2.721121453481106,2018.0,2026.0,5.0,3.0,-8.37426712206253,10.304140445445524,18.678407567508053,-4.996260194592741,15.204103600244537,20.20036379483728,7.75,23.4416034090235,19.57189800215229
1040040660,0,1040040660,1040040660,0.0,0.0,31900.0,31900.8,1155,2,0,1,226,225,9.0,9.0,19.75833625776891,0.02249594866972858,19.455765296921935,0.0014377409232167215,1.0,0.0,2.535926518222314,2018.0,2026.0,5.0,3.0,-90.6537325820192,60.93417802662424,151.58791060864343,-91.51495250631572,62.01640398693433,153.53135649325006,7.75,153.089915426382,150.74556000079147
1040040670,0,1040040670,1040040670,0.0,0.0,62699.9,62699.9,1583,2,0,1,227,226,11.0,11.0,25.96907946311313,3.0934036370932695e-35,25.68902744333701,7.275341249836555e-35,1.0,0.0,1.2785102431353814,2018.0,2026.0,5.0,3.0,-76.10969896387971,87.1048671902109,163.21456615409062,-75.28960191308619,87.0073758930525,162.29697780613867,7.75,201.21148495718046,199.04160893810746
1040040740,0,1040040740,1040040740,0.0,0.0,48908.3,48908.3,1546,2,0,1,228,227,10.0,10.0,-11.74319984257204,0.00010003124481521335,-4.755361585404409,0.0002520246654894613,1.0,0.0,13.295234927526831,2018.0,2026.0,5.0,3.0,61.04764680983834,36.3383255212072,-24.709321288631138,24.237835688271097,24.535029150355452,0.2971934620843548,7.75,-90.98769487879225,-36.84510140094313
1040040750,0,1040040750,1040040750,0.0,0.0,34051.0,34051.0,1549,2,0,1,229,228,8.0,8.0,-18.785786211547148,7.425343132872913e-15,-13.989811265696751,6.287119479753898e-22,1.0,0.0,9.120413295004056,2018.0,2026.0,5.0,3.0,82.00987578019812,-23.70058754090047,-105.71046332109859,54.29263551857747,-40.68566093036082,-94.9782964489383,7.75,-145.55448317228866,-108.39470467329721
1040040790,0,1040040790,1040040790,0.0,0.0,77669.7,77669.7,1578,2,0,1,230,229,15.0,15.0,-0.07169079011686375,0.9502841572775806,1.5322724971293955,0.3067549564322322,1.0,0.0,3.3516482616513117,2018.0,2026.0,5.0,3.0,3.7155538609698007,-11.13379439177051,-14.84934825274031,1.0465636095104016,3.9336374726719634,2.887073863161562,7.75,-0.5554686818089648,11.872227698497438
1040040830,0,1040040830,1040040830,0.0,0.0,130643.4,130643.4,1575,2,0,1,231,230,20.0,20.0,-2.043364038246366,0.00040053302669204664,-1.8581663641501835,0.0010470582414914757,1.0,0.0,0.7396319066441326,2018.0,2026.0,5.0,3.0,13.033202379648026,-9.736854847695168,-22.770057227343194,11.270788231267666,-6.455385132512958,-17.726173363780624,7.75,-15.832225128643987,-14.39729174687206
1040040870,0,1040040870,1040040870,0.0,0.0,98432.9,98432.9,1541,2,0,1,232,231,18.0,18.0,0.8305623603072259,0.32527013211752676,2.0448805565175414,0.02480793700472351,1.0,0.0,3.681985178524653,2018.0,2026.0,5.0,3.0,1.315432883259809,-4.932568442052104,-6.248001325311913,-4.218958276155823,-1.8910850379628965,2.327873238192927,7.75,6.435294947760299,15.843975290745085
1040040890,0,1040040890,1040040890,0.0,0.0,173236.6,173236.6,1553,2,0,1,233,232,23.0,23.0,1.3532180991843148,0.08416856562860313,1.9280728857218248,0.019625787923447918,1.0,0.0,1.8003046464473078,2018.0,2026.0,5.0,3.0,-5.350945876796664,-4.556937780831355,0.7940080959653093,-7.565220834458569,-4.100628021827645,3.464592812630924,7.75,10.484893143577306,14.938935705935016
1040040900,0,1040040900,1040040900,0.0,0.0,62220.1,62220.1,1158,2,0,1,234,233,11.0,11.0,14.694712089945195,1.1726708612207379e-07,15.269632385893217,1.2023461748345554e-12,1.0,0.0,2.599530054862075,2018.0,2026.0,5.0,3.0,-55.982085445344204,45.08259533066328,101.06468077600749,-52.84401365558979,39.149833629499035,91.99384728508883,7.75,113.85635924584506,118.31090938282767
1040040920,0,1040040920,1040040920,0.0,0.0,54894.2,54894.2,1156,2,0,1,235,234,10.0,10.0,21.304732999154538,0.00017658532424375128,25.169382065075112,1.5266558908871722e-06,1.0,0.0,6.663748877334024,2018.0,2026.0,5.0,3.0,-82.21396653242344,61.38993083828933,143.6038973707128,-98.38006444483976,54.80854010711192,153.18860455195167,7.75,165.07157943218985,195.01533537073942
1040040960,0,1040040960,1040040960,0.0,0.0,287861.0,287861.0,1552,2,0,1,236,235,37.0,37.0,3.0418401382559987,2.8318242780535712e-05,3.093561874182594,3.6936313173940374e-05,1.0,0.0,1.1161912127020113,2018.0,2026.0,5.0,3.0,-6.221625470988873,4.568198908439153,10.789824379428026,-8.239037950746935,3.0827706620934734,11.321808612840409,7.75,23.568535499697404,23.96928159873167
1040040970,0,1040040970,1040040970,0.0,0.0,131545.5,131545.5,1585,2,0,1,237,236,18.0,18.0,8.798228145566624,3.842330195343506e-13,7.999865160562258,1.236132453072193e-12,1.0,0.0,2.4144879435337323,2018.0,2026.0,5.0,3.0,-28.346301214063864,29.10361608048956,57.44991729455342,-25.86012618917755,28.187567030422755,54.047693219600305,7.75,68.16970746599192,61.98389706883283
1040040990,0,1040040990,1040040990,0.0,0.0,44501.8,44501.8,1589,2,0,1,238,237,10.0,10.0,-0.4924200601852462,0.7220819013809939,-0.08001338008309,0.9556535215468672,1.0,0.0,1.5310022376039512,2018.0,2026.0,5.0,3.0,-2.325654039890563,-12.478307229657494,-10.15265318976693,0.991631359294265,-1.041427527586028,-2.0330588868802932,7.75,-3.815328597739211,-0.619953088665694
1040041020,0,1040041020,1040041020,0.0,0.0,54919.2,54919.2,1152,2,0,1,239,238,11.0,11.0,13.248362875888787,0.5170235256013144,15.385658655024997,0.30084071671512563,1.0,0.0,3.697207239990359,2018.0,2026.0,5.0,3.0,-51.11336493517057,12.649757031101252,63.763121966271825,-65.48290222562225,-1.630496533969615,63.85240569165264,7.75,102.64987526013763,119.20989457555304
1040041030,0,1040041030,1040041030,0.0,0.0,172561.6,172561.6,1613,2,0,1,240,239,23.0,23.0,-0.32350633012667074,0.7208767854175502,-1.3016419987608938,0.12387599759693815,1.0,0.0,2.542596473339647,2018.0,2026.0,5.0,3.0,11.071373717692968,-0.31520835212006887,-11.386582069813036,14.567002320525352,-3.9242840155879146,-18.491286336113266,7.75,-2.50656513144005,-10.085275445566953
1040041040,0,1040041040,1040041040,0.0,0.0,48737.5,48737.5,1584,2,0,1,241,240,11.0,11.0,35.023224062428085,5.320502960639894e-24,35.1511040987635,5.550921693220989e-24,1.0,0.0,0.3821904737108333,2018.0,2026.0,5.0,3.0,-101.67364484836165,95.75828834750978,197.4319331958714,-101.98436568062756,96.33480278556912,198.3191684661967,7.75,271.3640632352402,272.3548928117747
1040041070,0,1040041070,1040041070,0.0,0.0,146405.2,146405.2,1547,2,0,1,242,241,23.0,23.0,-6.752840920052419,8.795262330585944e-05,-5.292708992442667,3.359217264404653e-05,1.0,0.0,4.081725027443081,2018.0,2026.0,5.0,3.0,37.62088787267856,11.686767457742212,-25.934120414936345,29.498147885615612,7.617783868099715,-21.880364017515898,7.75,-52.32180644421177,-41.00853237128747
1040041200,0,1040041200,1040041200,0.0,0.0,214009.1,214009.1,1554,2,0,1,243,242,31.0,31.0,-0.33270540884174304,0.6239558284203266,0.2820424935003472,0.6717314786261994,1.0,0.0,1.8612800856057599,2018.0,2026.0,5.0,3.0,4.169733105565321,-0.42069495362214343,-4.590428059187464,0.49567005645418394,-1.7676302706758271,-2.263300327130011,7.75,-2.577840676309741,2.185298443821992
1040041270,0,1040041270,1040041270,0.0,0.0,27095.2,27095.2,1153,2,0,1,244,243,7.0,7.0,18.888929839863717,0.23703781032319973,19.539375385397555,0.0821398832581583,1.0,0.0,4.759930025956594,2018.0,2026.0,5.0,3.0,-63.39177474060383,19.069013945657403,82.46078868626122,-90.10102306797444,5.858558003910017,95.95958107188446,7.75,146.3536521473356,151.39338080951427
1040041310,0,1040041310,1040041310,0.0,0.0,74525.3,74525.3,1574,2,0,1,245,244,15.0,15.0,-5.305939611365662,7.787464673982429e-17,-4.921435947873055,5.460616133660893e-17,1.0,0.0,1.060230397579679,2018.0,2026.0,5.0,3.0,25.586878310007595,-15.386097158972847,-40.972975468980444,23.1176495853578,-13.081563690561998,-36.199213275919796,7.75,-41.11104476431163,-38.13186511288364
1040041430,0,1040041430,1040041430,0.0,0.0,87466.4,87466.4,1571,2,0,1,246,245,15.0,15.0,-3.75267654995581,3.272677168922796e-07,-3.4330042484218124,3.5451290437087895e-07,1.0,0.0,0.928782821857012,2018.0,2026.0,5.0,3.0,22.807372643257043,0.5128712500307834,-22.29450139322626,21.184302754050826,0.27409894889980463,-20.91020380515102,7.75,-29.0761797026008,-26.599321076067707
1040041770,0,1040041770,1040041770,0.0,0.0,8783.3,8783.6,1170,2,0,1,247,246,3.0,3.0,8.1721897144409,0.2956235399654481,9.444814246208228,0.1132848942825048,1.0,0.0,2.907466613883281,2018.0,2026.0,5.0,3.0,-14.705091365811109,104.70378648227627,119.40887784808739,-21.14225447105149,61.62804843449135,82.77030290554283,7.75,63.31908799963792,73.17953269478244
1040042060,0,1040042060,1040042060,0.0,0.0,78489.2,78489.2,1588,2,0,1,248,247,12.0,12.0,5.38941287233473,4.6233546401556165e-05,4.98149426489503,5.789756749980734e-05,1.0,0.0,1.340695859243177,2018.0,2026.0,5.0,3.0,-22.69626056343847,10.539269853617029,33.2355304170555,-21.136996724265497,10.875372185326436,32.012368909591935,7.75,41.7578054174053,38.597204023690445
1040042340,0,1040042340,1040042340,0.0,0.0,36156.7,36156.7,1544,2,0,1,249,248,9.0,9.0,-1.415542171261872,0.17082906428867112,-0.8160030920060324,0.3020434454650573,1.0,0.0,1.678202075010139,2018.0,2026.0,5.0,3.0,9.03687806887439,12.99942123689251,3.9625431680181205,3.2752875155701147,7.778119430360726,4.502831914790612,7.75,-10.96778739129664,-6.322488022935173
1040042410,0,1040042410,1040042410,0.0,0.0,74862.8,74862.8,1587,2,0,1,250,249,12.0,12.0,1.7922035755351664,0.118569222752617,0.6051504097735374,0.5839812279459395,1.0,0.0,3.768598826207889,2018.0,2026.0,5.0,3.0,-7.6870278536298,5.221469260245957,12.908497113875757,-1.987429401352749,7.481180720139082,9.468610121491832,7.75,13.886204295043179,4.688776617820975
1040044540,0,1040044540,1040044540,0.0,0.0,16877.3,16877.3,1159,2,0,1,251,250,4.0,4.0,11.702850005418135,7.108577970382877e-06,12.350941842167726,1.9986142448895633e-09,1.0,0.0,2.221423506490032,2018.0,2026.0,5.0,3.0,-48.16034208148305,38.52801918573499,86.68836126721804,-46.55779725345237,41.55641331590629,88.11421056935866,7.75,90.67505959023498,95.69655143965686
8040000010,0,8040000010,8040000010,0.0,0.0,55235.1,55235.1,8111,0,1,0,1,251,14.0,14.0,-160.9699161753673,1.276087791512387e-07,,,0.5781104100151896,0.8021192127672913,62.43508438010766,2018.0,2026.0,5.0,3.0,754.413993970788,-565.1132446766975,-1319.5272386474855,,,,7.75,-1247.2138611260493,
8040000810,0,8040000810,8040000810,0.0,0.0,65704.6,65704.6,8112,0,0,1,2,252,12.0,12.0,-147.32599314181059,8.207652069671515e-11,,,0.9860590160401055,0.9922143595745584,19.235736081046486,2018.0,2026.0,5.0,3.0,643.1703314466097,-545.0628873062689,-1188.2332187528787,,,,7.75,-1141.4991391959588,
8040000820,0,8040000820,8040000820,0.0,0.0,52803.2,52803.2,8113,0,1,0,3,253,11.0,11.0,-114.90657009231352,2.560626309641899e-10,,,0.9203289121568745,1.0,9.805762643544742,2018.0,2026.0,5.0,3.0,497.88378339262744,-409.721822640669,-907.6056060332965,,,,7.75,-890.3096327481103,
8040002260,0,8040002260,8040002260,0.0,0.0,50346.1,50346.5,8114,0,0,1,4,254,12.0,12.0,-55.83076072336042,3.161455876005708e-11,,,1.0,0.994331288129241,3.338505353354473,2018.0,2026.0,5.0,3.0,248.86124292112973,-225.33112307594578,-474.1923659970755,,,,7.75,-432.58330690516084,
8040002270,0,8040002270,8040002270,0.0,0.0,121885.2,121885.2,8115,0,1,0,5,255,26.0,26.0,-6.884277654321515,0.014149256830346926,,,0.7963357192470738,0.40386088057510633,2.35163373851351,2018.0,2026.0,5.0,3.0,60.53839075736441,-34.136229467592464,-94.67462022495687,,,,7.75,-53.34019373505787,
8040004480,0,8040004480,8040004480,0.0,0.0,35916.7,35917.5,8116,0,0,1,6,256,9.0,9.0,-7.020582997750061,0.006827576596734145,-8.700614580911914,2.5170130685812833e-05,0.8585613502719099,0.10471467586040845,1.7340380115542164,2018.0,2026.0,5.0,3.0,37.2022586295725,-66.89971511161517,-104.10197374118766,39.880201114295545,-41.110559498065946,-80.9907606123615,7.75,-54.396303582841,-67.41338607523811
8040004490,0,8040004490,8040004490,0.0,0.0,23476.0,23476.0,8117,0,1,0,7,257,6.0,6.0,-1.507932440523284,0.5378278611901487,,,0.3772468300210242,0.0,2.0358011038491703,2018.0,2026.0,5.0,3.0,16.99466190741665,-56.22033741431904,-73.21499932173569,,,,7.75,-11.683638074417232,
8040004910,0,8040004910,8040004910,0.0,0.0,123079.4,123079.4,8118,0,0,1,8,258,20.0,20.0,-9.986497156332234,0.00021465148223678656,-11.095900669141574,1.8303270995400288e-10,0.9975184828058771,0.13264604132526764,2.45796955351705,2018.0,2026.0,5.0,3.0,51.42733237454034,-85.44672628710794,-136.8740586616483,51.07397509482042,-65.27817411752297,-116.35214921234339,7.75,-77.37655565344346,-85.9723446780853
8040004920,0,8040004920,8040004920,0.0,0.0,37621.8,37621.8,8119,0,1,0,9,259,9.0,9.0,-0.14146924889253754,0.9486421588142091,-3.12672719621761,0.17980191316656352,0.7158359054853999,0.0,3.051291149270491,2018.0,2026.0,5.0,3.0,15.534535450271145,-56.661585038448244,-72.19612048871939,24.813073206927548,-58.03039891251484,-82.8434721194424,7.75,-1.0961203952522416,-24.226250418332203
8040005510,0,8040005510,8040005510,0.0,0.0,85256.7,832828.8,8121,0,0,1,10,260,15.0,15.0,-4.565137477367872,0.0796742385833521,-7.638527301721073,0.0009974329193284694,1.0,0.0,3.1748961039555446,2018.0,2026.0,5.0,3.0,34.447810225169086,-67.66765346024499,-102.11546368541408,45.66117218809874,-61.90628022765858,-107.56745241575732,7.75,-35.37122261725141,-59.18420879909826
8040183880,8040005510,8040005510,8040005510,796.9,796.9,42606.6,666821.3,8123,0,0,1,11,261,10.0,10.0,0.35365128970564985,0.8610029276760404,-2.389058727852529,0.12704458995935938,1.0,0.0,3.6402040141375545,2018.0,2026.0,5.0,3.0,12.757509772566145,-43.64140009208012,-56.398909864646264,17.847228731290528,-30.17967253063216,-48.02690126192269,7.75,2.7401318271512367,-18.510708281513093
8040183760,8040005510,8040005510,8040005510,797.2,797.2,80725.1,80725.1,8122,0,0,2,12,262,15.0,15.0,2.3513789528783757,0.20102026242230397,-0.02787456941115707,0.9853302291992809,1.0,0.0,3.147008613439933,2018.0,2026.0,5.0,3.0,11.54676849272027,-23.042562662025077,-34.589331154745345,16.904704689169993,-22.41574150646082,-39.32044619563081,7.75,18.218760949064485,-0.21597544540335253
8040176200,8040183880,8040005510,8040005510,1137.4,1137.4,114606.9,114608.5,8124,0,0,2,13,263,21.0,21.0,-8.812325529126658,0.0003786750209118842,,,1.0,0.37989919600894445,3.796290818560652,2018.0,2026.0,5.0,3.0,49.494825088475764,-64.12836007626613,-113.6231851647419,,,,7.75,-68.27893565346596,
8040176060,8040183880,8040005510,8040005510,1137.7,1137.7,77621.5,509645.1,8125,0,0,1,14,264,15.0,15.0,-1.303839100997262,0.38679827221282753,-0.18633534202980684,0.8901598122412259,1.0,0.0,5.166774132369192,2018.0,2026.0,5.0,3.0,10.241701653629834,-14.507704038038765,-24.7494056916686,-6.6945897677026664,-10.843991122699713,-4.149401354997046,7.75,-10.102298852353872,-1.443748166856546
8040141350,8040176060,8040005510,8040005510,1613.4,1613.4,91658.5,91659.1,8126,0,0,2,15,265,16.0,16.0,-8.512011136862922,7.520796271887397e-07,-8.79792578190669,8.847982381475139e-08,1.0,0.0,3.475765061064323,2018.0,2026.0,5.0,3.0,22.915682948264863,-21.436077664120276,-44.351760612385135,19.575075482896132,-19.834761268415473,-39.4098367513116,7.75,-65.95206438691875,-68.1673647167582
8040141480,8040176060,8040005510,8040005510,1613.6,1613.6,92571.4,340353.2,8127,0,0,1,16,266,19.0,19.0,2.392797756140091,0.39676444094895064,1.4559399645054292,0.4280559664243172,1.0,0.0,2.8091266587911776,2018.0,2026.0,5.0,3.0,-27.118985016762394,2.553765572767665,29.67275058953006,-30.368765767110887,10.83055119764837,41.199316964759255,7.75,18.53967871287189,11.280794249282312
8040219290,8040141480,8040005510,8040005510,2258.1,2258.1,196663.3,196663.3,8129,0,0,1,17,267,29.0,29.0,-16.326298302770205,0.003612361541498721,-23.60420239908357,2.6742364696819542e-14,1.0,0.12693697716764238,22.61047794262532,2018.0,2026.0,5.0,3.0,74.48696657434921,-54.69607388388483,-129.18304045823405,105.73402591821812,-89.5044853914391,-195.2385113096572,7.75,-126.4980813055159,-182.88813905381656
8040219130,8040141480,8040005510,8040005510,2258.2,2258.2,51109.3,51109.9,8128,0,0,2,18,268,12.0,12.0,-0.7205998027786258,0.7846850182130369,-2.758346577201678,0.010538326692637299,1.0,0.0,3.1793006831951347,2018.0,2026.0,5.0,3.0,-5.855557835590083,-9.459786459170132,-3.60422862358005,13.79078759345569,4.9133330995671285,-8.87745449388856,7.75,-5.583292106402494,-21.37199401363655
8040005520,0,8040005520,8040005520,0.0,0.0,96579.1,96579.1,8131,0,1,0,19,269,18.0,18.0,0.8943993033464648,0.7441913402249212,-5.489123983489158,0.0670917802863203,0.7295333938716188,0.0,6.517267339422908,2018.0,2026.0,5.0,3.0,20.286784650070587,-38.48965151093102,-58.776436161001605,43.03967736611759,-31.758029194670623,-74.79770656078821,7.75,6.929911097797387,-42.53037884537801
8040007020,0,8040007020,8040007020,0.0,0.0,30059.7,30059.9,8132,0,0,1,20,270,9.0,9.0,3.5360108657264444,0.08425188375565795,-3.578902537360637,0.050323747423083424,0.996823084302001,0.0,6.3799624221412765,2018.0,2026.0,5.0,3.0,12.193999824919795,-18.256620025664503,-30.450619850584296,35.27382276732601,-13.3754330504054,-48.64925581773141,7.75,27.39742847366417,-27.729758195018764
8040007030,0,8040007030,8040007030,0.0,0.0,1869.9,1869.9,8133,0,1,0,21,271,2.0,2.0,3.4218899035569814,0.11439260491985791,-5.988508825435304,0.03958730288759024,0.9255321487269663,0.0,11.564235779824308,2018.0,2026.0,5.0,3.0,14.098766758605123,-21.565588802606054,-35.66435556121118,45.70537531159262,-8.243581541910233,-53.94895685350285,7.75,26.513205823590027,-46.399671392147596
8040007180,0,8040007180,8040007180,0.0,0.0,32534.9,32534.9,8134,0,0,1,22,272,10.0,10.0,2.953865048756592,0.0886173126189752,-3.6929475258397844,0.060188531880400485,0.9345421235918643,0.0,3.4446148324037513,2018.0,2026.0,5.0,3.0,16.337171365708848,-9.28566796280962,-25.622839328518467,32.86278339494339,-9.870816636415384,-42.733600031358776,7.75,22.886894149161275,-28.61339219199614
8040007190,0,8040007190,8040007190,0.0,0.0,72869.8,72869.8,8135,0,1,0,23,273,13.0,13.0,3.3390631275275275,0.06109912841423469,1.5438603519022065,0.4572904007256516,0.8856834234904654,0.0,4.903611914348039,2018.0,2026.0,5.0,3.0,19.16111306547622,9.43430968647712,-9.726803378999099,17.74222868540337,7.729112147852035,-10.013116537551333,7.75,25.8714542119176,11.962011761487323
8040008230,0,8040008230,8040008230,0.0,0.0,17990.5,17990.5,8136,0,0,1,24,274,7.0,7.0,0.48292982885867985,0.7315958780197855,4.182400056531385,0.017192004496054576,1.0,0.0,6.934640414930093,2018.0,2026.0,5.0,3.0,17.1009435223828,15.31276179606751,-1.7881817263152886,-0.3725837071465179,12.485465944385844,12.858049651532362,7.75,3.741797168158971,32.40572802185851
8040008240,0,8040008240,8040008240,0.0,0.0,6607.4,6607.4,8137,0,1,0,25,275,3.0,3.0,-0.11830228763470352,0.9330815125971494,5.295423416566774,0.00308995422016302,1.0,0.0,7.693803111320193,2018.0,2026.0,5.0,3.0,16.066013060412136,21.21534184612718,5.149328785715046,-8.644727715848406,30.348306880990123,38.99303459683853,7.75,-0.9166200520361697,41.02956404896365
8040008380,0,8040008380,8040008380,0.0,0.0,59613.5,59613.5,8138,0,0,1,26,276,11.0,11.0,-0.15095187486674178,0.8998866179979219,0.36226695858329894,0.7926805793040681,1.0,0.0,4.476513817057996,2018.0,2026.0,5.0,3.0,21.020169022652436,2.274641504800003,-18.745527517852434,12.826754792051165,-1.0225183101794169,-13.849273102230582,7.75,-1.1695928976670205,2.8068870439171416
8040008390,0,8040008390,8040008390,0.0,0.0,48458.2,48458.2,8139,0,1,0,27,277,10.0,10.0,-5.575019852307568,2.274377290172325e-06,-2.9787991203661015,0.009408772928182992,1.0,0.0,3.950996594921646,2018.0,2026.0,5.0,3.0,33.09504264037601,6.621199711860426,-26.47384292851558,18.111932589726656,16.68480084433777,-1.4271317453888877,7.75,-43.19591014929615,-23.080086271419763
8040008900,0,8040008900,8040008900,0.0,0.0,40647.5,40647.5,8210,0,1,0,28,278,9.0,9.0,-8.774204962636036,2.0298797637264758e-07,-7.382730211596606,2.353976852193888e-05,1.0,0.0,3.3870415679319383,2018.0,2026.0,5.0,3.0,47.895852477159096,-29.688600090706803,-77.5844525678659,40.09207298793676,-24.62782849750251,-64.71990148543927,7.75,-67.98357301645444,-57.2022628304405
8040009560,0,8040009560,8040009560,0.0,0.0,198883.4,1795841.4,8221,0,0,1,29,279,31.0,31.0,-4.713426712739535,0.0001077036184292431,-2.210527605070828,0.14240760617983933,1.0,0.0,4.951932606635826,2018.0,2026.0,5.0,3.0,22.214397549262003,-38.68452803604774,-60.89892558530974,20.14740618985412,-32.50055579990934,-52.64796198976346,7.75,-36.52018507064445,-17.127428124162748
8040183170,8040009560,8040009560,8040009560,914.3,914.3,118762.6,1434157.1,8223,0,0,1,30,280,19.0,19.0,-15.552863779656992,0.04380289357221257,-9.270013513813861,1.6281542896547078e-09,1.0,0.0,7.399962367885135,2018.0,2026.0,5.0,3.0,23.897565786707553,-44.183397124504985,-68.08096291121254,25.737448549656342,-32.24349405907214,-57.98094260872848,7.75,-120.50541956585705,-71.82515604132301
8040183070,8040009560,8040009560,8040009560,914.5,914.5,162690.7,162692.6,8222,0,0,2,31,281,27.0,27.0,-13.814241460014795,0.00018215309128282969,-10.469618521175828,1.0814923802858853e-07,0.9227853361019199,0.0,4.213390537984646,2018.0,2026.0,5.0,3.0,20.219398179349433,-41.26070478386607,-61.4801029632155,18.04070597760127,-25.16786341077945,-43.208569388380724,7.75,-107.0343691494644,-81.11983686496262
8040252610,8040183170,8040009560,8040009560,1431.2,1431.2,164321.0,1039671.5,8225,0,0,1,32,282,26.0,26.0,-24.070400118601707,0.372071708639383,-19.393332133311777,0.26643205811427945,0.9850389208170723,0.0,5.890604465163769,2018.0,2026.0,5.0,3.0,18.309056041465638,-57.612996492367536,-75.92205253383318,23.95864677341604,-51.719577576437665,-75.6782243498537,7.75,-186.5002938689742,-150.26182049903446
8040252760,8040183170,8040009560,8040009560,1431.4,1431.4,275684.9,275685.5,8224,0,0,2,33,283,38.0,38.0,-11.144079887112111,0.3798411815189345,-8.09083966061802,0.00013573282919902087,1.0,0.0,6.138796174193316,2018.0,2026.0,5.0,3.0,7.73176213984141,-9.640043563396835,-17.371805703238245,21.14703920645315,-24.576895161529503,-45.72393436798265,7.75,-86.34564293094395,-62.68877820547296
8040264770,8040252610,8040009560,8040009560,1935.7,1935.7,16419.7,607758.6,8227,0,0,1,34,284,8.0,8.0,-23.338880413559494,0.5410449436491112,-16.773155139686583,0.5488749899817348,1.0,0.0,8.052112738817698,2018.0,2026.0,5.0,3.0,-23.764639707894354,-62.407201612296355,-38.642561904402,-20.026742219300466,-51.35135044822198,-31.324608228921512,7.75,-180.83239307425976,-129.96038068531973
8040264670,8040252610,8040009560,8040009560,1935.9,1935.9,267548.3,267548.3,8226,0,0,2,35,285,36.0,36.0,-17.090079366050976,0.4306831503468037,-11.61870298928904,0.36186289459674437,0.9635584359759247,0.0,5.9526621449501125,2018.0,2026.0,5.0,3.0,-3.3427371371316768,-53.51647211980483,-50.17373498267315,-0.366888662648951,-38.059807426602596,-37.69291876395364,7.75,-132.41594690191448,-90.02307860284185
8040307300,8040264770,8040009560,8040009560,2399.6,2399.6,292498.6,292498.6,8228,0,0,2,36,286,40.0,40.0,-24.101912353379568,0.353071157600941,-15.438449740973258,0.3541090229411555,1.0,0.0,12.94478860751625,2018.0,2026.0,5.0,3.0,14.219578760418761,-37.76009078335308,-51.97966954377184,10.956522546749028,-29.20457256461465,-40.16109511136368,7.75,-186.74445437389235,-119.61892612444716
8040307380,8040264770,8040009560,8040009560,2399.7,2399.7,298817.4,298825.0,8229,0,0,1,37,287,42.0,42.0,-21.90281163673413,0.2590660979840848,-15.678652806502619,0.09852520581648476,1.0,0.0,9.728108856419963,2018.0,2026.0,5.0,3.0,29.35139201141688,-21.391229685977535,-50.74262169739441,31.37128468628299,-23.987022645620886,-55.35830733190387,7.75,-169.70556312650947,-121.48004775469518
8040009570,0,8040009570,8040009570,0.0,0.0,154444.2,154444.2,8230,0,1,0,38,288,23.0,23.0,-4.881435017132494,0.003386549237859025,-3.0435934136791354,0.04313728804117551,0.9988762631001925,0.0,4.3474685144543335,2018.0,2026.0,5.0,3.0,19.89256391505844,-46.99272735347316,-66.8852912685316,13.047427975991633,-38.086775915201876,-51.13420389119351,7.75,-37.82193319229284,-23.582120084084746
8040010700,0,8040010700,8040010700,0.0,0.0,35917.8,35917.8,8311,0,1,0,39,289,8.0,8.0,-2.8073498359748115,0.00472357336492025,-3.254117481251148,0.00010471456980986193,0.9639895586803285,0.0,4.171104293217355,2018.0,2026.0,5.0,3.0,2.667154085785329,-8.856705466224424,-11.523859552009753,11.12609581117108,3.13794276754361,-7.98815304362747,7.75,-21.751677031646043,-25.213285344122518
8040011270,0,8040011270,8040011270,0.0,0.0,30833.0,30833.0,8312,0,0,1,40,290,9.0,9.0,-3.254086437816353,0.04748811722280496,-0.9058732689615385,0.29950392893742434,1.0,0.0,2.6013669238643122,2018.0,2026.0,5.0,3.0,-8.536592601614137,-3.149483533713512,5.387109067900624,-1.7722268377488573,19.182300946640556,20.954527784389413,7.75,-25.213044815935056,-7.018812734185227
8040011280,0,8040011280,8040011280,0.0,0.0,37213.1,37213.1,8313,0,1,0,41,291,8.0,8.0,1.7580546159197858,0.16421991890392199,2.2376371471868577,0.022872978833336544,1.0,0.0,4.811097847008129,2018.0,2026.0,5.0,3.0,-17.412798929015672,5.391496233896084,22.804295162911757,-3.1603260371310906,21.37942444433621,24.5397504814673,7.75,13.621614135668704,17.337476048018637
8040011800,0,8040011800,8040011800,0.0,0.0,25410.9,25410.9,8314,0,0,1,42,292,7.0,7.0,-1.398522597026652,0.6141056979506404,-0.10784830524652289,0.9076453259657639,1.0,0.0,3.947620429990671,2018.0,2026.0,5.0,3.0,-23.907207592553362,-0.8791033706993829,23.02810422185398,-9.315708076041265,14.834203560656988,24.149911636698253,7.75,-10.835917726448804,-0.835621365770458
8040011810,0,8040011810,8040011810,0.0,0.0,38020.8,38020.8,8315,0,1,0,43,293,10.0,10.0,2.58941192164019,0.0990279347592511,1.6155376136747508,0.014928370117267359,0.9681410481021754,0.0,5.312184446564508,2018.0,2026.0,5.0,3.0,-25.829851885471072,-4.3338191333000395,21.496032752171033,-3.9866531143797195,4.45030506395523,8.43695817833495,7.75,20.06306841407731,12.51737562409184
8040012600,0,8040012600,8040012600,0.0,0.0,17693.7,17693.7,8316,0,0,1,44,294,7.0,7.0,1.2367102808456822,0.6511462856739546,1.084548380131511,0.30842342581614846,1.0,0.0,3.798003883608613,2018.0,2026.0,5.0,3.0,-28.90548455390303,1.2938368972130612,30.19932145111609,-7.486785329418263,8.665825360223007,16.15261068964127,7.75,9.582176850905629,8.403208530519306
8040012610,0,8040012610,8040012610,0.0,0.0,77138.6,77138.6,8317,0,1,0,45,295,17.0,17.0,2.902935683714878,0.11049244130071781,1.4771955735540085,0.2341339843695753,0.9604728895149988,0.0,2.3501293346909042,2018.0,2026.0,5.0,3.0,-22.37342159842924,-2.1331823718336733,20.240239226595566,-5.5200031298694,2.097148461761092,7.617151591630492,7.75,22.49228743302698,11.445485210562202
8040013480,0,8040013480,8040013480,0.0,0.0,118551.7,118551.7,8318,0,0,1,46,296,25.0,25.0,-2.5104949051062286,0.35574121707032114,-2.9635813933557174,0.029788436979355137,1.0,0.0,2.9015427474634046,2018.0,2026.0,5.0,3.0,-11.644209552812738,-12.688054990029599,-1.043845437216861,7.752263904983673,-3.4533761639145126,-11.205640068898186,7.75,-19.451610079262498,-22.96217753099707
8040013490,0,8040013490,8040013490,0.0,0.0,167484.1,167484.1,8319,0,1,0,47,297,27.0,27.0,2.967406818233794,0.14424193881949213,-0.5172483996834103,0.8726453288444378,0.9555657906691789,0.0,3.1164008735423123,2018.0,2026.0,5.0,3.0,3.732313329251066,10.6646967678928,6.932383438641733,26.100362410187824,32.29974420670718,6.199381796519358,7.75,22.99181737331044,-4.007701495151406
8040016860,0,8040016860,8040016860,0.0,0.0,73934.6,73934.6,8321,0,1,0,48,298,14.0,14.0,-4.090657427792735,0.03000183150750954,-5.383002314433729,0.08947537258446245,0.8855418098672184,0.0,3.6486218111791904,2018.0,2026.0,5.0,3.0,12.795420087443306,-34.92329899180726,-47.71871907925056,38.8908279705158,-1.6391017192091748,-40.52992968972497,7.75,-31.69489533375343,-41.70813566008886
8040018080,0,8040018080,8040018080,0.0,0.0,29836.2,29836.7,8322,0,0,1,49,299,7.0,7.0,-1.1683876595094205,0.5236912449891087,-1.8388110382647644,0.4048229031360936,1.0,0.0,2.871491612105131,2018.0,2026.0,5.0,3.0,-1.7097184425053817,-14.612227569546747,-12.902509127041364,19.13416846311123,7.289994613212468,-11.844173849898763,7.75,-9.05280513733514,-14.247324403256082
8040018090,0,8040018090,8040018090,0.0,0.0,1513.7,1513.7,8323,0,1,0,50,300,2.0,2.0,-1.3429597978057366,0.5464635169658701,-2.6288072084162564,0.2991333766815821,1.0,0.0,7.382427670673394,2018.0,2026.0,5.0,3.0,-6.466208409451892,-18.70736134749747,-12.24115293804558,17.780419719893654,3.1683500678206187,-14.612069652073036,7.75,-10.405410616811047,-20.3683077339302
8040018120,0,8040018120,8040018120,0.0,0.0,244856.1,244858.3,8324,0,0,1,51,301,31.0,31.0,-10.664606957548038,0.18126777164588978,-10.57761999767473,0.005804352767612782,1.0,0.0,4.1601646382648525,2018.0,2026.0,5.0,3.0,-12.188681641534746,-40.743973416060605,-28.55529177452586,8.481282540861722,-31.556747412594813,-40.03802995345654,7.75,-82.63063022549198,-81.956645019629
8040018140,0,8040018140,8040018140,0.0,0.0,20990.7,20990.7,8325,0,1,0,52,302,6.0,6.0,-1.1545401489804483,0.6140379294403805,-3.2760941687482106,0.3089044472929447,0.5134977897716645,0.0,7.94371437736806,2018.0,2026.0,5.0,3.0,-6.089415133089541,-19.80730496873985,-13.717889835650308,18.820992962309724,7.862562973657475,-10.958429988652249,7.75,-8.945512995522707,-25.383563306112077
8040018730,0,8040018730,8040018730,0.0,0.0,22820.7,22820.7,8326,0,0,1,53,303,6.0,6.0,-4.101362734175658,0.20486682176612997,-4.458021349721616,0.24130537850579728,0.90398500559753,0.0,6.629430328254636,2018.0,2026.0,5.0,3.0,-8.529684767661758,-23.510826825752805,-14.981142058091047,17.07917310235277,12.5148195244075,-4.564353577945269,7.75,-31.777841307918173,-34.54127424972532
8040018740,0,8040018740,8040018740,0.0,0.0,32094.3,32094.3,8327,0,1,0,54,304,6.0,6.0,-4.517766067049994,0.1713169193437339,-4.75702053820898,0.25421075339188526,0.724625980206825,0.0,5.166410049671604,2018.0,2026.0,5.0,3.0,-12.285378587695067,-24.686409860636008,-12.40103127294094,11.360387028003668,14.43426069422143,3.0738736662177626,7.75,-35.00418335318681,-36.857955162577454
8040018970,0,8040018970,8040018970,0.0,0.0,59710.6,59710.6,8328,0,0,1,55,305,12.0,12.0,-8.034618454323027,0.20072397042825552,-9.797316631187439,0.07524655644672332,0.9989793861242197,0.0,4.015903064507086,2018.0,2026.0,5.0,3.0,-28.56771053974058,-26.939523658816643,1.6281868809239377,-4.033671858689567,-12.321977985009724,-8.288306126320158,7.75,-62.253169680312574,-75.91076267285545
8040018980,0,8040018980,8040018980,0.0,0.0,6286.1,6286.1,8329,0,1,0,56,306,2.0,2.0,-0.3437372791871445,0.9151782753131041,-0.13281118035954442,0.9708337426838625,1.0,0.0,4.380479160510262,2018.0,2026.0,5.0,3.0,-27.3214114499958,3.122990889902115,30.444402339897916,-11.398282013944073,28.9326753701757,40.33095738411977,7.75,-2.663316906501352,-1.0290366609651218
8040019790,0,8040019790,8040019790,0.0,0.0,16615.3,16615.3,8110,0,1,0,57,307,,,,,,,,,,,,,,,,,,,,,,
8040020760,0,8040020760,8040020760,0.0,0.0,117001.5,117001.5,3530,0,1,0,58,308,14.0,14.0,4.030213763389934,0.0906421202841074,-2.5986995519301104,0.3336987719335396,0.8452087711078143,0.0,5.721090540260397,2018.0,2026.0,5.0,3.0,31.079962291438136,-22.126263421981804,-53.20622571341994,58.798703328478176,28.184045821649452,-30.614657506828724,7.75,31.22657070607396,-20.13503006697389
8040022890,0,8040022890,8040022890,0.0,0.0,70164.9,70164.9,8410,0,1,0,59,309,14.0,14.0,2.6978545886280543,0.0035759415714317227,3.50794746892408,0.025485111577280412,0.9274723829376653,0.0,8.51685359475977,2018.0,2026.0,5.0,3.0,-1.1527817354095973,4.195160680305435,5.347942415715032,5.58114086266295,-4.873978373331483,-10.455119235994434,7.75,20.903294964592455,27.17998997140355
8040024130,0,8040024130,8040024130,0.0,0.0,225882.5,225882.5,8420,0,1,0,60,310,34.0,34.0,1.9416831885970272,0.0032273209536038358,0.6671123421741778,0.2977195696330777,0.8396676982945934,0.0,2.6079068906477665,2018.0,2026.0,5.0,3.0,-2.9654401146260247,8.081080924806622,11.046521039432648,8.91278247880761,13.787339201295097,4.874556722487487,7.75,15.044389934920156,5.168864964689728
8040028930,0,8040028930,8040028930,0.0,0.0,34998.6,34998.6,8430,0,1,0,61,311,9.0,9.0,3.0195011388305026,2.6435363627565182e-05,-1.665042745267951,0.15458843381720885,0.9490744717375003,0.0,4.143854429514717,2018.0,2026.0,5.0,3.0,2.5736355342797395,22.43765882403916,19.864023289759423,17.710626403241207,8.145315651542726,-9.565310751698481,7.75,23.395450302232234,-12.900947211795486
8040030130,0,8040030130,8040030130,0.0,0.0,24832.9,24832.9,8440,0,1,0,62,312,7.0,7.0,1.218207883747727,0.1955135420170697,-4.037827563256694,0.04658971120391887,1.0,0.0,13.77004769921086,2018.0,2026.0,5.0,3.0,11.688540972014266,22.68108287261609,10.992541900601825,22.733599773604347,4.7201873302566515,-18.013412443347697,7.75,9.438818099948167,-31.285563323795877
8040030970,0,8040030970,8040030970,0.0,0.0,52944.2,52944.2,8330,0,1,0,63,313,6.0,6.0,-10.39627086700573,0.0007456526332668814,-12.627624143184862,0.0003794897218756011,0.7601740785017896,0.0,3.296922081415762,2018.0,2026.0,5.0,3.0,25.6347026248984,-65.23471332290212,-90.86941594780052,36.25097083828207,-24.94563278606699,-61.196603624349066,7.75,-80.55153060541059,-97.84031848107642
8040032840,0,8040032840,8040032840,0.0,0.0,236695.4,236695.4,8510,0,1,0,64,314,40.0,40.0,-54.276429397428714,7.598031863582548e-12,-60.92699988217279,1.2331932794106318e-08,0.9725941505100945,0.0,14.982636272559377,2018.0,2026.0,5.0,3.0,248.01738061570686,-166.2867181176604,-414.30409873336725,253.79113239603709,-172.29509937154822,-426.08623176758533,7.75,-420.5401648041705,-472.0695678755619
8040038870,0,8040038870,8040038870,0.0,0.0,316277.2,316277.2,8520,0,1,0,65,315,42.0,42.0,-16.652375354868397,3.692038034894419e-07,-21.15346397777542,9.173081813059065e-05,0.874393384181663,0.0,4.092812197295871,2018.0,2026.0,5.0,3.0,103.15074147301009,-38.16471862361409,-141.31546009662418,113.38877726060018,-28.65510461081462,-142.0438818714148,7.75,-129.0245646934362,-163.89952924600806
8040044560,0,8040044560,8040044560,0.0,0.0,69055.4,69055.4,8610,0,1,0,66,316,16.0,16.0,8.454789438067175,0.0003519133446314187,3.7077792394066846,0.08340771551447151,0.7265446879571493,0.0,8.793743287156381,2018.0,2026.0,5.0,3.0,2.683309743197944,39.86198742409842,37.17867768090048,10.57587919158814,2.9276524759102713,-7.648226715677868,7.75,65.50870392807695,28.728310054814287
8040047650,0,8040047650,8040047650,0.0,0.0,106895.7,106895.7,8620,0,1,0,67,317,24.0,24.0,-21.480032528359427,2.363632230438753e-16,-26.37850975453412,4.51076188581577e-31,0.5205026932096193,0.0,13.333642430397852,2018.0,2026.0,5.0,3.0,99.16597208100163,-51.051049664246726,-150.21702174524836,98.89998979911245,-80.3699707338667,-179.26996053297916,7.75,-166.42982082205936,-204.38379905634926
8040051550,0,8040051550,8040051550,0.0,0.0,246233.5,246233.5,8630,0,1,0,68,318,36.0,36.0,-88.36739997899377,0.0004611359874226807,-88.97646520071783,4.643441534566409e-12,0.9362656625945784,0.0003336494704161371,41.769281315435194,2018.0,2026.0,5.0,3.0,354.0908346628337,-224.6286165618067,-578.7194512246404,303.78359661133896,-259.1023264727348,-562.8859230840737,7.75,-684.6810183177341,-689.400127359429
4040000010,0,4040000010,4040000010,0.0,0.0,105274.5,105274.5,4210,0,1,0,1,319,22.0,22.0,1.8594283768587587,0.2498574924919236,1.4144936006828797,0.3972282966325866,1.0,0.0,5.756621194800159,2018.0,2026.0,5.0,3.0,-5.2884840694800825,-0.9099805310495839,4.378503538430499,8.324589350889992,-29.141182504927524,-37.465771855817515,7.75,14.407069969911808,10.959662943004927
4040000880,0,4040000880,4040000880,0.0,0.0,224001.0,1998203.4,4221,0,0,1,2,320,31.0,31.0,0.17803903978497448,0.9390591944595839,0.8284212849616921,0.7340409175192878,1.0,0.0,4.311679814363513,2018.0,2026.0,5.0,3.0,-23.328631421809302,-12.578379369611573,10.750252052197729,-14.54529683475593,-20.972911121447464,-6.427614286691533,7.75,1.3794674403599667,6.418705643919476
4040169390,4040000880,4040000880,4040000880,930.1,930.1,25933.3,1578542.9,4223,0,0,1,3,321,8.0,8.0,-0.514506320492373,0.8862416549854637,2.4218162936743823,0.2640789925066814,1.0,0.0,4.373115421897232,2018.0,2026.0,5.0,3.0,-42.36713965705505,-35.54979843305347,6.817341224001581,-23.58510922166674,12.556194650483155,36.1413038721499,7.75,-3.9864555427608916,18.76451775796989
4040169400,4040000880,4040000880,4040000880,930.2,930.2,195731.4,195731.4,4222,0,0,2,4,322,28.0,28.0,-0.7863720042878297,0.8588686173778672,-0.2584910175250066,0.9011104378019182,0.9946425560661769,0.0,4.066889075117798,2018.0,2026.0,5.0,3.0,-30.798269932598117,-71.3819627719618,-40.58369283936368,-9.916467679580055,-8.155901268091625,1.7605664114884298,7.75,-6.092902866898174,-2.0028188353066905
4040186730,4040169390,4040000880,4040000880,1187.6,1187.6,151497.4,999994.4,4225,0,0,1,5,323,24.0,24.0,1.5144751594717683,0.7032064170632203,6.1902790827894165,0.001974295055247032,1.0,0.0,8.465164971315922,2018.0,2026.0,5.0,3.0,-46.70574746814188,-1.5974081356790153,45.10833933246286,-34.9458032579186,4.676031621533752,39.62183487945235,7.75,11.734331831088582,47.96301110005216
4040186800,4040169390,4040000880,4040000880,1187.8,1187.8,552626.5,552629.8,4224,0,0,2,6,324,67.0,67.0,5.187072858101609,0.26926303273493396,8.50586699409218,9.117278706418028e-07,1.0,0.0,7.979734886332768,2018.0,2026.0,5.0,3.0,-54.89351803837401,-26.528026584962475,28.365491453411536,-25.63310623504775,21.36559538917051,46.99870162421826,7.75,40.19005116612609,65.90445884539595
4040136250,4040186730,4040000880,4040000880,1915.8,1915.8,121846.5,616425.4,4227,0,0,1,7,325,21.0,21.0,-0.6313243368598753,0.8302069463659557,0.7467697054074947,0.7045004808168293,1.0,0.0,6.0670618151669595,2018.0,2026.0,5.0,3.0,-17.110179468498384,11.197852594929467,28.308032063427852,-1.273869628623435,-6.2773975444198795,-5.003527915796445,7.75,-4.891575286279116,5.786059592890377
4040136170,4040186730,4040000880,4040000880,1915.9,1915.9,232073.6,232076.5,4226,0,0,2,8,326,35.0,35.0,1.5002893696758357,0.5135963982957215,0.5529329909710619,0.5969397519641643,1.0,0.0,5.507744503126947,2018.0,2026.0,5.0,3.0,-19.206693355480553,12.003255401154844,31.2099487566354,-1.7122876346353322,-12.629123297988817,-10.916835663353485,7.75,11.624418661690939,4.284189909508844
4040095270,4040136250,4040000880,4040000880,2822.7,2822.7,252207.4,252207.4,4228,0,0,2,9,327,37.0,37.0,2.99069051337475,0.46598429914768813,4.928580418378777,0.054233744171041945,1.0,0.0,6.5178273840747645,2018.0,2026.0,5.0,3.0,-29.32355153563487,-0.8862737910664199,28.43727774456845,-32.30972027106239,-8.850321425592929,23.459398845469458,7.75,23.17222218439574,38.18722131146322
4040095320,4040136250,4040000880,4040000880,2822.9,2822.9,338916.3,338916.3,4229,0,0,1,10,328,46.0,46.0,5.244169213921343,0.21114542167168746,4.101555462713138,0.0053968002923805896,1.0,0.0,5.333560808220212,2018.0,2026.0,5.0,3.0,-39.62757493518423,0.7555275789143767,40.3831025140986,-20.95319967980617,3.3683792959707244,24.321578975776895,7.75,40.63244045283341,31.779334591316037
4040000890,0,4040000890,4040000890,0.0,0.0,161519.5,161519.5,4230,0,1,0,11,329,34.0,34.0,2.4742358011560697,0.5354657745047817,0.1780273119192266,0.8877072165119981,0.7255041174518697,0.0,4.090204117564719,2018.0,2026.0,5.0,3.0,-30.5958432215292,-52.185595452874,-21.589752231344796,-12.71611781878944,-28.466098081016707,-15.749980262227266,7.75,19.170670273159967,1.379376571475459
4040003020,0,4040003020,4040003020,0.0,0.0,99062.1,99062.1,4241,0,1,0,12,330,20.0,20.0,9.742955300566024,0.0022207159706773057,6.892112481796886,0.016518665126369365,0.5887583233267094,0.0,2.248180101425189,2018.0,2026.0,5.0,3.0,-33.04570642357588,-4.16014650521682,28.88555991835906,-36.76407563887842,-0.05967522021166142,36.70440041866676,7.75,75.48956468337262,53.400898900712356
4040005050,0,4040005050,4040005050,0.0,0.0,25245.3,25245.3,4242,0,0,1,13,331,7.0,7.0,8.251265465514308,0.020028796765788778,6.355984085234368,0.04813928018908607,0.9546494355244596,0.0,2.956154026103629,2018.0,2026.0,5.0,3.0,-28.757979947122514,-8.289009890868108,20.468970056254406,-35.95337348930733,3.019337401931729,38.97271089123906,7.75,63.931776228351794,49.24691296704521
4040005060,0,4040005060,4040005060,0.0,0.0,53777.1,53777.1,4243,0,1,0,14,332,9.0,9.0,10.229198316943624,0.02217949965713932,3.2549823231491004,0.17507540049843986,0.8833142126699127,0.0,4.444628895395997,2018.0,2026.0,5.0,3.0,-42.281313942396615,-23.179455380073893,19.10185856232272,-32.33662213296243,-25.976406845849,6.360215287113434,7.75,79.25703281848175,25.2199862409636
4040005710,0,4040005710,4040005710,0.0,0.0,62213.4,62213.4,4244,0,0,1,15,333,12.0,12.0,9.200746507684102,0.11857909410620061,1.5538351013371887,0.604600964493231,0.9770761547177303,0.0,5.174049366732893,2018.0,2026.0,5.0,3.0,-49.48129092646097,-36.076160021018296,13.405130905442675,-26.695497475422666,-40.41765538987422,-13.722157914451554,7.75,71.28846712319236,12.039297294412716
4040005720,0,4040005720,4040005720,0.0,0.0,25682.6,25682.6,4245,0,1,0,16,334,7.0,7.0,17.959490488722878,4.987398845393662e-05,9.265530170347873,1.2004364027732317e-07,0.5061724186667206,0.0,8.495597819137435,2018.0,2026.0,5.0,3.0,-74.24030532580693,29.90562746720307,104.14593279301,-33.86590197389247,26.132648080886963,59.99855005477943,7.75,139.15224663404723,71.79041856833534
4040006520,0,4040006520,4040006520,0.0,0.0,27825.1,27825.1,4246,0,0,1,17,335,5.0,5.0,10.651399608578698,0.02119800810976176,2.0465016020544846,0.22366248733111563,0.9834235453254224,0.0,9.354332162879604,2018.0,2026.0,5.0,3.0,-57.13873865366306,-13.059835818677158,44.078902834985904,-18.523080543821496,-11.211618410201135,7.311462133620362,7.75,82.52829813080827,15.856535342407096
4040006530,0,4040006530,4040006530,0.0,0.0,470.8,470.8,4247,0,1,0,18,336,1.0,1.0,16.54723282567723,4.014896905615097e-06,,,0.0,0.0,,2018.0,2026.0,5.0,3.0,-63.33251551538706,34.25440453846628,97.58692005385333,,,,7.75,128.2099079990871,
4040006570,0,4040006570,4040006570,0.0,0.0,192299.6,192299.6,4248,0,0,1,19,337,27.0,27.0,7.847328399424627,0.05486809924370991,2.925190506300064,0.158752950176353,0.9849978466296104,0.0,7.295977418871429,2018.0,2026.0,5.0,3.0,-37.105291633291685,-12.066057372005622,25.03923426128606,-4.082506841207204,-2.621142042905005,1.4613647983021987,7.75,60.80202428575413,22.664720418423492
4040006580,0,4040006580,4040006580,0.0,0.0,37116.3,37116.3,4249,0,1,0,20,338,10.0,10.0,16.075685759919313,6.650132226022288e-05,7.218632865681224,0.0031177203534834084,0.7948566084983248,0.0,10.668272829058399,2018.0,2026.0,5.0,3.0,-51.54118957534663,38.569360819781075,90.1105503951277,-12.70341176765032,31.227189359616702,43.930601127267025,7.75,124.55630581949804,55.930817275504076
4040006940,0,4040006940,4040006940,0.0,0.0,3744.2,3744.2,4311,0,1,0,21,339,2.0,2.0,23.047163189702104,6.555659692919107e-06,,,0.17978777773392093,0.0,10.744856187613637,2018.0,2026.0,5.0,3.0,-61.08499371375027,89.68870571490054,150.77369942865081,,,,7.75,178.57213368064876,
4040007080,0,4040007080,4040007080,0.0,0.0,45724.3,45724.5,4312,0,0,1,22,340,12.0,12.0,15.823207689440938,0.004889112660659622,7.53509570980747,0.015025673576044228,0.963020271833184,0.0,12.091303468796468,2018.0,2026.0,5.0,3.0,-36.49687942103849,63.64218078835699,100.13906020939548,-15.633541388840834,18.32867936753651,33.96222075637734,7.75,122.60007600579837,58.382808648200246
4040007090,0,4040007090,4040007090,0.0,0.0,10034.3,10034.3,4313,0,1,0,23,341,5.0,5.0,22.980453012529807,0.0004079950935196942,15.684616934983683,0.0004156650437033686,0.878253430816625,0.0,12.068680574229163,2018.0,2026.0,5.0,3.0,-45.17755703252125,109.15128284581311,154.32883987833435,-9.934881478447045,82.57451216452203,92.50939364296907,7.75,178.05525537428983,121.5262585243089
4040007380,0,4040007380,4040007380,0.0,0.0,9825.0,9825.0,4314,0,0,1,24,342,3.0,3.0,22.252471135116444,0.0009047055812167086,14.659753387926958,0.0012589502925208706,1.0,0.0,12.422180261010295,2018.0,2026.0,5.0,3.0,-42.24928605750153,110.38078547712978,152.6300715346313,-8.688593441840798,80.38717510325466,89.07576854509546,7.75,172.41476608454357,113.58549510700423
4040007400,0,4040007400,4040007400,0.0,0.0,117.1,117.1,4315,0,1,0,25,343,1.0,1.0,23.24403589169936,0.0003240169233676401,15.984614529990626,0.0002503972765603032,1.0,0.0,12.319563574170257,2018.0,2026.0,5.0,3.0,-42.43824692070484,112.44245088038345,154.88069780108827,-6.344708809216693,85.13631000458957,91.48101881380627,7.75,180.09752655307105,123.85067520841471
4040007410,0,4040007410,4040007410,0.0,0.0,215965.0,215965.0,4316,0,0,1,26,344,31.0,31.0,16.484339605367044,0.018343421371649855,9.685575402808308,0.06336750902858411,1.0,0.0,10.194676347500133,2018.0,2026.0,5.0,3.0,-15.492758377366794,113.212958422717,128.7057168000838,10.84392531556803,80.1794487032866,69.33552338771857,7.75,127.72260392385691,75.04497848034912
4040007420,0,4040007420,4040007420,0.0,0.0,20335.7,20335.7,4317,0,1,0,27,345,8.0,8.0,18.721016495800164,0.0007169696975040149,12.700965861619085,0.0018173477132323733,1.0,0.0,11.090376641723255,2018.0,2026.0,5.0,3.0,-19.91226759182688,100.34609703790743,120.2583646297343,12.859538932686792,79.10296409704308,66.2434251643563,7.75,145.0526397894989,98.40857874984809
4040007660,0,4040007660,4040007660,0.0,0.0,14362.2,14362.5,4318,0,0,1,28,346,5.0,5.0,16.023832534451454,0.004440497311235301,10.958929047664348,0.0031823449435204937,1.0,0.0,9.33816574473347,2018.0,2026.0,5.0,3.0,-13.208204412658734,77.40961652952107,90.6178209421798,17.419294820199514,58.08385618406428,40.66456136386476,7.75,124.15454092401812,84.9110724295417
4040007670,0,4040007670,4040007670,0.0,0.0,3784.3,3784.3,4319,0,1,0,29,347,3.0,3.0,19.461288104550057,7.935034454046897e-05,15.063784811337804,5.912890895132416e-06,1.0,0.0,5.575369428807712,2018.0,2026.0,5.0,3.0,-36.699759059927835,85.38701033548652,122.08676939541436,-12.210767922165882,72.85679451941148,85.06756244157737,7.75,150.78835136448095,116.71597814123474
4040007850,0,4040007850,4040007850,0.0,0.0,77127.5,761253.3,4321,0,0,1,30,348,21.0,21.0,11.929010340628878,0.28694573182427413,8.117924541122207,0.3388928717155287,1.0,0.0,5.963465576571637,2018.0,2026.0,5.0,3.0,-22.789065071903995,84.56984647648638,107.35891154839037,7.488273252660662,64.2298569539481,56.74158370128744,7.75,92.42737649275763,62.89863504825694
4040627250,4040007850,4040007850,4040007850,1200.5,1200.5,7777.0,548969.3,4323,0,0,1,31,349,4.0,4.0,12.099627194858371,0.29047896421655867,6.975100097279132,0.4303070651530399,1.0,0.0,6.834397362685074,2018.0,2026.0,5.0,3.0,-35.28030762406308,114.31691805549075,149.59722567955382,-0.6077146010670645,94.3311074930918,94.93882209415887,7.75,93.74933596563775,54.04389671540026
4040627620,4040007850,4040007850,4040007850,1200.7,1200.7,135139.6,135139.6,4322,0,0,2,32,350,18.0,18.0,1.4129699477821909,0.7260763317956869,2.8411521578214405,0.25893275694158707,1.0,0.0,3.5872939658880756,2018.0,2026.0,5.0,3.0,-7.968985341834374,49.66215973864357,57.63114508047794,7.30720693150307,37.98232900897815,30.675122077475077,7.75,10.947857500954417,22.013581400779405
4040603740,4040627250,4040007850,4040007850,1294.9,1294.9,40071.6,40072.6,4324,0,0,2,33,351,12.0,12.0,11.772408810625372,0.09188144894128321,7.6470687030371,0.11244536772077873,1.0,0.0,4.407987643956871,2018.0,2026.0,5.0,3.0,-6.281784262332908,111.96298856707851,118.24477282941142,13.025595475737273,79.05083882500965,66.02524334927237,7.75,91.21400940197071,59.25038858205337
4040603570,4040627250,4040007850,4040007850,1295.1,1295.1,28483.5,506503.3,4325,0,0,1,34,352,8.0,8.0,7.3160646019590345,0.19604962023204592,5.6857116871839715,0.19339052206739346,1.0,0.0,1.9631557603856422,2018.0,2026.0,5.0,3.0,-6.0627913895357874,86.89314251659039,92.95593390612618,7.40158052219955,63.64252352886237,56.24094300666282,7.75,56.685729838587456,44.0535635174008
4040548370,4040603570,4040007850,4040007850,1553.3,1553.3,248039.1,441119.7,4327,0,0,1,35,353,37.0,37.0,-2.108634155526043,0.3476792102996346,-3.686039999887326,0.0037031706745033854,1.0,0.0,2.657343509123207,2018.0,2026.0,5.0,3.0,18.854034420343165,21.19666294176015,2.3426285214169837,17.149342175972617,1.3061622488988343,-15.843179927073782,7.75,-16.33794568142013,-28.55987186771015
4040548260,4040603570,4040007850,4040007850,1553.5,1553.5,52816.1,52816.1,4326,0,0,2,36,354,11.0,11.0,-0.9991482496252022,0.6309932794342793,-1.618222901167412,0.2622420095571797,1.0,0.0,1.4244090970229597,2018.0,2026.0,5.0,3.0,18.81921734941731,29.255421505367014,10.436204155949703,15.863071003840792,16.435825943113212,0.5727549392724196,7.75,-7.7415182654054,-12.53818154771739
4040578830,4040548370,4040007850,4040007850,3462.8,3462.8,195359.0,195359.0,4329,0,0,1,37,355,30.0,30.0,-4.781053616907581,0.028288974316254926,1.4029233462253055,0.30772015432075167,1.0,0.0,3.8333560139618004,2018.0,2026.0,5.0,3.0,-10.697921859950116,-17.151657953968947,-6.453736094018831,-16.03888095963428,5.946473830753358,21.98535479038764,7.75,-37.0441662856905,10.87001524932954
4040578640,4040548370,4040007850,4040007850,3463.0,3463.0,62487.2,62487.2,4328,0,0,2,38,356,12.0,12.0,-8.738058921031284,0.00027678634584671824,-6.945381801394975,0.0011748561193087733,1.0,0.0,1.9212646257356045,2018.0,2026.0,5.0,3.0,7.480204791429863,-23.447732244230036,-30.927937035659898,-1.3966315012099035,-17.001532817506018,-15.604901316296115,7.75,-67.70350923071467,-53.81363586022664
4040007860,0,4040007860,4040007860,0.0,0.0,161390.4,161390.4,4330,0,1,0,39,357,27.0,27.0,11.695375999868787,0.023231765977136717,9.978011684773534,0.00612315931969526,0.946372050532265,0.0,3.767614508240269,2018.0,2026.0,5.0,3.0,-26.908459071065742,29.324595649237633,56.23305472030337,-4.820882360509928,27.555863862014444,32.376746222524375,7.75,90.61715011534201,77.3108092208326
4040009880,0,4040009880,4040009880,0.0,0.0,4424.8,1909198.6,4341,0,0,1,40,358,2.0,2.0,7.623162125283832,0.19580201470019748,10.509873255221926,0.005711950988922362,1.0,0.0,2.898775629162366,2018.0,2026.0,5.0,3.0,-47.39145996102257,-2.000181208144248,45.39127875287832,-38.57334829218952,32.17265131265421,70.74599960484373,7.75,59.06515760315742,81.43173528344435
4040694350,4040009880,4040009880,4040009880,67.1,67.1,77129.0,1732696.8,4343,0,0,1,41,359,15.0,15.0,-0.9037239663723113,0.8892185145245732,2.8920288793028988,0.29949208978900854,1.0,0.0,2.8900543449454448,2018.0,2026.0,5.0,3.0,-21.336098756031113,-11.949457659448845,9.386641096582268,-16.87297303642231,15.35740149286565,32.23037452928796,7.75,-7.002159684691694,22.407780228411237
4040694190,4040009880,4040009880,4040009880,67.3,67.3,172078.3,172079.4,4342,0,0,2,42,360,23.0,23.0,0.6952989479884071,0.9314157581408178,1.1939973810786828,0.7690731354956701,1.0,0.0,3.813851716919403,2018.0,2026.0,5.0,3.0,-8.452322608197019,2.2310138839773264,10.683336492174345,5.061020699073623,-0.882065057820542,-5.943085756894165,7.75,5.387258104879376,9.251232275024428
4040773130,4040694350,4040009880,4040009880,622.7,622.7,33943.4,1493199.4,4345,0,0,1,43,361,10.0,10.0,-8.073175645067053,0.33356963343883983,-4.732575441908054,0.24377806997190898,1.0,0.0,2.193628640805326,2018.0,2026.0,5.0,3.0,-2.3900881040390174,-15.64211583521571,-13.252027731176693,8.908102030027667,-0.19547487117811357,-9.10357690120578,7.75,-62.551915333442196,-36.66855167857575
4040773260,4040694350,4040009880,4040009880,622.9,622.9,162424.5,162424.5,4344,0,0,2,44,362,22.0,22.0,-19.976186827009982,0.015295770560399307,-14.39921638564266,0.0017228081246295952,1.0,0.0,3.759517340778607,2018.0,2026.0,5.0,3.0,31.8354647526072,-137.21878874107298,-169.0542534936802,18.93387890340595,-82.36533264427483,-101.29921154768078,7.75,-154.77784728388298,-111.5668237409137
4040748310,4040773130,4040009880,4040009880,902.2,902.2,22235.0,1293973.9,4347,0,0,1,45,363,8.0,8.0,-11.022277835388124,0.25380825769622506,-6.673622481889467,0.20707694564059254,1.0,0.0,3.6446367964674864,2018.0,2026.0,5.0,3.0,11.141365919037948,-15.197367959377353,-26.3387338784153,14.910205916826566,-0.7188832985477305,-15.629089215374297,7.75,-85.40190629472524,-51.70801265912989
4040748300,4040773130,4040009880,4040009880,902.2,902.2,165305.9,165306.1,4346,0,0,2,46,364,25.0,25.0,3.535454328035322,0.6371634639652409,3.966220545789657,0.34359800740015706,1.0,0.0,3.3534319761814992,2018.0,2026.0,5.0,3.0,-24.77860384652154,50.236318364111476,75.01492221063302,6.12529155772703,42.03542429938192,35.91013274165489,7.75,27.393116354113516,30.730743722340122
4040783120,4040748310,4040009880,4040009880,1134.2,1134.2,1025899.4,1025899.4,4349,0,0,1,47,365,117.0,117.0,-2.4045475459761683,0.3867949012746687,0.8314756823436689,0.6410127801504149,1.0,0.0,3.2199054126600606,2018.0,2026.0,5.0,3.0,-0.2660015326484073,-7.102258295553412,-6.836256762905005,-2.192315937656294,2.820613317442066,5.01292925509836,7.75,-18.630717467796185,6.442371474421856
4040783330,4040748310,4040009880,4040009880,1134.2,1134.2,261184.5,261184.5,4348,0,0,2,48,366,33.0,33.0,-16.777396783745317,0.06327814659892575,-12.109403344769607,0.01820622140599642,1.0,0.0,3.4714463365279657,2018.0,2026.0,5.0,3.0,38.12613277986527,-64.94809066329485,-103.07422344316012,28.013577600912917,-44.12870361646102,-72.14228121737393,7.75,-129.9932454428453,-93.82508272607252
4040009890,0,4040009890,4040009890,0.0,0.0,212335.4,212335.4,4350,0,1,0,49,367,30.0,30.0,-5.636885318436054,0.33247452925707155,-1.1714896207510987,0.6946477237088924,0.9309635499549002,0.0,3.091180648615389,2018.0,2026.0,5.0,3.0,-7.151879278726613,-84.05048333048445,-76.89860405175784,-14.690034293747294,-31.183061664019778,-16.493027370272486,7.75,-43.67525106413151,-9.076839498222066
4040011690,0,4040011690,4040011690,0.0,0.0,34316.4,34316.4,4361,0,1,0,50,368,9.0,9.0,0.09497581092629304,0.9882487855633432,1.9528342469873692,0.6417666791005348,0.5741929684893041,0.0,3.604495599181674,2018.0,2026.0,5.0,3.0,1.6886190275040747,-35.138025122789685,-36.82664415029376,-7.872436891751377,4.719663718320736,12.592100610072112,7.75,0.7358837643296627,15.130789648115687
4040012280,0,4040012280,4040012280,0.0,0.0,29396.3,29397.0,4362,0,0,1,51,369,7.0,7.0,0.30664931881327107,0.9680465427404699,2.479638601779589,0.5804406365597728,0.976802419597985,0.0,4.525210506638504,2018.0,2026.0,5.0,3.0,-0.8518257834309508,-31.341831724229284,-30.490005940798333,-6.635478694271049,13.57312334933203,20.20860204360308,7.75,2.3759550232486166,19.212531808449654
4040012290,0,4040012290,4040012290,0.0,0.0,18089.8,18089.8,4363,0,1,0,52,370,6.0,6.0,0.37726895616820855,0.9601129392759029,,,0.27886868683616906,0.0,4.563020215945834,2018.0,2026.0,5.0,3.0,10.32320989034191,4.3987983119798715,-5.924411578362039,,,,7.75,2.92312428735395,
4040012770,0,4040012770,4040012770,0.0,0.0,33311.3,33311.3,4364,0,0,1,53,371,8.0,8.0,0.5215442899921499,0.9503080824183426,1.9399698436719977,0.7223637151616867,0.7572351745233437,0.0,4.274696503813313,2018.0,2026.0,5.0,3.0,4.360471464054609,-19.71312174219506,-24.07359320624967,2.2762134427486655,12.855246434509654,10.57903299176099,7.75,4.040986559008307,15.03111473673307
4040012780,0,4040012780,4040012780,0.0,0.0,8124.2,8124.2,4365,0,1,0,54,372,6.0,6.0,0.10318010718167159,0.9902621932414246,0.5889087846900409,0.9256663523375948,0.8521432409158072,0.0,4.479312415181008,2018.0,2026.0,5.0,3.0,11.493867683805309,-28.130985294584978,-39.62485297839029,12.223063219182487,-1.2891035941567257,-13.512166813339213,7.75,0.7994516175883111,4.562934594586765
4040012990,0,4040012990,4040012990,0.0,0.0,403804.7,403804.7,4366,0,0,1,55,373,51.0,51.0,-3.179560302313938,0.6381616780425521,0.11021088635171417,0.9826793367248986,0.9943372709662819,0.0,2.611527306067607,2018.0,2026.0,5.0,3.0,34.23694710017437,-12.580132105927058,-46.817079206101425,29.54907597088585,5.470083109725709,-24.07899286116014,7.75,-24.63560754428048,0.8539269223144452
4040013000,0,4040013000,4040013000,0.0,0.0,89832.6,89832.6,4367,0,1,0,56,374,19.0,19.0,2.5465671791505997,0.6389859237627914,3.2473778724260693,0.31122352710269446,0.573523299698453,0.0,4.9115229637787525,2018.0,2026.0,5.0,3.0,27.183817260988377,-19.446204577621437,-46.630021838609814,27.151596735453825,1.0976820253733308,-26.053914710080495,7.75,19.731102305259952,25.161066061507945
4040015000,0,4040015000,4040015000,0.0,0.0,140850.1,140850.1,4368,0,0,1,57,375,25.0,25.0,0.17383055344878517,0.9865935658257012,0.3922108032102152,0.9591253773424825,1.0,0.0,3.5345722481777018,2018.0,2026.0,5.0,3.0,75.08142196500259,43.058159511382335,-32.023262453620255,59.93802867202309,43.63921668341151,-16.298811988611575,7.75,1.3468595927722438,3.038895477302968
4040015010,0,4040015010,4040015010,0.0,0.0,7175.9,7175.9,4369,0,1,0,58,376,3.0,3.0,6.606235089570282,0.23634891668290345,6.029485569407441,0.07665664436425702,0.9830239347813794,0.0,3.0803319454075426,2018.0,2026.0,5.0,3.0,40.40957728715696,32.43566727149272,-7.973910015664238,35.41091294764322,34.05780664890611,-1.35310629873711,7.75,51.185887210085966,46.717164028536786
4040015090,0,4040015090,4040015090,0.0,0.0,194298.8,194298.8,4410,0,1,0,59,377,35.0,35.0,12.105261659642647,0.06779674691981469,9.72274420411127,0.027439667504924544,0.8198505612219813,0.0,3.6922333082344636,2018.0,2026.0,5.0,3.0,21.819417636617278,36.7412372938059,14.921819657188625,26.40138890028202,37.38079402622882,10.979405125946801,7.75,93.79299246211825,75.33296672863764
4040017020,0,4040017020,4040017020,0.0,0.0,20369.0,774281.5,4421,0,0,1,60,378,8.0,8.0,3.381234048734818,0.4710378454483194,3.2078840615757436,0.29739732661036133,0.9278914857585099,0.0,1.8787454726739583,2018.0,2026.0,5.0,3.0,25.203262678761014,-1.525241795987294,-26.72850447474831,34.56567707023794,5.3815198764644565,-29.184157193773483,7.75,26.19819947411235,24.855063365528693
4041144880,4040017020,4040017020,4040017020,308.0,308.0,88254.0,88254.0,4422,0,0,2,61,379,13.0,13.0,9.073668548312247,0.08586399366362604,6.9504368636923,0.03998638900348042,0.9767638100985198,0.0,2.2311700119120697,2018.0,2026.0,5.0,3.0,1.8565383045542603,18.60164518160827,16.74510687705401,15.655503645237815,15.133902492587266,-0.5216011526505486,7.75,70.30385213339811,53.85280307802658
4041144860,4040017020,4040017020,4040017020,308.2,308.2,26551.7,665658.8,4423,0,0,1,62,380,6.0,6.0,10.009372834414243,0.08483552140445849,7.679967468296606,0.0458683417397185,1.0,0.0,2.5288237786879564,2018.0,2026.0,5.0,3.0,5.7022073611001165,17.715955480299286,12.01374811919917,14.823660518310863,6.251049741241601,-8.572610777069261,7.75,77.55379910032117,59.50529208837617
4041128330,4041144860,4040017020,4040017020,660.6,660.6,79014.5,79015.2,4424,0,0,2,63,381,16.0,16.0,16.386540847160056,0.011168784072280342,11.876418793745806,0.002362355379143035,0.9969793163017766,0.0,3.922144268339985,2018.0,2026.0,5.0,3.0,-7.16023673097726,44.87310651564216,52.03334324661942,6.429921187133208,34.277982008270506,27.8480608211373,7.75,126.96484763165766,92.01989099603185
4041128230,4041144860,4040017020,4040017020,660.8,660.8,19414.5,560097.6,4425,0,0,1,64,382,4.0,4.0,15.701959420437289,0.004027470104290639,10.89463894674931,0.0007842342636740871,1.0,0.0,4.621376005768894,2018.0,2026.0,5.0,3.0,-13.806807433993399,45.344212993693844,59.15102042768724,0.35955153794664907,35.01129577920597,34.65174424125932,7.75,121.66063014329235,84.41294515893375
4041108500,4041128230,4040017020,4040017020,916.6,916.6,164270.6,420814.6,4427,0,0,1,65,383,28.0,28.0,14.465119155213747,0.08736093901334047,11.147735498326668,0.07001964070899144,1.0,0.0,3.2615196558950834,2018.0,2026.0,5.0,3.0,37.34942562795,54.90823558618907,17.558809958239074,36.3695744958048,48.466614577412365,12.097040081607567,7.75,112.07744615812432,86.37396703700061
4041108580,4041128230,4040017020,4040017020,916.8,916.8,119866.0,119867.8,4426,0,0,2,66,384,20.0,20.0,11.219435710904978,0.02462130885172414,7.872263371219823,0.030202264999882475,1.0,0.0,3.5848509962502138,2018.0,2026.0,5.0,3.0,5.297067997501662,38.657327051550396,33.36025905404873,16.38074739946955,28.636952327233303,12.256204927763754,7.75,86.92950872515014,60.99522338275729
4041043580,4041108500,4040017020,4040017020,2136.1,2136.1,231768.3,231768.3,4429,0,0,1,67,385,46.0,46.0,-1.5729445528005694,0.8253661276535258,-1.4190623407902834,0.8053011589691161,1.0,0.0,2.0629511527509257,2018.0,2026.0,5.0,3.0,76.46533821369107,9.155670514800926,-67.30966769889014,59.26613749853836,16.635147384525947,-42.63099011401242,7.75,-12.187359574060538,-10.995062079223825
4041043590,4041108500,4040017020,4040017020,2136.1,2136.1,26057.6,26058.0,4428,0,0,2,68,386,6.0,6.0,14.693778690228903,0.4131437296581819,13.932077703558107,0.3385672669943708,1.0,0.0,3.7891239918148933,2018.0,2026.0,5.0,3.0,88.82335508010821,110.86302688440338,22.039671804295168,55.89034838359048,116.30939998539317,60.41905160180269,7.75,113.84912715495632,107.94737823701422
4040017030,0,4040017030,4040017030,0.0,0.0,235439.1,235439.1,4430,0,1,0,69,387,38.0,38.0,6.966055483250498,0.18955736536248477,4.608648687647456,0.26516861660412244,0.8711758395417052,0.0,3.126210937463488,2018.0,2026.0,5.0,3.0,39.49011956196355,29.34009542031953,-10.150024141644025,41.873377637339054,28.01710328342267,-13.856274353916383,7.75,53.973817981105846,35.70835259696729
4040018350,0,4040018350,4040018350,0.0,0.0,293068.4,293068.4,4440,0,1,0,70,388,43.0,43.0,-12.573052260699345,2.1830729976762934e-08,-15.047892372112205,1.3802066206827929e-08,0.6982899130888492,0.0,3.432712672690941,2018.0,2026.0,5.0,3.0,36.503211411923346,-64.95982057185255,-101.46303198377589,48.98412919825861,-40.735209050249004,-89.71933824850761,7.75,-97.41748911096276,-116.59284165113633
4040022790,0,4040022790,4040022790,0.0,0.0,10641.8,10641.8,4451,0,1,0,71,389,4.0,4.0,12.048348609915898,0.00039388265023248056,4.646191029432366,0.051899826525430154,0.5220874058512215,0.0,3.2906098237326518,2018.0,2026.0,5.0,3.0,5.370059599401887,84.04820480410753,78.67814520470564,21.697535269499678,56.19106379113017,34.493528521630495,7.75,93.35202345259957,35.99923508088596
4040023050,0,4040023050,4040023050,0.0,0.0,9409.8,9410.0,4452,0,0,1,72,390,3.0,3.0,8.261420710189014,0.025941495299157166,4.023007410740069,0.12975385699584965,1.0,0.0,3.254007866693814,2018.0,2026.0,5.0,3.0,21.985563110336916,66.858531975733,44.87296886539609,22.499350348617916,58.01579837456711,35.516448025949195,7.75,64.01046025964384,31.170735037356323
4040023060,0,4040023060,4040023060,0.0,0.0,266292.4,266292.4,4454,0,0,1,73,391,47.0,47.0,-4.633507664128647,0.4339236104175385,-5.665312297071093,0.3020557142124932,1.0,0.0,2.2686522160240106,2018.0,2026.0,5.0,3.0,77.30505671372805,-11.27999537540798,-88.58505208913603,68.14845097501525,-10.666441288751958,-78.8148922637672,7.75,-35.90096287333079,-43.8955066412353
4040023070,0,4040023070,4040023070,0.0,0.0,5214.4,5214.4,4453,0,1,0,74,392,3.0,3.0,8.191453572200693,0.047450970815765624,2.6988452860980088,0.3751952015890862,0.6219396246843063,0.0,3.612070127603213,2018.0,2026.0,5.0,3.0,28.068344980260065,63.206081585044046,35.13773660478398,28.892431573968786,43.761989879281884,14.869558305313099,7.75,63.46834663744822,20.91097100522208
4040023210,0,4040023210,4040023210,0.0,0.0,66.9,67.0,4455,0,1,0,75,393,1.0,1.0,10.272667774575169,0.00996431523041674,,,0.0,0.0,,2018.0,2026.0,5.0,3.0,15.25944653712213,83.3802964289983,68.12084989187618,,,,7.75,79.59383929376517,
4040023220,0,4040023220,4040023220,0.0,0.0,34265.1,34265.1,4456,0,0,1,76,394,8.0,8.0,7.857740362773441,0.18809070982349493,4.62654516535152,0.2728800851474234,0.9860816147573954,0.0,3.0810562092878584,2018.0,2026.0,5.0,3.0,59.55063710110348,46.47179549626847,-13.078841604835013,45.45776968221172,38.362880326721644,-7.094889355490075,7.75,60.88269740355603,35.84701661312745
4040023230,0,4040023230,4040023230,0.0,0.0,29950.4,29950.4,4457,0,1,0,77,395,6.0,6.0,14.418461540297535,0.0023679338121786993,7.695989189263262,0.026256576512289995,0.5342493159011077,0.0,1.8308833777595106,2018.0,2026.0,5.0,3.0,-3.352472765728831,111.87155171871035,115.22402448443918,6.426474202088852,80.0667234089121,73.64024920682324,7.75,111.71593746486523,59.62943026862432
4040023810,0,4040023810,4040023810,0.0,0.0,376347.5,376349.6,4458,0,0,1,78,396,46.0,46.0,3.8744432713590697,0.49821168721848297,1.9087083593883034,0.6941408900316107,0.9996849369837421,0.0,1.7420564485270966,2018.0,2026.0,5.0,3.0,40.65694544329604,34.78501055440555,-5.871934888890486,31.37995149499263,38.25509227666566,6.875140781673029,7.75,30.019642595335164,14.788897076163995
4040023820,0,4040023820,4040023820,0.0,0.0,16617.7,16617.7,4459,0,1,0,79,397,5.0,5.0,18.285790523918216,0.001298109358867864,11.00853530151463,0.012771109503824346,0.7192994092272507,0.0,1.470202680452957,2018.0,2026.0,5.0,3.0,-29.497411590140338,142.7547357159192,172.25214730605953,-16.64365022811429,108.98692774855728,125.63057797667156,7.75,141.68045772125546,85.2954275243981
4040024190,0,4040024190,4040024190,0.0,0.0,96502.0,96502.0,4510,0,1,0,80,398,18.0,18.0,1.6354566616437083,0.646866724641778,-0.13282086891210199,0.958824791217785,0.7417364569239655,0.0,1.1931097512077196,2018.0,2026.0,5.0,3.0,37.575446660969185,26.665837495250667,-10.909609165718518,29.07648776562454,33.67754517008033,4.601057404455787,7.75,12.671710752776713,-1.0291117290109477
4040025450,0,4040025450,4040025450,0.0,0.0,176.0,1574223.9,4521,0,0,1,81,399,1.0,1.0,-4.936761266801739,0.1825579746058881,-3.1644069981064575,0.2741152784100137,1.0,0.0,0.8339774030911364,2018.0,2026.0,5.0,3.0,22.052827538922436,19.78580991427104,-2.2670176246513947,27.679366550105847,48.58576581954804,20.90639926944219,7.75,-38.25060748815584,-24.51819795931903
4040975160,4040025450,4040025450,4040025450,6.8,6.8,85401.0,85401.1,4522,0,0,2,82,400,14.0,14.0,-6.545491412615007,0.0706492402113935,-6.909590418037681,0.01229050491877244,1.0,0.0,3.528342502735131,2018.0,2026.0,5.0,3.0,8.79884646411353,1.6110503422772051,-7.1877961218363255,18.171184183235578,13.3395887419001,-4.8315954413354785,7.75,-50.71523804983018,-53.536320008341235
4040975150,4040025450,4040025450,4040025450,7.0,7.0,4180.4,1488646.5,4523,0,0,1,83,401,4.0,4.0,-7.000585219682719,0.16580777694476698,-7.424200768285843,0.020174608596463448,1.0,0.0,6.201929041289381,2018.0,2026.0,5.0,3.0,1.5135035785442725,15.390983338323133,13.877479759778861,15.758621290594945,22.722497628178804,6.963876337583859,7.75,-54.24135844408514,-57.523581585897155
4040960200,4040975150,4040025450,4040025450,123.0,123.0,185347.6,539868.5,4525,0,0,1,84,402,26.0,26.0,-15.321499823997286,0.0009422867177499917,-14.590320100922327,1.6242255549225644e-06,1.0,0.0,4.982997861644841,2018.0,2026.0,5.0,3.0,5.679022387614035,-44.27809879682146,-49.95712118443549,27.07666566122697,-36.968103138323336,-64.0447687995503,7.75,-118.71278439948617,-113.04751782507923
4040960480,4040975150,4040025450,4040025450,123.0,123.0,954206.0,954206.0,4524,0,0,2,85,403,101.0,101.0,-0.1749261858004374,0.9736404873651165,-1.4578042718895858,0.6297714866257655,1.0,0.0,5.1395411727571005,2018.0,2026.0,5.0,3.0,-43.52625641784882,24.27199947538279,67.79825589323161,-12.773622300552706,24.46590236076047,37.239524661313176,7.75,-1.3553486812189948,-11.295239122375163
4040865930,4040960200,4040025450,4040025450,885.1,885.1,22704.7,320576.3,4527,0,0,1,86,404,7.0,7.0,-7.80820852685045,0.024651138399917005,-7.0540379676210705,0.001405739355437826,1.0,0.0,2.3900497713436177,2018.0,2026.0,5.0,3.0,4.4729543832881955,-33.84777958622855,-38.320733969516745,12.923660076179763,-18.122607804373448,-31.04626788055321,7.75,-60.498918907561325,-54.65551662797435
4040865800,4040960200,4040025450,4040025450,885.3,885.3,33952.3,33952.7,4526,0,0,2,87,405,10.0,10.0,-17.806515894305477,2.0649951286273963e-06,-15.17788726882803,4.667214095026033e-09,1.0,0.0,4.176096923011794,2018.0,2026.0,5.0,3.0,29.337482064751406,-67.81666007865756,-97.15414214340896,43.844925260834444,-55.97244157524755,-99.81736683608199,7.75,-137.96698146717182,-117.60005741487564
4040839030,4040865930,4040025450,4040025450,1101.6,1101.6,41500.0,41500.0,4528,0,0,2,88,406,8.0,8.0,-22.641514556878548,1.1097632999847238e-08,-20.84263992244071,3.2432046004389767e-11,1.0,0.0,5.405903333912692,2018.0,2026.0,5.0,3.0,58.59842388218385,-90.28680759281652,-148.88523147500035,61.06731415266047,-78.23865120834601,-139.30596536100649,7.75,-175.42912031749842,-161.4912278727097
4040838850,4040865930,4040025450,4040025450,1101.8,1101.8,257277.4,257277.4,4529,0,0,1,89,407,39.0,39.0,-23.66322963073126,1.054958504727032e-08,-22.683556342124078,3.724199305574015e-14,1.0,0.0,3.1535444368018033,2018.0,2026.0,5.0,3.0,50.50206976393962,-103.9391533928449,-154.44122315678453,62.28229813516184,-110.86968115456928,-173.15197928973112,7.75,-183.34548899375625,-175.75486501905857
4040025460,0,4040025460,4040025460,0.0,0.0,205062.4,205062.4,4531,0,1,0,90,408,26.0,26.0,1.5346646767274947,0.8191853495787017,1.1763055305954033,0.7558312301273467,0.8653803392029782,0.0,3.3906769621560717,2018.0,2026.0,5.0,3.0,-56.2306692580774,-1.024465688996436,55.20620356908096,-39.96867599929949,-2.5420440451539856,37.426631954145506,7.75,11.890762587649036,9.114153734661167
4040027100,0,4040027100,4040027100,0.0,0.0,135524.8,135526.1,4532,0,0,1,91,409,22.0,22.0,4.663492939580832,0.43890109490601936,3.377899251503102,0.38406594636144914,0.9751627685561254,0.0,1.2178716606724553,2018.0,2026.0,5.0,3.0,-82.97959619951766,-12.257929168202152,70.7216670313155,-53.096548669761546,-10.471634663870773,42.62491400589077,7.75,36.13329231762835,26.172361072563394
4040027110,0,4040027110,4040027110,0.0,0.0,57148.5,57148.5,4533,0,1,0,92,410,10.0,10.0,9.927380472597175,0.04718704361669505,,,0.4641692040033433,0.0,1.3448201393666213,2018.0,2026.0,5.0,3.0,-84.62120049724936,12.707309894841112,97.32851039209048,,,,7.75,76.91851262819988,
4040027780,0,4040027780,4040027780,0.0,0.0,310377.2,310380.1,4534,0,0,1,93,411,38.0,38.0,12.15890429084388,0.1268685702501149,9.720677206718392,0.12229832899236481,0.9893568938784809,0.0,2.7958736656479872,2018.0,2026.0,5.0,3.0,-112.92467748676681,38.04225169462823,150.96692918139505,-79.2793353573912,33.468972533593394,112.74830789098459,7.75,94.20862188388277,75.316951389495
4040027790,0,4040027790,4040027790,0.0,0.0,13671.6,13671.6,4535,0,1,0,94,412,4.0,4.0,18.775840740462197,0.05664891182162091,16.744351326498595,0.009740956658175743,0.5586546133450525,0.0,1.498177164975651,2018.0,2026.0,5.0,3.0,-121.66564748485675,49.33269472481368,170.99834220967043,-83.58187565477769,53.132066413713204,136.7139420684909,7.75,145.47742449146617,129.73720534973586
4040027940,0,4040027940,4040027940,0.0,0.0,258784.2,258784.2,4536,0,0,1,95,413,35.0,35.0,17.790621206652013,0.3175619330961357,15.952437008251017,0.2732239821074109,0.9819834250945702,0.0,3.0676490980935314,2018.0,2026.0,5.0,3.0,-124.91664947462603,31.955866858736318,156.87251633336234,-93.28699122401261,28.648095115216957,121.93508633922957,7.75,137.8438275559896,123.60135998179433
4040027950,0,4040027950,4040027950,0.0,0.0,143865.3,143865.3,4537,0,1,0,96,414,21.0,21.0,18.412391659117702,0.29130404693116196,14.211231745482301,0.017853145169946932,0.898467664870147,0.0,6.910376753304547,2018.0,2026.0,5.0,3.0,-97.56544990489405,34.48830114027509,132.05375104516915,-46.8242148120835,32.47967926511299,79.30389407719649,7.75,142.66137822122684,110.11029661797376
4040028760,0,4040028760,4040028760,0.0,0.0,78368.8,78369.8,4538,0,0,1,97,415,13.0,13.0,14.583725835614985,0.04280843889047881,11.609810348029036,0.00016240974910884388,0.9861211686781195,0.0,4.577821375851239,2018.0,2026.0,5.0,3.0,-56.638841298267735,13.098339614476822,69.73718091274456,-32.66832330191214,21.742137089921297,54.41046039183344,7.75,112.99642468115101,89.95417737145017
4040028770,0,4040028770,4040028770,0.0,0.0,45136.8,45136.8,4539,0,1,0,98,416,10.0,10.0,10.324351966398098,0.013755593892935064,6.905903440690274,0.0012339398262742015,0.7138252992521976,0.0,6.47171832621183,2018.0,2026.0,5.0,3.0,-20.240350508685264,-15.301742206290788,4.938608302394476,-5.6218370385383105,-7.316653646564949,-1.6948166080266382,7.75,79.99429449666425,53.507752873794594
4040029530,0,4040029530,4040029530,0.0,0.0,316845.9,316845.9,4540,0,1,0,99,417,54.0,54.0,20.949382843941326,0.005938890660385726,19.075121714372635,0.0005352013906486444,0.8419750934350634,0.0,3.409349545194079,2018.0,2026.0,5.0,3.0,-126.50030877483809,60.0581048346889,186.55841360952698,-105.27238679961961,64.74454159385309,170.0169283934727,7.75,162.3182845950827,147.7962887109502
4040031750,0,4040031750,4040031750,0.0,0.0,1892.0,1892.0,4551,0,1,0,100,418,3.0,3.0,21.695844999191003,0.00013740037171220838,18.778208457384622,2.457241801252858e-06,1.0,0.0,4.147974905778675,2018.0,2026.0,5.0,3.0,-120.43439361615224,85.65660543243455,206.09099904858678,-87.41407619194378,76.12116620874768,163.53524240069146,7.75,168.10196125314317,145.49576984092673
4040031820,0,4040031820,4040031820,0.0,0.0,29977.0,29977.5,4552,0,0,1,101,419,9.0,9.0,18.537892136198582,0.00018621509896774442,15.901933809902495,6.215836473032891e-07,1.0,0.0,3.5430334994100905,2018.0,2026.0,5.0,3.0,-97.67898690496278,80.85610088713024,178.535087792093,-63.96421809072443,71.31789268869754,135.28211077942197,7.75,143.63377069251743,123.21005525537046
4040031830,0,4040031830,4040031830,0.0,0.0,23549.7,23549.7,4553,0,1,0,102,420,5.0,5.0,18.660999582489765,0.0005342533569345671,,,0.464070606869857,0.0,4.944143464500319,2018.0,2026.0,5.0,3.0,-112.17235942538132,71.30410943429735,183.47646885967868,,,,7.75,144.58762167952372,
4040032410,0,4040032410,4040032410,0.0,0.0,10473.4,10473.4,4554,0,0,1,103,421,4.0,4.0,16.99987880145392,0.0002732931919874718,11.765657221246286,2.057250038185355e-06,0.5647552598306087,0.0,7.000363096015065,2018.0,2026.0,5.0,3.0,-98.42878639901555,66.31354978424183,164.74233618325738,-44.93690180507599,52.41086612342408,97.34776792850008,7.75,131.71706230832197,91.16169729261325
4040032420,0,4040032420,4040032420,0.0,0.0,14719.8,14719.8,4555,0,1,0,104,422,4.0,4.0,15.518157784618388,0.0001388593222120808,,,0.43823783181476733,0.0,5.343191182974444,2018.0,2026.0,5.0,3.0,-88.73696618710134,58.909722217571506,147.64668840467286,,,,7.75,120.23651343044502,
4040032880,0,4040032880,4040032880,0.0,0.0,29277.9,29277.9,4556,0,0,1,105,423,9.0,9.0,14.400363319504637,0.0010866798143204515,11.5229092904803,1.5871971707560462e-05,1.0,0.0,3.9556877343092895,2018.0,2026.0,5.0,3.0,-79.8953539769179,62.43316941878041,142.3285233956983,-45.970299351923515,55.85208094421921,101.82238029614273,7.75,111.57571031950205,89.28085774691102
4040032890,0,4040032890,4040032890,0.0,0.0,11393.5,11393.5,4557,0,1,0,106,424,4.0,4.0,15.305850116914666,5.479216690791016e-05,11.378183134923752,1.319399358071287e-06,0.8224104932784518,0.0,3.5264795249363767,2018.0,2026.0,5.0,3.0,-86.8757892192893,45.19646109032076,132.07225030961007,-47.48221296143993,42.25457245852025,89.73678541996017,7.75,118.59152862660783,88.15950245539828
4040033430,0,4040033430,4040033430,0.0,0.0,400310.7,400310.7,4558,0,0,1,107,425,47.0,47.0,7.082327059560619,0.11390498145045452,3.0654510683369907,0.4758442192310723,0.9929634906899045,0.0,3.609429226657771,2018.0,2026.0,5.0,3.0,-13.861811016125397,43.0526698697542,56.9144808858796,10.541263909495234,37.85439617701267,27.31313226751743,7.75,54.874703842728415,23.75147576562268
4040033440,0,4040033440,4040033440,0.0,0.0,5868.8,5868.8,4559,0,1,0,108,426,2.0,2.0,20.599349183793624,4.135042575786138e-06,,,0.0,0.0,,2018.0,2026.0,5.0,3.0,-100.98902110915675,51.93925619722191,152.92827730637867,,,,7.75,159.60618258764123,
4040033640,0,4040033640,4040033640,0.0,0.0,17092.8,854649.9,4561,0,0,1,109,427,8.0,8.0,28.012696518219002,2.03387003114495e-06,22.985367715784054,2.0956264371409445e-09,0.9665289564020878,0.0,7.2991303902950335,2018.0,2026.0,5.0,3.0,-105.50358991550074,80.55419825531068,186.05778817081142,-66.48214432606031,76.1486767463923,142.6308210724526,7.75,217.04567049023896,178.09333507369988
4040879050,4040033640,4040033640,4040033640,426.6,426.6,33009.8,740522.9,4563,0,0,1,110,428,9.0,9.0,20.72792415663602,0.0007224017734302126,15.448980722615964,3.027149140546159e-05,1.0,0.0,8.351779064520464,2018.0,2026.0,5.0,3.0,-69.17523985783308,53.78858038695753,122.96382024479061,-38.94561482012311,56.22075206456379,95.16636688468691,7.75,160.602396614045,119.70052141000187
4040879040,4040033640,4040033640,4040033640,426.8,426.8,97710.9,97710.9,4562,0,0,2,111,429,16.0,16.0,14.947820609880335,0.005576363806330867,9.082982705054214,0.0012627748547488556,1.0,0.0,9.896959959207297,2018.0,2026.0,5.0,3.0,-57.5766765367546,32.167063797515375,89.74374033426997,-18.854220809314143,33.730184811225264,52.58440562053941,7.75,115.81747385615701,70.37601931636804
4040794590,4040879050,4040033640,4040033640,1026.8,1026.8,125483.5,419633.3,4565,0,0,1,112,430,20.0,20.0,-8.958681482782286,0.02376958758232529,-5.887307046079943,0.0076779469749678015,1.0,0.0,6.747809114351677,2018.0,2026.0,5.0,3.0,-14.997851129751893,-20.929054337146948,-5.931203207395054,-6.786225859203853,-5.839536094722256,0.9466897644815973,7.75,-69.41291881252258,-45.6155480914613
4040794730,4040879050,4040033640,4040033640,1026.9,1026.9,290471.3,290471.3,4564,0,0,2,113,431,41.0,41.0,-28.756695020832552,0.0004792460014922135,-28.61564229377621,4.381536519728789e-05,1.0,0.0,6.0701082884802355,2018.0,2026.0,5.0,3.0,47.59764732761718,-85.08839793910079,-132.68604526671797,66.087977123783,-87.87612148391167,-153.96409860769467,7.75,-222.81025847763485,-221.71736534260558
4040648310,4040794590,4040033640,4040033640,1718.7,1718.7,92570.8,92571.6,4566,0,0,2,114,432,15.0,15.0,-25.905797338299067,3.9958675266879854e-05,-17.422600772010806,0.0004175130535719749,1.0,0.0,10.6785237427537,2018.0,2026.0,5.0,3.0,32.6065474405975,-139.51499550178946,-172.12154294238695,20.60431330965502,-114.59238632145635,-135.19669963111136,7.75,-200.72116760406945,-134.99236190223294
4040648320,4040794590,4040033640,4040033640,1718.8,1718.8,69087.2,201574.9,4567,0,0,1,115,433,13.0,13.0,-38.7221555288885,0.011649538316592113,-29.323140433871735,0.06098397197761603,1.0,0.0,9.59489938079697,2018.0,2026.0,5.0,3.0,62.270726532172375,-297.50879255036006,-359.77951908253243,66.43859590770705,-262.59064962307247,-329.0292455307795,7.75,-300.02381970363984,-227.1991442241123
4040607260,4040648320,4040033640,4040033640,2400.4,2400.4,66467.4,66467.4,4568,0,0,2,116,434,14.0,14.0,-32.28503836347518,0.0002223558433005685,-28.623223239154527,0.010192536695066666,1.0,0.0,5.743653689783059,2018.0,2026.0,5.0,3.0,64.95492025424247,-194.5179051604221,-259.47282541466456,76.68900614121176,-182.85286672541383,-259.54187286662557,7.75,-250.14827807976664,-221.77610339988314
4040607420,4040648320,4040033640,4040033640,2400.6,2400.6,72730.3,72730.3,4569,0,0,1,117,435,15.0,15.0,-37.494835309550645,4.7317116525666646e-05,-32.42390657605232,0.004140842569951904,1.0,0.0,6.727519574995844,2018.0,2026.0,5.0,3.0,69.99381223468377,-197.10470803855694,-267.0985202732407,83.60173027235709,-190.3644462190479,-273.966176491405,7.75,-290.5143981547661,-251.22424533943345
4040033650,0,4040033650,4040033650,0.0,0.0,35396.3,35396.3,4570,0,1,0,118,436,8.0,8.0,25.74438501720746,3.218178052361005e-06,21.056544438240348,1.7341377143921935e-09,0.775348695657425,0.0,6.550462808297521,2018.0,2026.0,5.0,3.0,-92.52115212258136,72.85575128465082,165.3769034072322,-54.33375904448108,66.95732057544683,121.2910796199279,7.75,199.4705259375691,163.1485852435871
4040034510,0,4040034510,4040034510,0.0,0.0,74997.4,74997.4,4110,0,1,0,119,437,13.0,13.0,-4.721651170209665,0.09450535471498148,-9.009692035094492,0.004227711537743113,0.8308706250300025,0.0,3.444106180821082,2018.0,2026.0,5.0,3.0,-1.486611954311347,-62.37437035630759,-60.88775840199624,6.343185574119217,-103.93742654057301,-110.28061211469223,7.75,-36.58390913536852,-69.80815457718663
4040037060,0,4040037060,4040037060,0.0,0.0,85506.2,85506.2,4120,0,1,0,120,438,14.0,14.0,-2.471160424526232,0.3904812451509981,-1.0473195480038342,0.658052186431633,0.789160380700923,0.0,3.0604565276329447,2018.0,2026.0,5.0,3.0,39.619157957345266,-10.450962278610731,-50.070120235956,6.330209806912027,-22.57901773083135,-28.909227537743377,7.75,-19.146841892975324,-8.11475515633361
4040039450,0,4040039450,4040039450,0.0,0.0,295817.7,295817.7,4130,0,1,0,121,439,38.0,38.0,1.3751267412836938,0.4509140194414008,2.7075752875934427,0.09440165219610211,0.7426200185589736,0.0,2.4121642049345224,2018.0,2026.0,5.0,3.0,-12.907604929821218,-45.30138305794855,-32.39377812812733,-15.81386510474097,-31.75924426179958,-15.94537915705861,7.75,10.654643881814795,20.978612084570685
4040045780,0,4040045780,4040045780,0.0,0.0,88.0,88.0,4240,0,1,0,122,440,,,,,,,,,,,,,,,,,,,,,,
4040045890,0,4040045890,4040045890,0.0,0.0,276.0,276.0,4140,0,1,0,123,441,,,,,,,,,,,,,,,,,,,,,,
4040046100,0,4040046100,4040046100,0.0,0.0,4339.1,4339.1,4150,0,1,0,124,442,,,,,,,,,,,,,,,,,,,,,,
4040046370,0,4040046370,4040046370,0.0,0.0,36790.4,36790.4,4370,0,1,0,125,443,8.0,8.0,-6.783745883573074,0.10606557794485616,-7.778126123666202,0.0288892319764235,0.5746196822780354,0.0,1.02416353361198,2018.0,2026.0,5.0,3.0,44.57879924315381,-25.749201267261025,-70.32800051041484,53.92012083120627,-20.124826626810325,-74.0449474580166,7.75,-52.561261739936484,-60.265836906161134
4040047490,0,4040047490,4040047490,0.0,0.0,3.9,4.0,4380,0,1,0,126,444,,,,,,,,,,,,,,,,,,,,,,
4040047500,0,4040047500,4040047500,0.0,0.0,34604.3,34604.3,4390,0,1,0,127,445,7.0,7.0,5.08891377768211,0.10306891591121634,2.0605558448002093,0.31426151770612865,0.6356500475258016,0.0,1.4572254844624901,2018.0,2026.0,5.0,3.0,13.990188461308225,-26.868342726615698,-40.85853118792392,16.112011408951343,-16.334282631394007,-32.44629404034535,7.75,39.42950305500444,15.965429269773011
4040048470,0,4040048470,4040048470,0.0,0.0,8463.1,8463.1,4460,0,1,0,128,446,,,,,,,,,,,,,,,,,,,,,,
4040048900,0,4040048900,4040048900,0.0,0.0,66904.0,66904.0,4580,0,1,0,129,447,10.0,10.0,2.3395601463366944,0.6040486784216809,-0.35907079009637854,0.9328365635044554,0.8369503485920617,0.0,3.3563763597574603,2018.0,2026.0,5.0,3.0,42.390474722110504,-32.7346386668372,-75.12511338894771,38.10886645803947,-39.035520964636824,-77.14438742267629,7.75,18.127187444580002,-2.782122754203289
4040050210,0,4040050210,4040050210,0.0,0.0,82566.9,909036.8,4821,2,0,1,130,448,18.0,18.0,-3.3919975261183906,0.00034842646916398787,-3.364915822186437,0.0007901916044544156,1.0,0.0,0.9965394510880486,2018.0,2026.0,5.0,3.0,8.837018419446917,-12.161636825652236,-20.99865524509915,10.403655831027137,-11.12450113393688,-21.52815696496402,7.75,-26.281596164038454,-26.07176393371011
4040449990,4040050210,4040050210,4040050210,0.2,0.2,177777.9,767613.7,4823,1,0,1,131,449,31.0,31.0,-6.965765663050907,3.183497563662397e-07,-5.991077446628958,2.6116760546342456e-05,1.0,0.0,2.0389734706401867,2018.0,2026.0,5.0,3.0,28.263237713880056,-35.59629062112234,-63.859528335002395,27.560579281260623,-28.545756270753923,-56.10633555201454,7.75,-53.97157242007958,-46.4195733715536
4040449660,4040050210,4040050210,4040050210,0.2,0.2,90827.4,90827.4,4822,1,0,2,132,450,16.0,16.0,-24.562360646436023,6.497971692248752e-21,-24.972338461127098,2.457597985835057e-19,1.0,0.0,1.348169603176371,2018.0,2026.0,5.0,3.0,88.35478784376735,-91.49563840548818,-179.85042624925552,91.26677518373074,-88.17911762091408,-179.4458928046448,7.75,-190.3120619559588,-193.4886183298828
4040416430,4040449990,4040050210,4040050210,589.6,589.6,213833.2,213833.2,4824,1,0,2,133,451,30.0,30.0,-6.178275260672249,5.522782855399415e-07,-5.399693305097005,9.787218993796999e-06,1.0,0.0,1.4898810649221035,2018.0,2026.0,5.0,3.0,28.749801860524883,-35.75489781405218,-64.50469967457707,27.5639341535426,-30.00999623621816,-57.57393038976076,7.75,-47.87000407310737,-41.837459420737915
4040416190,4040449990,4040050210,4040050210,589.7,589.7,33109.8,386911.3,4825,1,0,1,134,452,10.0,10.0,-23.889768891644323,4.083478301739381e-12,-23.10839947205998,2.299803343571938e-16,1.0,0.0,1.3881907587772784,2018.0,2026.0,5.0,3.0,89.31309746698858,-103.45187606205099,-192.76497352903957,87.2028156220654,-93.91846325858147,-181.12127888064686,7.75,-185.1007418572305,-179.04659960555713
4040438030,4040416190,4040050210,4040050210,1159.8,1159.8,98577.8,277748.4,4827,1,0,1,135,453,16.0,16.0,-17.969563960803143,0.00014189783962076664,-16.573366224880967,1.7426582418685996e-06,1.0,0.0,2.533386909531939,2018.0,2026.0,5.0,3.0,77.6120256574201,-95.38205678899014,-172.99408244641023,73.12340344250026,-83.29837554927799,-156.42177899177824,7.75,-139.23029708165063,-128.4123926527396
4040438130,4040416190,4040050210,4040050210,1160.0,1160.0,103678.9,103678.9,4826,1,0,2,136,454,19.0,19.0,-13.162489504244146,9.513923912132827e-05,-11.226917147235174,0.00012995242303309035,1.0,0.0,3.7476674734379785,2018.0,2026.0,5.0,3.0,39.84521878684019,-75.04764418494244,-114.89286297178263,40.21437345825555,-62.713273788783454,-102.927647247039,7.75,-101.98451826697038,-86.98747577460792
4040462930,4040438030,4040050210,4040050210,1346.9,1346.9,113685.3,113685.3,4829,1,0,1,137,455,18.0,18.0,-16.469954914742846,0.09600870820578809,-12.560292027837491,0.031120108315346454,1.0,0.0,5.229290834403816,2018.0,2026.0,5.0,3.0,46.526003293833284,-121.33746529513576,-167.86346858896906,45.14292999671161,-95.71965933383574,-140.86258933054734,7.75,-127.61114964742576,-97.31862132451774
4040462690,4040438030,4040050210,4040050210,1346.9,1346.9,76777.0,76777.0,4828,1,0,2,138,456,14.0,14.0,-17.319166203399064,0.0008499309636548211,-14.915093845905586,0.00015513430325872181,1.0,0.0,5.350258741707952,2018.0,2026.0,5.0,3.0,69.01982668836374,-97.85729044856778,-166.87711713693153,60.70098344980927,-84.4372135151058,-145.13819696491507,7.75,-134.1909386875273,-115.56390303603781
4040050220,0,4040050220,4040050220,0.0,0.0,64660.9,622506.9,4611,2,0,1,139,457,17.0,17.0,-14.384745284104822,1.5561189993191553e-12,-12.62987177864023,1.1106237748898406e-10,1.0,0.0,3.969796580775454,2018.0,2026.0,5.0,3.0,63.98792531596687,-42.654584952404605,-106.64251026837147,62.667411864645736,-40.526570370470765,-103.1939822351165,7.75,-111.45469994255072,-97.85773342519329
4040273960,4040050220,4040050220,4040050220,0.2,0.2,45425.0,45425.0,4612,1,0,3,140,458,12.0,12.0,-21.366332804604006,8.271363555883017e-17,-20.744813964062097,1.6142880617178407e-18,1.0,0.0,3.249805203637093,2018.0,2026.0,5.0,3.0,93.90499261514344,-72.70376950169091,-166.60876211683436,87.74170097166527,-81.8290594290511,-169.57076040071638,7.75,-165.5488619768086,-160.73326083037847
4040274280,4040050220,4040050220,4040050220,0.3,0.3,62829.8,463252.7,4613,1,0,1,141,459,18.0,18.0,-7.029019437044071,2.607859286864441e-06,-2.640010810227251,0.00244377593280452,1.0,0.0,7.736828978515053,2018.0,2026.0,5.0,3.0,19.469071239236378,-12.176160020208178,-31.645231259444557,8.943928854401797,-9.3297448682923,-18.2736737226941,7.75,-54.4616701076926,-20.455114559734756
4040274300,4040050220,4040050220,4040050220,0.3,0.3,53924.2,53924.2,4614,1,0,2,142,460,15.0,15.0,-15.615114298161643,5.62503416954808e-11,-14.494118462138115,1.2575116475533778e-10,1.0,0.0,3.675041717941089,2018.0,2026.0,5.0,3.0,71.05072491943827,-49.44208620330534,-120.4928111227436,71.66341235543126,-45.83346647514383,-117.4968788305751,7.75,-120.98774391183423,-112.30213620219266
4040482720,4040274280,4040050220,4040050220,982.3,982.3,223.9,405848.4,4615,1,0,1,143,461,1.0,1.0,-4.1249690673711665,0.010302567546245294,0.27392528360383617,0.8022085430838501,1.0,0.0,6.8495903638442925,2018.0,2026.0,5.0,3.0,-0.34132549166679416,-0.5096399287382761,-0.16831443707148197,-9.252173915861567,8.044675115287314,17.29684903114888,7.75,-31.960745956633545,2.122405345924316
4040484700,4040482720,4040050220,4040050220,1001.6,1001.6,69512.4,69512.4,4616,1,0,2,144,462,13.0,13.0,-17.70742341165645,1.8318395517148743e-09,-14.191971591699144,1.047177716934884e-13,1.0,0.0,5.277874744083934,2018.0,2026.0,5.0,3.0,45.616483148624106,-44.67074277195354,-90.28722592057764,40.1932660819846,-49.541954024157725,-89.73522010614232,7.75,-137.19920124568858,-109.96106667901049
4040484760,4040482720,4040050220,4040050220,1001.8,1001.8,183313.8,337555.5,4617,1,0,1,145,463,27.0,27.0,-15.776030360678199,1.3541775675332794e-05,-6.137311326754348,0.0043793589931420485,1.0,0.0,12.413438436270702,2018.0,2026.0,5.0,3.0,23.955588211936647,-44.9472234498561,-68.90281166179274,0.48207266759720857,-26.634663149762204,-27.116735817359412,7.75,-122.23454050847175,-47.55261069052651
4040545690,4040484760,4040050220,4040050220,1615.9,1615.9,121256.0,121256.0,4619,1,0,1,146,464,18.0,18.0,-35.25776911651989,1.663492629701004e-05,-29.161906766619396,5.53707494354925e-07,1.0,0.0,4.330424240624541,2018.0,2026.0,5.0,3.0,83.78126717752323,-183.88957100375458,-267.6708381812778,85.46173168607841,-148.6321988015416,-234.09393048762,7.75,-273.181345926766,-225.94988678859107
4040545530,4040484760,4040050220,4040050220,1616.1,1616.1,38706.7,38706.7,4618,1,0,2,147,465,10.0,10.0,-30.708480479792392,7.741799909999656e-07,-29.50934422277438,3.5349700944658617e-10,1.0,0.0,5.711520703772705,2018.0,2026.0,5.0,3.0,88.41357637026769,-111.17986978166995,-199.59344615193766,89.50595230368356,-112.87668943337509,-202.38264173705863,7.75,-237.93292199264195,-228.64187310185216
4040050230,0,4040050230,4040050230,0.0,0.0,2012.0,404800.5,4631,2,0,1,148,466,2.0,2.0,-5.907142919275925,0.10819184025420592,-3.8088717273803763,0.3084320852341856,1.0,0.0,2.0657217210023036,2018.0,2026.0,5.0,3.0,48.3165957617389,-22.824395243592033,-71.14099100533093,37.84728190959571,5.8923473701971885,-31.95493453939852,7.75,-45.76923877221319,-29.511586553008804
4040223260,4040050230,4040050230,4040050230,0.1,0.1,1124.5,216797.8,4633,1,0,1,149,467,1.0,1.0,-5.6412860962372555,0.11880858883348569,-3.2891901965453716,0.3790386645531092,1.0,0.0,2.184860131467623,2018.0,2026.0,5.0,3.0,47.50390533544123,-21.682404937843483,-69.18631027328472,36.1215207929993,8.330351959105146,-27.791168833894154,7.75,-43.70934880862816,-25.48503287124819
4040223160,4040050230,4040050230,4040050230,0.3,0.3,195514.2,195514.2,4632,1,0,2,150,468,27.0,27.0,-9.879191647634027,0.018860844556047723,-12.201570219956436,0.0015638689461555206,1.0,0.0,3.970100323306673,2018.0,2026.0,5.0,3.0,63.01173446895258,-36.61298838201077,-99.62472285096335,61.49156907310621,-36.25434199869611,-97.74591107180233,7.75,-76.54513993923148,-94.5392025256036
4040225090,4040223260,4040050230,4040050230,16.0,16.0,18972.9,18973.0,4634,1,0,2,151,469,6.0,6.0,-3.4121015266543786,0.34742519040369935,0.5032109430444454,0.8854166458587585,1.0,0.0,2.761173856102757,2018.0,2026.0,5.0,3.0,41.37253451635269,-7.625617255686909,-48.9981517720396,26.631670887564844,22.674252136817994,-3.95741875074685,7.75,-26.4373643269867,3.898937628516853
4040225300,4040223260,4040050230,4040050230,16.2,16.2,3320.5,196700.5,4635,1,0,1,152,470,2.0,2.0,-4.7746163251686,0.1872973678383762,-1.1261376197670927,0.7596627283452504,1.0,0.0,2.3742023403345214,2018.0,2026.0,5.0,3.0,45.077704005961984,-16.733866038833735,-61.811570044795715,31.24220060778805,16.98469403228292,-14.25750657550513,7.75,-36.99428939145007,-8.72544685541649
4040234270,4040225300,4040050230,4040050230,58.1,58.1,52472.7,52472.7,4636,1,0,2,153,471,11.0,11.0,-7.498950291136043,0.04064142799329785,-6.150325556397186,0.047778092694120367,1.0,0.0,2.1429385095997238,2018.0,2026.0,5.0,3.0,54.80528328866897,-32.032037604104524,-86.83732089277349,46.75577882641268,-11.358946089795742,-58.114724916208424,7.75,-58.10274968902122,-47.65344647393302
4040234430,4040225300,4040050230,4040050230,58.3,58.3,12595.8,141350.3,4637,1,0,1,154,472,7.0,7.0,-10.667553426475228,0.007801339265199813,-10.700878889105848,0.0014319946767122522,1.0,0.0,1.3960076877114753,2018.0,2026.0,5.0,3.0,63.783863284865426,-44.103945054600054,-107.88780833946548,59.33772077967043,-28.44580010561701,-87.78352088528743,7.75,-82.65345981362053,-82.91166942140876
4040298550,4040234430,4040050230,4040050230,410.4,410.4,115829.0,115833.2,4639,1,0,1,155,473,18.0,18.0,-30.335828241187087,1.4727493602860794e-07,-30.803483191395472,8.181760618443942e-08,1.0,0.0,2.6089855165271683,2018.0,2026.0,5.0,3.0,121.41769052518012,-120.35524226687147,-241.7729327920516,123.73557948075515,-107.90646768991938,-231.64204717067452,7.75,-235.04556857648038,-238.6690141865823
4040298640,4040234430,4040050230,4040050230,410.5,410.5,12918.5,12918.6,4638,1,0,2,156,474,5.0,5.0,-16.514113928957666,0.0006889137857190567,-17.222858216506438,1.7162610896010782e-07,1.0,0.0,1.3331081422305564,2018.0,2026.0,5.0,3.0,85.730593055741,-76.22858283543142,-161.95917589117244,81.387027584801,-64.91280754954279,-146.2998351343438,7.75,-127.95329888829623,-133.44473306697665
4040050240,0,4040050240,4040050240,0.0,0.0,325873.1,325885.8,4621,2,0,1,157,475,48.0,48.0,-16.028912403169954,7.361125435701282e-06,-15.570790738956061,3.2398730810356523e-15,1.0,0.0,3.3054016412221063,2018.0,2026.0,5.0,3.0,65.43055609539054,-59.62412143130556,-125.05467752669611,63.461054959718425,-64.652870375685,-128.11392533540342,7.75,-124.19390034488973,-120.64431975700386
4040050250,0,4040050250,4040050250,0.0,0.0,248240.4,248240.4,4624,2,0,1,158,476,34.0,34.0,1.533183235919502,0.5265857115266127,-3.149157257928362,0.02497184792384632,1.0,0.0,7.6955546938499895,2018.0,2026.0,5.0,3.0,20.20551676011508,-16.168844420474546,-36.37436118058963,31.51301986338254,-14.041084107155926,-45.55410397053846,7.75,11.879284209862261,-24.40004117710408
4040050260,4040000880,4040050260,4040000880,0.0,1.0,144139.2,144139.2,4220,2,0,2,159,477,24.0,24.0,8.63096558465467,0.05115779764985135,6.184754187163833,0.003537563951697982,1.0,0.0,4.508754877269623,2018.0,2026.0,5.0,3.0,-43.41712974693754,-18.98718373585473,24.42994601108281,-25.099597310412975,-15.808158758522111,9.291438551890863,7.75,66.87373745262893,47.92020355831252
4040050270,0,4040050270,4040050270,0.0,0.0,326657.0,326657.0,4830,2,0,1,160,478,40.0,40.0,2.254314704647663,0.018804878812670827,3.953729023659535,9.281676810542914e-05,1.0,0.0,2.604236909916851,2018.0,2026.0,5.0,3.0,-20.947499907067183,3.1785776248016746,24.12607753186886,-22.479770061211166,10.981016080021904,33.46078614123307,7.75,17.4666957266335,30.633957938279217
4040050280,0,4040050280,4040050280,0.0,0.0,101428.2,101428.2,4820,2,0,1,161,479,18.0,18.0,-5.015912413893473,7.777615265880263e-06,-3.871347266308284,3.794633582441399e-05,1.0,0.0,2.3480195534908503,2018.0,2026.0,5.0,3.0,4.843375343745234,-14.377790671382428,-19.22116601512766,3.878494658710364,-13.66763585045136,-17.546130509161724,7.75,-38.86387989409591,-29.99565438371648
4040050290,0,4040050290,4040050290,0.0,0.0,87577.3,87577.3,4712,2,0,1,162,480,15.0,15.0,-24.324661501012123,1.0841592385207792e-08,-27.6238143352844,2.8677217204636268e-09,1.0,0.0,4.419247505229673,2018.0,2026.0,5.0,3.0,98.46986615777165,-99.79476535028984,-198.26463150806148,106.95418270282565,-96.86118064462202,-203.81536334744766,7.75,-188.47034099346834,-214.03256555470188
4040050300,0,4040050300,4040050300,0.0,0.0,241047.3,241047.3,4626,2,0,1,163,481,34.0,34.0,-7.742138568524975,0.007149491999970316,-7.678859223559691,0.002545728077669842,1.0,0.0,2.155990212261988,2018.0,2026.0,5.0,3.0,50.745779024391,-38.53344245255811,-89.27922147694912,47.581091829788356,-33.17423017476691,-80.75532200455527,7.75,-59.98700109219899,-59.496705277683574
4040050310,0,4040050310,4040050310,0.0,0.0,134139.1,134139.1,4625,2,0,1,164,482,20.0,20.0,-1.946691374389295,0.28416618423979867,-2.1415998803067815,0.22807412515421005,1.0,0.0,4.352020500351051,2018.0,2026.0,5.0,3.0,27.452245790672787,-18.907175315958145,-46.35942110663093,27.801479293038437,2.8000647277863266,-25.00141456525211,7.75,-15.083193948040261,-16.59336799799642
4040050320,0,4040050320,4040050320,0.0,0.0,71257.7,71257.7,4734,2,0,1,165,483,15.0,15.0,-10.094178072287702,3.056240786890831e-08,-8.377442778090058,5.95227796853144e-09,1.0,0.0,3.283062610295543,2018.0,2026.0,5.0,3.0,19.297348632530493,-31.284449662287116,-50.58179829481761,14.77335244594467,-32.19100579936378,-46.964358245308446,7.75,-78.21088006728048,-64.90941290073886
4040050330,0,4040050330,4040050330,0.0,0.0,63346.0,63346.0,4630,2,0,1,166,484,11.0,11.0,-16.90233515324617,0.0003191232326794567,-22.566030950299616,5.67925564554311e-09,1.0,0.0,6.381274974693252,2018.0,2026.0,5.0,3.0,86.07193969258336,-76.91476548440836,-162.98670517699173,91.62898998418041,-91.22796408270686,-182.85695406688728,7.75,-130.9612826384303,-174.84426444722223
4040050340,0,4040050340,4040050340,0.0,0.0,53030.7,53030.7,4711,2,0,1,167,485,11.0,11.0,-30.457002466484326,3.980375150030308e-10,-33.02607868245113,6.138861260892453e-13,1.0,0.0,4.441287920593091,2018.0,2026.0,5.0,3.0,121.59742009043973,-123.04431628929603,-244.64173637973576,131.75321974284972,-109.92748574301629,-241.680705485866,7.75,-235.98444073963216,-255.88994571207857
4040050360,0,4040050360,4040050360,0.0,0.0,165135.4,165135.4,4610,2,0,1,168,486,23.0,23.0,-10.82400428878669,2.7107465439078476e-09,-7.691703844191658,1.8365930096193645e-07,1.0,0.0,5.878461195623246,2018.0,2026.0,5.0,3.0,42.8349038855968,-33.45876953696806,-76.29367342256486,37.116293943231184,-31.33840973265862,-68.4547036758898,7.75,-83.86565951339173,-59.59622691050621
4040050370,0,4040050370,4040050370,0.0,0.0,98548.2,98548.2,4735,2,0,1,169,487,17.0,17.0,-8.209146505952749,4.853183616678478e-07,-7.979962151448741,1.1050613479749437e-08,1.0,0.0,1.0347665858877233,2018.0,2026.0,5.0,3.0,20.807143671914258,-22.384991956454503,-43.19213562836876,21.91129549763151,-21.82523336840164,-43.736528866033154,7.75,-63.605433571105486,-61.82968621108813
4040050380,0,4040050380,4040050380,0.0,0.0,46481.8,46481.8,4736,2,0,1,170,488,9.0,9.0,-3.5046273043663927,0.058094616919200176,-4.1994744734713265,0.0029557179096690875,1.0,0.0,1.009047535461411,2018.0,2026.0,5.0,3.0,15.33328474444527,2.3454746916072193,-12.987810052838052,17.147797509860354,1.924983512624528,-15.222813997235825,7.75,-27.154264945535637,-32.53802261443903
4040050390,0,4040050390,4040050390,0.0,0.0,175153.5,175153.5,4740,2,0,1,171,489,25.0,25.0,3.3158938350380547,0.09756242895622148,0.18861333147139003,0.8709399206467822,1.0,0.0,5.186915000662602,2018.0,2026.0,5.0,3.0,-11.728429887141541,0.41786506741946167,12.146294954561002,-5.227895465938421,-4.65410562505097,0.5737898408874518,7.75,25.69193580604434,1.4613982972321256
4040050410,0,4040050410,4040050410,0.0,0.0,144280.6,144280.6,4810,2,0,1,172,490,22.0,22.0,-11.493177853761999,1.5621827471856399e-15,-12.10796476106198,3.1196460157921167e-12,1.0,0.0,1.9023991111055352,2018.0,2026.0,5.0,3.0,40.361069578700565,-41.726805864410736,-82.0878754431113,43.536511763837495,-40.98188257037234,-84.51839433420983,7.75,-89.05049507500742,-93.81393641014485
4040050430,0,4040050430,4040050430,0.0,0.0,203023.8,203023.8,4720,2,0,1,173,491,28.0,28.0,-0.018842522579074483,0.9900694922588554,0.09487883949322518,0.9355058842911868,1.0,0.0,2.4693194644742404,2018.0,2026.0,5.0,3.0,-3.165649217963507,-8.051755213136625,-4.886105995173118,-2.0836446919876876,-0.6916524437478605,1.391992248239827,7.75,-0.1459940832273259,0.7351324182500404
4040050440,0,4040050440,4040050440,0.0,0.0,34195.3,34195.3,4716,2,0,1,174,492,10.0,10.0,0.45222410530694557,0.6844866440033428,-1.7967641972319757,0.3607018034511425,1.0,0.0,4.927891576264039,2018.0,2026.0,5.0,3.0,8.32717515958633,-4.223926429101415,-12.551101588687747,19.090648785660743,-1.2441965400763795,-20.334845325737124,7.75,3.5038856071694893,-13.92154052886103
4040050450,0,4040050450,4040050450,0.0,0.0,30565.0,30565.0,4751,2,0,1,175,493,8.0,8.0,0.7526584674849888,0.697230983783765,-0.785040720428567,0.5359144544799377,1.0,0.0,2.180251493233023,2018.0,2026.0,5.0,3.0,6.1334148902785754,16.070122690340085,9.936707800061509,9.146439754257809,12.797535592405188,3.651095838147379,7.75,5.831686414736532,-6.082587922827774
4040050470,0,4040050470,4040050470,0.0,0.0,64450.4,64450.4,4915,2,0,1,176,494,14.0,14.0,-11.144919929625821,0.0001960081636595625,-10.179701672979053,0.0011622047486594957,1.0,0.0,3.5872293171795837,2018.0,2026.0,5.0,3.0,23.126283378647724,-71.19355153085769,-94.31983490950542,29.065100681384287,-72.16154794167751,-101.2266486230618,7.75,-86.35215167923634,-78.87352699392395
4040050480,0,4040050480,4040050480,0.0,0.0,77224.9,77224.9,4732,2,0,1,177,495,12.0,12.0,-4.944513411603657,2.355197034871341e-05,-4.1491661645246625,0.0002908033962343083,1.0,0.0,2.056308592984647,2018.0,2026.0,5.0,3.0,9.219666869494645,-18.01149518220659,-27.231162051701236,7.517917006854089,-14.344470211341438,-21.862387218195526,7.75,-38.31067201872238,-32.14822791404461
4040050520,0,4040050520,4040050520,0.0,0.0,76737.4,76737.4,4752,2,0,1,178,496,14.0,14.0,5.753224073101558,0.04581814206000227,2.784756479096995,0.04171736931138516,1.0,0.0,4.169289774777603,2018.0,2026.0,5.0,3.0,-12.186148254599688,20.62971278031023,32.815861034909915,-6.251976788461877,12.87268798664911,19.124664775110986,7.75,44.57665743156033,21.576621042695404
4040050550,4040007850,4040050550,4040007850,0.0,1.0,115686.7,115686.7,4320,2,0,2,179,497,18.0,18.0,-9.786173462630632,2.637994390119037e-05,-10.02750970171943,6.866955752168909e-07,1.0,0.0,1.3743210616443664,2018.0,2026.0,5.0,3.0,25.1223318551112,-20.801997644448065,-45.92432949955926,23.863764302515175,-23.467112291209673,-47.33087659372485,7.75,-75.824424091019,-77.69432568341132
4040050580,0,4040050580,4040050580,0.0,0.0,44285.5,44285.5,4715,2,0,1,180,498,9.0,9.0,0.4738958641595403,0.6202006779197723,0.1711944143612274,0.8782997073778177,1.0,0.0,1.887985425698868,2018.0,2026.0,5.0,3.0,-0.08398693025422617,1.6594838516530352,1.7434707819072615,2.9866130466886114,6.409752131230107,3.4231390845414955,7.75,3.6718009461232013,1.3264344767755607
4040050590,0,4040050590,4040050590,0.0,0.0,86008.4,86008.4,4713,2,0,1,181,499,13.0,13.0,-12.500564125789385,2.143277258384469e-10,-15.041140825166348,2.2541232259559327e-07,1.0,0.0,3.70757384447407,2018.0,2026.0,5.0,3.0,54.48858129516405,-50.722188600266556,-105.21076989543062,61.52768453155282,-53.2378249995632,-114.76550953111602,7.75,-96.8558425078274,-116.54052987055651
4040050610,0,4040050610,4040050610,0.0,0.0,64120.7,64120.7,4914,2,0,1,182,500,12.0,12.0,-14.07666537167497,2.1241607924059524e-05,-13.4433963464811,7.976397111101695e-07,1.0,0.0,3.3692291285778113,2018.0,2026.0,5.0,3.0,20.527114052768958,-63.55263047967423,-84.07974453244319,20.3112801001983,-70.28457455163912,-90.59585465183743,7.75,-109.0676605115405,-104.16101755110613
4040050700,0,4040050700,4040050700,0.0,0.0,19291.1,19291.1,4733,2,0,1,183,501,5.0,5.0,-9.048961796630719,2.0400775964180482e-10,-6.409257205036002,1.992654808008445e-08,1.0,0.0,4.416762788439989,2018.0,2026.0,5.0,3.0,16.837800239686306,-28.881091445628783,-45.718891685315086,11.33631899500798,-24.1771244868636,-35.51344348187158,7.75,-70.11242131270345,-49.659679370983945
4040050730,0,4040050730,4040050730,0.0,0.0,56519.9,56519.9,4622,2,0,1,184,502,14.0,14.0,-4.0950761067850445,0.009685763060316462,-2.7190711687909648,0.056541081191847926,1.0,0.0,3.661027764560067,2018.0,2026.0,5.0,3.0,33.95602168024827,-22.969349760208825,-56.9253714404571,32.36848575290562,-11.290187646307094,-43.65867339921272,7.75,-31.729131778786247,-21.067683525471406
4040050740,0,4040050740,4040050740,0.0,0.0,33604.5,33604.5,4714,2,0,1,185,503,8.0,8.0,-0.18945675106766346,0.8521325210134458,-1.1346673021699596,0.45697038201414203,1.0,0.0,3.0784755028152184,2018.0,2026.0,5.0,3.0,8.36348449908289,-3.908359207752785,-12.271843706835675,14.340554013555245,-2.4976521597132364,-16.838206173268482,7.75,-1.4679332115578032,-8.791535838852802
4040050780,0,4040050780,4040050780,0.0,0.0,41195.2,41195.2,4913,2,0,1,186,504,12.0,12.0,-4.630637488382842,0.048356561881390585,-4.603720709696304,0.05041932940762328,1.0,0.0,2.2366005209374666,2018.0,2026.0,5.0,3.0,11.92242032720485,-18.367214145358837,-30.289634472563687,3.9346321862624523,-25.197245048667643,-29.131877234930094,7.75,-35.87872441375344,-35.67017004364283
4040050790,0,4040050790,4040050790,0.0,0.0,23642.1,23642.1,4731,2,0,1,187,505,8.0,8.0,-1.6751438786107542,0.1693910490667206,-2.8601536651459476,0.02661286376675709,1.0,0.0,1.9426891420069943,2018.0,2026.0,5.0,3.0,3.1465365931973666,-7.420505605954248,-10.567042199151615,5.307913769547822,-9.481502332111019,-14.78941610165884,7.75,-12.97921198211755,-22.16080731653123
4040050810,0,4040050810,4040050810,0.0,0.0,72912.2,72912.2,4911,2,0,1,188,506,12.0,12.0,-12.71643739308912,4.643347763587872e-07,-9.771187717142281,5.434413980680101e-06,1.0,0.0,6.467517753977586,2018.0,2026.0,5.0,3.0,25.422109769672367,-42.44031006291018,-67.86241983258255,25.221478844958586,-35.648620674006395,-60.87009951896498,7.75,-98.52845399710392,-75.70831277073965
4040050830,0,4040050830,4040050830,0.0,0.0,47756.4,47756.4,4754,2,0,1,189,507,10.0,10.0,4.560072927266401,0.6026848385403988,2.0324836188476594,0.5914434935733168,1.0,0.0,2.7394371042052725,2018.0,2026.0,5.0,3.0,2.91728201297685,41.66117016196781,38.74388814899096,3.3729073924123996,15.960032261392925,12.587124868980526,7.75,35.33198188682797,15.74792235821732
4040050900,0,4040050900,4040050900,0.0,0.0,54732.1,54732.1,4755,2,0,1,190,508,15.0,15.0,8.513707360006443,0.08170244454344193,5.310003090477588,0.02155566661414654,1.0,0.0,4.889246180937289,2018.0,2026.0,5.0,3.0,-26.34941630820765,16.391891679556334,42.74130798776399,-15.587087473050882,0.9432893716784285,16.53037684472931,7.75,65.96520692352699,41.142529078854416
4040050910,0,4040050910,4040050910,0.0,0.0,30238.7,30238.7,4916,2,0,1,191,509,7.0,7.0,-15.034940876915082,1.605693886740717e-07,-13.902647816080936,1.7341155689702515e-09,1.0,0.0,3.4049957617341873,2018.0,2026.0,5.0,3.0,32.41357618956418,-84.40070077797624,-116.81427696754042,35.796723864885756,-84.30580212447465,-120.1025259893604,7.75,-116.49249194160078,-107.71935200413155
4040050940,0,4040050940,4040050940,0.0,0.0,67679.5,67679.5,4756,2,0,1,192,510,13.0,13.0,8.238733264322123,0.24678476572011096,2.713541847249177,0.3027455103764078,1.0,0.0,8.553281301214449,2018.0,2026.0,5.0,3.0,-19.324383225572664,39.09117792683719,58.41556115240985,-3.9404396138772713,-0.6808369073873995,3.2596027064898716,7.75,63.83467525812898,21.024841691211968
4040050950,0,4040050950,4040050950,0.0,0.0,55657.6,55657.6,4917,2,0,1,193,511,11.0,11.0,-0.6505717507531052,0.7643325013992867,0.43242247509094245,0.8557875260340279,1.0,0.0,3.9389062366156167,2018.0,2026.0,5.0,3.0,7.547330824516709,-20.326573842490507,-27.873904667007217,3.8285756025854205,-9.786346119060509,-13.61492172164593,7.75,-5.040706515075395,3.350460245057816
4040050980,0,4040050980,4040050980,0.0,0.0,192061.6,192061.6,4920,2,0,1,194,512,26.0,26.0,0.20760388376482375,0.883444073997536,2.9635046914466887,0.15103696383389575,1.0,0.0,4.857191787103057,2018.0,2026.0,5.0,3.0,6.534840695835852,1.617533824156715,-4.917306871679137,3.6884856536656194,15.32296892775853,11.634483274092911,7.75,1.6085393321134873,22.961583235575986
4040051100,0,4040051100,4040051100,0.0,0.0,12767.0,12767.0,4737,2,0,1,195,513,4.0,4.0,-6.436658925837071,0.020782609096453214,-6.914868474925879,0.0019269588031233355,1.0,0.0,0.503265825853332,2018.0,2026.0,5.0,3.0,23.664264536989588,-4.4609019755117645,-28.12516651250135,24.575667231995904,-5.191487952397802,-29.767155184393708,7.75,-49.871991129689015,-53.57721501448388
4040051210,0,4040051210,4040051210,0.0,0.0,82811.2,82811.2,4753,2,0,1,196,514,13.0,13.0,9.29376997199871,0.012770481245651551,4.737527724728716,0.009102688022932504,1.0,0.0,6.9868430953802205,2018.0,2026.0,5.0,3.0,-38.68276449731625,-5.534390947413153,33.1483735499031,-24.113283848221478,-17.654258899581503,6.459024948639975,7.75,72.00922387612964,36.70692254889053
4040051270,0,4040051270,4040051270,0.0,0.0,70208.7,70208.7,4912,2,0,1,197,515,14.0,14.0,1.3402099123715887,0.5632382538209626,3.128252637269952,0.2535818870395624,1.0,0.0,3.6733024465961313,2018.0,2026.0,5.0,3.0,5.917302269373589,18.13374553707183,12.216443267698242,0.37918728861959466,24.727979469641436,24.348792181021842,7.75,10.384104180729901,24.23806971519224
4040051530,0,4040051530,4040051530,0.0,0.0,18565.3,18565.3,4310,2,0,1,198,516,5.0,5.0,10.774597455823681,0.1034230797881417,2.497583886788199,0.32409692850927047,1.0,0.0,12.199666356706915,2018.0,2026.0,5.0,3.0,-17.076277908441895,66.12205715035005,83.19833505879194,4.812084206264927,13.706107910467646,8.894023704202718,7.75,83.48284955504728,19.35157398935141
4040051540,0,4040051540,4040051540,0.0,0.0,31419.3,31419.3,4623,2,0,1,199,517,9.0,9.0,-8.478740360638149,0.00019256805490506214,-12.316892563343911,7.934800947305591e-08,1.0,0.0,7.358852602650763,2018.0,2026.0,5.0,3.0,56.03862595313048,-41.113551772390664,-97.15217772552114,63.305498318146434,-52.50118109733935,-115.80667941548577,7.75,-65.6942784958411,-95.4327336187906
5040000010,0,5040000010,5040000010,0.0,0.0,161854.8,161854.8,5111,0,1,0,1,518,27.0,27.0,12.309988814335789,0.004394886350240838,8.420926730066126,2.688271112587152e-07,0.5780947580116843,0.0,3.1997758485400167,2018.0,2026.0,5.0,3.0,-42.15006948588782,-15.870566963267395,26.279502522620426,-29.135585988337187,-3.311678612698849,25.82390737563834,7.75,95.37924255871398,65.24633167991003
5040003690,0,5040003690,5040003690,0.0,0.0,19228.5,19228.5,5112,0,0,1,2,519,7.0,7.0,-2.3735747105395077,0.2505672620562221,-4.84051452267835,8.211145148147052e-06,0.9935052833726227,0.0,2.7942378457315984,2018.0,2026.0,5.0,3.0,21.91478479743518,-39.74625981068047,-61.661044608115645,17.1454842024011,-11.77294180734237,-28.91842600974347,7.75,-18.390736292475857,-37.50487638379119
5040003700,0,5040003700,5040003700,0.0,0.0,31206.2,31206.2,5113,0,1,0,3,520,11.0,11.0,-10.902589851385933,5.640447358487196e-06,-16.02873472465014,2.81761326248842e-11,0.9503795846544884,0.0,7.059184625885345,2018.0,2026.0,5.0,3.0,55.205107227731745,-58.785178575392706,-113.99028580312445,56.27117130829102,-26.464931554685247,-82.73610286297627,7.75,-84.47454970409909,-124.19252367080054
5040004220,0,5040004220,5040004220,0.0,0.0,20388.8,20388.8,5114,0,0,1,4,521,5.0,5.0,-6.777607942328801,0.006878065411376349,-9.56280614332834,2.55713121626769e-11,1.0,0.0,2.925618563770037,2018.0,2026.0,5.0,3.0,37.79103345563806,-53.64353927246922,-91.43457272810727,34.099169274512334,-26.76721932430722,-60.866388598819555,7.75,-52.51370424857087,-74.09374780457003
5040004230,0,5040004230,5040004230,0.0,0.0,40839.0,40839.0,5115,0,1,0,5,522,9.0,9.0,-9.837086534428947,0.0013894947515341032,-13.539976832634602,1.1277752154072696e-14,0.9110451580768281,0.0,1.9389261042793893,2018.0,2026.0,5.0,3.0,48.724993158855035,-58.961789332230076,-107.68678249108511,51.175593148502934,-32.15025304864875,-83.32584619715169,7.75,-76.21890456518527,-104.90933452801075
5040004800,0,5040004800,5040004800,0.0,0.0,42681.0,42681.0,5116,0,0,1,6,523,10.0,10.0,-5.192127745560471,0.15656206651191676,-8.294277552772272,1.1019979523433994e-06,0.9507160228144075,0.0,1.434487792434719,2018.0,2026.0,5.0,3.0,31.908266718369497,-51.82901144187665,-83.73727816024615,35.35684569495758,-43.839680054192236,-79.19652574914981,7.75,-40.22921702925704,-64.26503894413561
5040004810,0,5040004810,5040004810,0.0,0.0,21273.6,21273.6,5117,0,1,0,7,524,5.0,5.0,-11.344809799471262,0.0038153372862337826,-14.239539103613897,4.5201886586411616e-10,0.9374700431508187,0.0,0.7141014054618119,2018.0,2026.0,5.0,3.0,53.3051312934998,-51.019874736010316,-104.32500602951012,54.21838875288997,-42.56927989763272,-96.78766865052269,7.75,-87.90092192335024,-110.32962536133424
5040005140,0,5040005140,5040005140,0.0,0.0,54846.8,54847.9,5118,0,0,1,8,525,10.0,10.0,-4.528391971974969,0.40510713018676453,-10.17096312287519,1.2838366903324884e-06,0.8649642698409236,0.0,2.1833727641821294,2018.0,2026.0,5.0,3.0,33.20654592196375,-27.154830378795022,-60.36137630075878,41.076562286154584,-35.845031157079866,-76.92159344323446,7.75,-35.08651411550763,-78.80581967895083
5040005150,0,5040005150,5040005150,0.0,0.0,48401.6,48401.6,5119,0,1,0,9,526,11.0,11.0,-6.377730169339046,0.22887526201789551,-11.071735103895822,5.7379774848718446e-08,0.9308607623425166,0.0,2.6772038632948805,2018.0,2026.0,5.0,3.0,36.89589047952698,-30.002279905122176,-66.89817038464916,49.21890802495237,-40.30441412904149,-89.52332215399386,7.75,-49.41540418680219,-85.7851070336076
5040005830,0,5040005830,5040005830,0.0,0.0,14967.5,14967.5,5120,0,1,0,10,527,4.0,4.0,20.65526743459132,6.178446558089854e-06,,,0.0,0.0,,2018.0,2026.0,5.0,3.0,-76.02961071486682,-7.716895146256181,68.31271556861064,,,,7.75,160.03944377794232,
5040006690,0,5040006690,5040006690,0.0,0.0,6824.8,6824.8,5130,0,1,0,11,528,3.0,3.0,-14.26913300531265,1.3446299354032175e-08,,,0.0,0.0,,2018.0,2026.0,5.0,3.0,73.88627079954605,-73.84364580370506,-147.72991660325113,,,,7.75,-110.55892239571472,
5040006900,0,5040006900,5040006900,0.0,0.0,17360.7,17360.7,5140,0,1,0,12,529,6.0,6.0,-10.40701498919953,0.004662560936726987,,,0.34054544799274344,0.0,1.2099729385763638,2018.0,2026.0,5.0,3.0,55.28838732235812,-47.15109578499071,-102.43948310734882,,,,7.75,-80.6347773290477,
5040007690,0,5040007690,5040007690,0.0,0.0,140534.8,140534.8,5150,0,1,0,13,530,21.0,21.0,-0.43231629361111956,0.9216178470807146,-8.891006018772941,0.0010382970205448263,0.5026923868849325,0.0,4.0011303201288815,2018.0,2026.0,5.0,3.0,15.705967152834763,7.967145453912511,-7.738821698922252,67.41765397967686,-14.126118144412269,-81.54377212408913,7.75,-3.349637538451659,-68.88856135010931
5040011800,0,5040011800,5040011800,0.0,0.0,53151.3,53151.3,5160,0,1,0,14,531,15.0,15.0,14.396272404433962,6.873797049535552e-06,,,0.1085582540376955,0.0,6.887985410017326,2018.0,2026.0,5.0,3.0,-41.601094005132026,50.358608407931435,91.95970241306347,,,,7.75,111.54401342792092,
5040014020,0,5040014020,5040014020,0.0,0.0,40813.0,40813.0,5170,0,1,0,15,532,7.0,7.0,6.5684909262065645,0.12274768464384762,,,0.21652481810879617,0.0,6.135141717630326,2018.0,2026.0,5.0,3.0,-23.54387107019191,45.202220405811154,68.74609147600306,,,,7.75,50.893440988814724,
5040015660,0,5040015660,5040015660,0.0,0.0,19957.2,19957.2,5211,0,1,0,16,533,5.0,5.0,1.780336910930572,0.734444351413857,-3.954987693209169,0.0018534915799005942,0.8598725272380935,0.0,3.2845842000365115,2018.0,2026.0,5.0,3.0,-13.496638997668265,-23.48527578044759,-9.988636782779325,18.232089204466014,-12.155442381303912,-30.387531585769928,7.75,13.79425998065303,-30.64371025812991
5040015820,0,5040015820,5040015820,0.0,0.0,60621.2,60622.8,5212,0,0,1,17,534,11.0,11.0,1.0264721645015253,0.8076625676237512,-2.6617062374394407,0.08917378635342661,1.0,0.0,2.0054457698657067,2018.0,2026.0,5.0,3.0,3.606022333312258,-22.30872596952547,-25.914748302837726,25.050206141941683,-9.556035308965692,-34.606241450907376,7.75,7.953227174645631,-20.623213283925033
5040015830,0,5040015830,5040015830,0.0,0.0,133913.0,133913.0,5213,0,1,0,18,535,18.0,18.0,-4.196182731862347,0.4675490790331296,-8.038959377243208,0.0006987186963018913,0.7197998239875842,0.0,1.751444198950595,2018.0,2026.0,5.0,3.0,37.656317440525754,-46.13243537724386,-83.78875281776962,58.72278127551863,-18.236733063524454,-76.95951433904308,7.75,-32.51251781292387,-62.2868036621445
5040017030,0,5040017030,5040017030,0.0,0.0,83879.4,83879.4,5214,0,0,1,19,536,16.0,16.0,-0.5835526619177713,0.8964887021172129,-3.6254152932902315,0.09855459732033359,1.0,0.0,2.7308745010598847,2018.0,2026.0,5.0,3.0,22.213367840295824,-42.81523024213095,-65.02859808242678,38.17613966250462,-22.75190315178959,-60.92804281429421,7.75,-4.521434724783828,-28.090144503795635
5040017040,0,5040017040,5040017040,0.0,0.0,46482.8,46482.8,5215,0,1,0,20,537,10.0,10.0,-3.694402324580551,0.4628819983660567,-6.292247717775056,0.019901613590654763,1.0,0.0,2.871569041002145,2018.0,2026.0,5.0,3.0,37.622975379778175,-60.992665379395085,-98.61564075917326,50.47082478587872,-31.33635619449173,-81.80718098037045,7.75,-28.62466414390954,-48.753076088441915
5040017820,0,5040017820,5040017820,0.0,0.0,45411.8,45413.1,5216,0,0,1,21,538,10.0,10.0,11.203999038800312,0.06284663533894484,9.12416249724999,0.03469496009742283,1.0,0.0,2.2286138998128466,2018.0,2026.0,5.0,3.0,-30.40748177360434,-26.769092045919923,3.638389727684416,-23.895601943499422,-21.149292866858712,2.74630907664071,7.75,86.80990357236108,70.69508519429836
5040017830,0,5040017830,5040017830,0.0,0.0,245530.2,245530.2,5217,0,1,0,22,539,34.0,34.0,4.750334504659243,0.20340299044779822,-0.2032433869497674,0.9065080490358312,0.9159562762308321,0.0,5.551427788165761,2018.0,2026.0,5.0,3.0,-6.393358408598556,-2.039294256335481,4.354064152263075,8.339555064987584,-17.580439859344057,-25.91999492433164,7.75,36.806150987503514,-1.5747536894396763
5040021180,0,5040021180,5040021180,0.0,0.0,76429.7,76429.7,5218,0,0,1,23,540,15.0,15.0,7.172753622575625,0.10738485586180509,1.5965951912590395,0.1425228491579992,0.9577885232666096,0.0,5.343044671621313,2018.0,2026.0,5.0,3.0,-17.8473637403469,3.2754062006035816,21.12276994095048,2.5500470065203933,-7.755854338818129,-10.305901345338523,7.75,55.57533949866946,12.370607505169287
5040021190,0,5040021190,5040021190,0.0,0.0,33146.0,33146.0,5219,0,1,0,24,541,9.0,9.0,2.8054065957558745,0.5519727965319238,,,0.4982590403622527,0.0,3.6490578735706687,2018.0,2026.0,5.0,3.0,-16.940936707404195,-9.706700676297876,7.2342360311063185,,,,7.75,21.736620577656744,
5040022170,0,5040022170,5040022170,0.0,0.0,199.6,199.6,5260,0,1,0,25,542,,,,,,,,,,,,,,,,,,,,,,
5040022200,0,5040022200,5040022200,0.0,0.0,3350.8,3350.8,5220,0,1,0,26,543,,,,,,,,,,,,,,,,,,,,,,
5040022430,0,5040022430,5040022430,0.0,0.0,39.1,39.1,5230,0,1,0,27,544,,,,,,,,,,,,,,,,,,,,,,
5040022500,0,5040022500,5040022500,0.0,0.0,305422.8,305422.8,5240,0,1,0,28,545,54.0,54.0,-0.41906919092087236,0.8429621523644915,,,0.4691591798214348,0.0,4.18471287747505,2018.0,2026.0,5.0,3.0,12.876536565662303,-0.7730257542353259,-13.649562319897628,,,,7.75,-3.246997427258231,
5040031240,0,5040031240,5040031240,0.0,0.0,196242.2,196242.2,5250,0,1,0,29,546,33.0,33.0,5.326600565959868,0.06777263178033813,,,0.48848284138087417,0.0,10.153117328707465,2018.0,2026.0,5.0,3.0,-19.451348239534923,-7.872316549566869,11.579031689968055,,,,7.75,41.271128272871806,
5040037270,0,5040037270,5040037270,0.0,0.0,39095.3,39095.3,5320,0,1,0,30,547,6.0,6.0,-2.1295849403882183,0.6670083349903779,,,0.19486709160975563,0.0,1.4474682449822804,2018.0,2026.0,5.0,3.0,11.121025151645203,-87.768397730079,-98.8894228817242,,,,7.75,-16.500274829017545,
5040038940,0,5040038940,5040038940,0.0,0.0,28035.0,28035.0,5330,0,1,0,31,548,,,,,,,,,,,,,,,,,,,,,,
5040040040,0,5040040040,5040040040,0.0,0.0,7199.4,7199.4,5340,0,1,0,32,549,3.0,3.0,-5.118845947888689,0.35768106052002807,,,0.0,0.0,,2018.0,2026.0,5.0,3.0,9.059960271907613,-22.559524345715555,-31.61948461762317,,,,7.75,-39.66142103360709,
5040040360,0,5040040360,5040040360,0.0,0.0,48441.6,48441.6,5311,0,1,0,33,550,11.0,11.0,-2.064207493275716,0.5366040595299659,-7.432952493922528,0.010980580972819894,0.6606506929917739,0.0,5.128150987285097,2018.0,2026.0,5.0,3.0,-10.642425790643816,-8.43380786629592,2.2086179243478963,30.324481438321374,-37.20579058209811,-67.53027202041949,7.75,-15.99372267206099,-57.59139098644971
5040041230,0,5040041230,5040041230,0.0,0.0,33079.6,33079.6,5312,0,0,1,34,551,8.0,8.0,-2.0940737877327056,0.5355993485160849,-4.588878087612265,0.15474334900501666,0.9888347307002628,0.0,4.0625012968620835,2018.0,2026.0,5.0,3.0,-5.2251067794334025,-27.79678327046553,-22.571676491032125,16.694970111346816,-34.25743196627446,-50.95240207762127,7.75,-16.225130237600432,-35.55516766034965
5040041240,0,5040041240,5040041240,0.0,0.0,56152.3,56152.3,5313,0,1,0,35,552,11.0,11.0,3.8788548033357486,0.29353372889933516,-1.8165883202888296,0.6512465233182685,0.7280715697787867,0.0,7.043923856595677,2018.0,2026.0,5.0,3.0,-24.23679997804477,-6.347432644079727,17.88936733396504,11.39007467967156,-20.729657693734477,-32.11973237340604,7.75,30.05382366444947,-14.075140168151643
5040041870,0,5040041870,5040041870,0.0,0.0,64319.9,64319.9,5314,0,0,1,36,553,13.0,13.0,5.081888311982091,0.12921843791222257,0.9646608864415143,0.7889749813214605,0.9923888972219113,0.0,5.475481592673949,2018.0,2026.0,5.0,3.0,-20.415105107991057,-11.606858838691407,8.80824626929965,8.907320914103446,-18.708437811979266,-27.61575872608271,7.75,39.375068919669594,7.474306115344245
5040041880,0,5040041880,5040041880,0.0,0.0,326140.0,326140.0,5315,0,1,0,37,554,44.0,44.0,6.890336878290636,0.0015946281552859105,1.8677011865088105,0.26765530399562903,0.6380733713704748,0.0,4.196695915255298,2018.0,2026.0,5.0,3.0,-20.909578617846584,-9.825160682012246,11.084417935834338,5.043321188468084,-16.304843947848685,-21.34816513631677,7.75,53.387141315708426,14.4711686730183
5040046910,0,5040046910,5040046910,0.0,0.0,79016.5,79016.5,5316,0,0,1,38,555,15.0,15.0,2.605084719298575,0.15165225151345593,2.1906022437961976,0.22097700582390847,1.0,0.0,1.7296740732276719,2018.0,2026.0,5.0,3.0,-4.582133730507991,-33.94744977756958,-29.36531604706159,0.5614535831422252,-45.410754470972996,-45.97220805411522,7.75,20.18450309545508,16.97304407924227
5040046920,0,5040046920,5040046920,0.0,0.0,32183.7,32183.7,5317,0,1,0,39,556,10.0,10.0,0.3837358903870105,0.8568687174044233,-0.23867321900467964,0.9062490272683327,1.0,0.0,1.4039466505524016,2018.0,2026.0,5.0,3.0,-0.5593152731103604,-41.391462323640404,-40.83214705053005,4.107056931510573,-46.2818037980276,-50.38886072953817,7.75,2.973230855017768,-1.8492681992696602
5040047720,0,5040047720,5040047720,0.0,0.0,80130.4,80131.2,5318,0,0,1,40,557,15.0,15.0,-1.4590040309454615,0.600012398185972,-1.0933249417094935,0.6409519013689338,1.0,0.0,2.175715481440892,2018.0,2026.0,5.0,3.0,-1.2971577283423315,-50.62187858748975,-49.32472085914742,0.6779637379880306,-57.211567273856765,-57.889531011844795,7.75,-11.304534996784822,-8.471210362868902
5040047730,0,5040047730,5040047730,0.0,0.0,88694.4,88694.4,5319,0,1,0,41,558,20.0,20.0,-4.659743642079809,0.17562957742899388,-6.894793436067847,0.010301606946699337,0.7861638532083988,0.0,2.9099656719655167,2018.0,2026.0,5.0,3.0,2.8960234908671807,-28.524023199896675,-31.420046690763854,21.621761123230936,-53.27706576035158,-74.89882688358252,7.75,-36.10424231919469,-53.42167125002603
5040049720,0,5040049720,5040049720,0.0,0.0,305832.2,305832.2,5629,0,1,0,42,559,36.0,36.0,17.18723815120854,1.8004639782355503e-06,12.404902799013072,2.0934627406665044e-07,0.9260222459823387,0.0,4.725710205098506,2018.0,2026.0,5.0,3.0,-18.97035765090938,108.3256725117404,127.29603016264977,-12.394497411281213,71.59337330643194,83.98787071771315,7.75,133.1687446075843,96.11464728598767
5040050310,0,5040050310,5040050310,0.0,0.0,5811.8,5811.8,5350,0,1,0,43,560,1.0,1.0,0.9094182017746242,0.7005108793375893,-2.473733669213873,0.2482636637573818,1.0,0.0,2.381515924575952,2018.0,2026.0,5.0,3.0,-6.19390467554331,-51.79127126311263,-45.59736658756932,7.238588360001822,-50.40630636511846,-57.64489472512028,7.75,7.04627929095739,-19.166779695757047
5040050550,0,5040050550,5040050550,0.0,0.0,6716.7,6716.7,5380,0,1,0,44,561,1.0,1.0,-0.6534648653519661,0.8726931887266421,,,0.0,0.0,,2018.0,2026.0,5.0,3.0,-2.687830312177536,28.07917226105928,30.767002573236816,,,,7.75,-5.063122707586761,
5040050850,0,5040050850,5040050850,0.0,0.0,51068.2,51068.2,5360,0,1,0,45,562,5.0,5.0,-22.877614843530054,0.002120389363963347,,,0.09960930419353485,0.0,2.458296059684052,2018.0,2026.0,5.0,3.0,74.86773776789703,-79.93590325287111,-154.80364102076814,,,,7.75,-177.25845313399057,
5040053140,0,5040053140,5040053140,0.0,0.0,39842.3,39842.3,5370,0,1,0,46,563,,,,,,,,,,,,,,,,,,,,,,
5040054880,0,5040054880,5040054880,0.0,0.0,1801.4,1801.4,5410,0,1,0,47,564,,,,,,,,,,,,,,,,,,,,,,
5040055000,0,5040055000,5040055000,0.0,0.0,4.1,4.2,5420,0,1,0,48,565,,,,,,,,,,,,,,,,,,,,,,
5040055010,0,5040055010,5040055010,0.0,0.0,1187.9,1187.9,5430,0,1,0,49,566,,,,,,,,,,,,,,,,,,,,,,
5040055130,0,5040055130,5040055130,0.0,0.0,3.0,3.1,5440,0,1,0,50,567,,,,,,,,,,,,,,,,,,,,,,
5040055420,0,5040055420,5040055420,0.0,0.0,1720.9,1720.9,5450,0,1,0,51,568,,,,,,,,,,,,,,,,,,,,,,
5040055870,0,5040055870,5040055870,0.0,0.0,172.2,172.2,5510,0,1,0,52,569,,,,,,,,,,,,,,,,,,,,,,
5040055950,0,5040055950,5040055950,0.0,0.0,14263.2,14263.2,5530,0,1,0,53,570,,,,,,,,,,,,,,,,,,,,,,
5040055960,0,5040055960,5040055960,0.0,0.0,61996.0,61996.0,5611,0,1,0,54,571,9.0,9.0,4.849872472126776,5.9844652136799326e-05,6.302355344889776,0.012199192418241907,0.7289781483076881,0.0,2.0853086099790454,2018.0,2026.0,5.0,3.0,-6.618839700209428,3.364896347512429,9.983736047721857,-13.862101757689109,1.089555873470842,14.95165763115995,7.75,37.57738287780637,48.83139117327328
5040056460,0,5040056460,5040056460,0.0,0.0,128290.3,128290.3,5612,0,0,1,55,572,20.0,20.0,4.640016355199917,0.00022908533719391962,4.985640365996717,0.019018438312532315,1.0,0.0,1.7969733597610857,2018.0,2026.0,5.0,3.0,-0.7382393481961556,5.865189544246696,6.603428892442851,-4.298980347183745,2.512706946385542,6.811687293569287,7.75,35.95139297800346,38.629328503136776
5040056470,0,5040056470,5040056470,0.0,0.0,51776.1,51776.1,5613,0,1,0,56,573,10.0,10.0,5.88405410833085,2.4887233735364638e-08,7.333847916386791,0.0007341961550058974,0.919536563775861,0.0,4.134454636145057,2018.0,2026.0,5.0,3.0,-7.74111048216359,4.883736080691918,12.624846562855508,-26.716705680315776,1.4279803221806857,28.144686002496464,7.75,45.59034394682082,56.82351705236035
5040056740,0,5040056740,5040056740,0.0,0.0,102560.9,102560.9,5614,0,0,1,57,574,16.0,16.0,2.500543232343751,0.021715659123118652,3.025922344899166,0.06833010860619669,1.0,0.0,3.151246373672327,2018.0,2026.0,5.0,3.0,4.211528169624044,-16.22661910250415,-20.43814727212819,-10.906928781354997,-6.905863162213422,4.001065619141575,7.75,19.37450334711243,23.445202562805314
5040056750,0,5040056750,5040056750,0.0,0.0,48217.5,48217.5,5615,0,1,0,58,575,12.0,12.0,1.2522380937771782,0.20364828019630413,1.0658575994950592,0.5427406030950815,0.9470403075837976,0.0,2.3203520693887114,2018.0,2026.0,5.0,3.0,1.9485388747724361,-11.558867617034236,-13.507406491806673,-10.883941372183433,-9.326355851385921,1.5575855207975113,7.75,9.702488173550758,8.258390161727633
5040057320,0,5040057320,5040057320,0.0,0.0,73671.3,73672.0,5616,0,0,1,59,576,14.0,14.0,-4.341888133959836,0.0001811386294451148,-1.0082028449934994,0.3931732146914197,1.0,0.0,6.753091210151393,2018.0,2026.0,5.0,3.0,23.94912826819567,-45.99328015971785,-69.94240842791352,-1.4822084999352767,-24.637101929696772,-23.154893429761497,7.75,-33.64146042192016,-7.811674336294603
5040057330,0,5040057330,5040057330,0.0,0.0,51089.2,51089.2,5617,0,1,0,60,577,11.0,11.0,-6.008228102594158,2.1436643023651862e-10,-6.419277042675841,0.02073959660855109,0.8230948400001457,0.0,2.0852734498407473,2018.0,2026.0,5.0,3.0,22.89512703422097,-45.89725544179412,-68.79238247601509,15.797136483931286,-33.31725112057634,-49.11438760450763,7.75,-46.552458673077254,-49.73731425262869
5040057710,0,5040057710,5040057710,0.0,0.0,77969.7,77969.7,5618,0,0,1,61,578,16.0,16.0,-7.060219232795179,1.588136038817629e-09,-5.583457716716367,0.0006678084641553605,1.0,0.0,3.892399693758257,2018.0,2026.0,5.0,3.0,38.29839966495828,-45.42065110517863,-83.7190507701369,17.962135735315414,-17.356235768025545,-35.318371503340956,7.75,-54.70340979824875,-43.26128771610492
5040057720,0,5040057720,5040057720,0.0,0.0,175726.2,175726.2,5619,0,1,0,62,579,26.0,26.0,-7.177574757985422,5.8082820433808615e-05,-8.821221161316387,0.00010029899164019884,1.0,0.0,3.989978366119724,2018.0,2026.0,5.0,3.0,45.76510415963053,-43.04811649726884,-88.81322065689938,38.2551221130161,-23.349172331952843,-61.60429444496894,7.75,-55.612694223405185,-68.34786005893328
5040059020,0,5040059020,5040059020,0.0,0.0,23538.1,23538.1,5621,0,1,0,63,580,7.0,7.0,14.62839556957298,0.07212603424454657,9.731357946423568,0.2353335194729316,0.9593063254682275,0.0,7.442913770094692,2018.0,2026.0,5.0,3.0,23.99588338843288,74.57832484009425,50.582441451661374,36.878162721317246,48.43459636507788,11.556433643760634,7.75,113.34253103871741,75.39970701814839
5040059440,0,5040059440,5040059440,0.0,0.0,95695.6,95695.6,5622,0,0,1,64,581,17.0,17.0,17.32922861585909,0.011356329307277736,12.31814528714422,0.09515397970763094,1.0,0.0,6.708073027117675,2018.0,2026.0,5.0,3.0,3.4831480824692647,74.4394144369929,70.95626635452363,16.37440323014412,49.71949587893041,33.34509264878629,7.75,134.2689034438911,95.44243987027555
5040059450,0,5040059450,5040059450,0.0,0.0,199214.0,199214.0,5623,0,1,0,65,582,29.0,29.0,19.75709474259132,0.005737797959677958,13.362665220241313,0.051176628172929846,0.9855381872873484,0.0,7.744662516259827,2018.0,2026.0,5.0,3.0,1.0888620993020879,113.20739807379555,112.11853597449345,17.406777853504984,75.03325034030563,57.626472486800644,7.75,153.08029602062544,103.53550328071982
5040061660,0,5040061660,5040061660,0.0,0.0,101079.6,101079.6,5624,0,0,1,66,583,16.0,16.0,39.69456213178698,0.20188005815537088,31.932613796811548,0.23374931383683237,1.0,0.0,9.854942265040378,2018.0,2026.0,5.0,3.0,-26.859587728000605,172.62064312715066,199.48023085515126,-15.240148271045848,135.15833090355372,150.39847917459957,7.75,307.5581405419772,247.4176510471641
5040061670,0,5040061670,5040061670,0.0,0.0,205417.1,205417.1,5625,0,1,0,67,584,30.0,30.0,11.296414405603699,0.01550501065412078,6.732798382786932,0.06615913291770288,0.922841038253104,0.0,3.790242951481191,2018.0,2026.0,5.0,3.0,23.784809540795045,100.36385282062157,76.57904327982652,35.276628760957735,62.17647852246713,26.899849761509394,7.75,87.52594871419156,52.16651450591928
5040064130,0,5040064130,5040064130,0.0,0.0,77474.5,77474.5,5626,0,0,1,68,585,13.0,13.0,24.620453390298067,0.002610644145155127,19.167673061993703,0.0021777842607397175,1.0,0.0,5.956626420257979,2018.0,2026.0,5.0,3.0,2.3554578042763445,142.04508734194556,139.68962953766922,7.051365820763834,96.07699834530352,89.02563252453969,7.75,190.76217137452028,148.51338744816476
5040064140,0,5040064140,5040064140,0.0,0.0,178643.3,178643.3,5627,0,1,0,69,586,25.0,25.0,35.96399789139258,0.003817783977464689,29.775114919980023,0.034673720953916895,0.984627063599617,0.0,8.893752089420055,2018.0,2026.0,5.0,3.0,-32.010590054037856,167.55887422842096,199.56946428245882,-22.356992344576973,115.03713411670647,137.39412646128343,7.75,278.65328961708695,230.70109575234352
5040065600,0,5040065600,5040065600,0.0,0.0,107785.3,107785.3,5628,0,0,1,70,587,18.0,18.0,16.56799979793614,0.0006411966083295957,12.086932901811062,3.175235475863752e-05,1.0,0.0,6.984317738119388,2018.0,2026.0,5.0,3.0,-22.861777695646662,120.68402370882143,143.54580140446808,-9.431040202616959,71.25583451697806,80.68687471959501,7.75,128.37081294499458,93.65097908863876
5040067860,0,5040067860,5040067860,0.0,0.0,26957.6,26957.6,5631,0,1,0,71,588,8.0,8.0,16.08218545030513,1.3907229228135118e-06,13.41408041728282,8.34492790926602e-07,1.0,0.0,3.2752057827778875,2018.0,2026.0,5.0,3.0,-31.956178724270387,106.62870016527631,138.5848788895467,-28.251618993962335,74.17455771232979,102.42617670629213,7.75,124.60666618580018,103.93387428038434
5040068450,0,5040068450,5040068450,0.0,0.0,130431.0,130431.0,5632,0,0,1,72,589,20.0,20.0,11.518548717111148,5.827629754816958e-05,5.970988331283709,0.0035505201193516195,1.0,0.0,7.621550553960626,2018.0,2026.0,5.0,3.0,-26.105390393883045,78.3853522567022,104.49074265058525,-11.409669670326164,40.86155407655915,52.27122374688531,7.75,89.24707151108707,46.2639205408156
5040068460,0,5040068460,5040068460,0.0,0.0,23350.6,23350.6,5633,0,1,0,73,590,7.0,7.0,7.1748372747654265,0.0443232885687102,2.1148908061397655,0.604590787890321,0.9131330447501409,0.0,6.8683749417401065,2018.0,2026.0,5.0,3.0,-21.92943122135979,67.09560238967538,89.02503361103517,-16.956539627988114,30.42145214454901,47.37799177253713,7.75,55.59148388113938,16.386422946955612
5040069590,0,5040069590,5040069590,0.0,0.0,140911.7,140914.3,5634,0,0,1,74,591,20.0,20.0,6.563175695093648,0.022004404743779148,-0.44404074052770426,0.8914281136324302,0.9983670694679612,0.0,10.205939428505452,2018.0,2026.0,5.0,3.0,-16.156382472954,58.11633081870131,74.27271329165531,-8.909695094876101,39.37210052995278,48.28179562482888,7.75,50.85225795240253,-3.4404799334521647
5040069600,0,5040069600,5040069600,0.0,0.0,14751.2,14751.2,5635,0,1,0,75,592,4.0,4.0,0.5641206657513598,0.8835205977927086,-7.356207508583278,0.1633608705325556,1.0,0.0,10.77437768755408,2018.0,2026.0,5.0,3.0,-3.0268344898326007,30.34308596422929,33.36992045406189,6.686832446801096,0.663261940482928,-6.023570506318167,7.75,4.370873330804512,-56.996761805039505
5040069960,0,5040069960,5040069960,0.0,0.0,33211.9,33211.9,5636,0,0,1,76,593,8.0,8.0,10.54080361131394,0.017368012764366513,3.055883234661245,0.14709903648259415,1.0,0.0,10.224045760480294,2018.0,2026.0,5.0,3.0,-33.32908722452951,18.92376527393482,52.25285249846433,-27.525805587933952,6.230660972970671,33.75646656090462,7.75,81.67138732380137,23.67734306390506
5040069970,0,5040069970,5040069970,0.0,0.0,48498.6,48498.6,5637,0,1,0,77,594,10.0,10.0,14.64145967208347,0.010901238339393535,6.939942490967994,0.025650427363563766,0.907752676155987,0.0,11.639254324044916,2018.0,2026.0,5.0,3.0,-47.40667812705059,-5.839361507110506,41.56731661994009,-28.736601366976636,16.01073821232533,44.747339579301965,7.75,113.44375324297393,53.771491442681516
5040070700,0,5040070700,5040070700,0.0,0.0,22150.2,22150.7,5638,0,0,1,78,595,6.0,6.0,16.61275031089957,0.013915437320070468,8.076729141953141,0.21295896442372766,0.8576309842939014,0.0,11.65251944610008,2018.0,2026.0,5.0,3.0,-59.415706764907576,0.40881136065801843,59.8245181255656,-12.99217765896255,48.502242087034205,61.49441974599675,7.75,128.71754518780503,62.57944824566021
5040070710,0,5040070710,5040070710,0.0,0.0,238223.7,238223.7,5639,0,1,0,79,596,42.0,42.0,11.084255233525269,0.40349860011994865,8.821569201281712,0.21431426322988045,0.7059323450118682,0.0,5.865518890841982,2018.0,2026.0,5.0,3.0,-54.966188348226034,-33.12279399967178,21.843394348554256,-7.709259638275151,1.595347722895518,9.30460736117067,7.75,85.88211447194118,68.3505567135585
5040073410,0,5040073410,5040073410,0.0,0.0,98950.4,775219.9,5641,0,0,1,80,597,15.0,15.0,7.6291311154038866,0.06823364733832858,3.9745571765611745,0.0012696362345369031,1.0,0.0,6.894810986909705,2018.0,2026.0,5.0,3.0,-28.058537469220038,-6.454392508893051,21.604144960326988,-10.429169560503642,-8.144692611991871,2.28447694851177,7.75,59.11140604132238,30.795336919009237
5040591050,5040073410,5040073410,5040073410,658.6,658.6,347168.9,347168.9,5642,0,0,2,81,598,42.0,42.0,13.672316504202747,0.34993962403491613,11.573102344762047,0.004162650075935992,1.0,0.0,4.82139898677574,2018.0,2026.0,5.0,3.0,-58.12250585908102,-17.94638446959411,40.17612138948691,-18.1387451494356,7.479359812927821,25.61810496236342,7.75,105.93471788335052,89.669759440593
5040591010,5040073410,5040073410,5040073410,658.8,658.8,78799.2,495472.0,5643,0,0,1,82,599,14.0,14.0,15.411334037981009,0.013238834777006823,8.641340051623894,1.395301823003934e-08,1.0,0.0,11.505164545353775,2018.0,2026.0,5.0,3.0,-53.286142664178804,6.721970223618701,60.00811288779751,-24.40835974110148,12.659076605693746,37.067436346795226,7.75,119.408830465397,66.95412004406741
5040533450,5040591010,5040073410,5040073410,1504.6,1504.6,20319.1,409833.9,5645,0,0,1,83,600,6.0,6.0,17.05967699076641,0.017509871525192042,9.123057996116074,0.0020356249584154752,1.0,0.0,11.967882196589493,2018.0,2026.0,5.0,3.0,-57.94187117556653,12.705650971043923,70.64752214661046,-18.440769260590955,41.63839059381968,60.079159854410634,7.75,132.18038571901147,70.68652738948252
5040533380,5040591010,5040073410,5040073410,1504.8,1504.8,53422.7,53422.7,5644,0,0,2,84,601,12.0,12.0,7.547208935888187,0.008433602926008973,-3.054506478803395,0.37798539981167667,1.0,0.0,15.310364411451888,2018.0,2026.0,5.0,3.0,-22.491654252152845,8.997594168362129,31.489248420514976,19.1022102732311,8.184548681076421,-10.91766159215468,7.75,58.47666334993448,-23.6666757974363
5040524870,5040533450,5040073410,5040073410,1668.3,1668.3,243193.7,243195.9,5646,0,0,2,85,602,34.0,34.0,16.700308969689235,0.08857306184705455,10.028249176943833,0.0013215101848619002,1.0,0.0,10.414932178972125,2018.0,2026.0,5.0,3.0,-63.25555172171231,5.953545869873321,69.20909759158563,-17.411674933329053,35.72766776201197,53.13934269534102,7.75,129.3959599841767,77.70005522450663
5040524780,5040533450,5040073410,5040073410,1668.3,1668.3,15576.0,146317.3,5647,0,0,1,86,603,6.0,6.0,14.589876405625255,0.0006209208981257363,6.510564713048127,2.30670374325331e-05,1.0,0.0,13.391397547211929,2018.0,2026.0,5.0,3.0,-49.313122025429365,11.849001264537202,61.162123289966566,-10.847673315060831,32.3823878059511,43.23006112101193,7.75,113.04408002168233,50.44462186975004
5040511420,5040524780,5040073410,5040073410,1766.7,1766.7,35156.6,35156.6,5648,0,0,2,87,604,8.0,8.0,12.585192993381941,0.00018175517000176104,1.9801728308724906,0.2933829373533615,1.0,0.0,14.52751900391698,2018.0,2026.0,5.0,3.0,-40.69434337351832,11.217853973338931,51.912197346857255,2.6668841021145626,22.351254135615964,19.684370033501402,7.75,97.51155693708664,15.342612214563035
5040511570,5040524780,5040073410,5040073410,1766.9,1766.9,95584.8,95584.9,5649,0,0,1,88,605,20.0,20.0,15.186026195160725,0.00037220178648862126,6.8481476020096075,0.00024986396371496624,1.0,0.0,12.129815695994422,2018.0,2026.0,5.0,3.0,-48.343841419738965,28.582412639035756,76.92625405877472,-23.59107649637266,42.199488321399144,65.79056481777181,7.75,117.66311877427749,53.06025383624145
5040073420,0,5040073420,5040073420,0.0,0.0,27853.3,27853.3,5651,0,1,0,89,606,10.0,10.0,3.599488362948012,0.13851372282062202,3.1549787988934854,0.062350593226773735,0.616413161893549,0.0,1.5307632370379551,2018.0,2026.0,5.0,3.0,-14.402659404536749,-16.181501724483358,-1.7788423199466088,-2.5522676020346284,-15.333066502023435,-12.780798899988806,7.75,27.88925959518925,24.445147161857808
5040074320,0,5040074320,5040074320,0.0,0.0,5460.8,5460.8,5652,0,0,1,90,607,3.0,3.0,4.544853873385828,0.0671894875901728,2.8185752984455426,0.06098657105931422,1.0,0.0,2.2708779164028043,2018.0,2026.0,5.0,3.0,-15.571930652090781,-9.013297932523678,6.558632719567104,-2.0404193859228523,-9.077360876710005,-7.036941490787152,7.75,35.21406286565885,21.83865323641584
5040074330,0,5040074330,5040074330,0.0,0.0,100682.8,100682.8,5653,0,1,0,91,608,22.0,22.0,-2.3997189206108542,0.09782000331282978,-2.4954039162261994,0.029859302798200774,0.795036028418071,0.0,2.2296660373076436,2018.0,2026.0,5.0,3.0,4.152536505767776,-13.602235107422183,-17.75477161318996,-1.0382348062168265,-9.676948412193742,-8.638713605976916,7.75,-18.593304710003334,-19.334683320794372
5040075460,0,5040075460,5040075460,0.0,0.0,4154.8,4154.8,5654,0,0,1,92,609,2.0,2.0,-4.1107735037992725,3.4924280385717126e-05,-2.5621962845666184,0.11806059935511057,1.0,0.0,3.492943003715405,2018.0,2026.0,5.0,3.0,11.134185473412257,-12.312994272394631,-23.44717974580689,-10.522406870334073,-3.6217664482787693,6.900640422055304,7.75,-31.85075705886911,-19.852198454000085
5040075470,0,5040075470,5040075470,0.0,0.0,156818.0,156818.0,5655,0,1,0,93,610,25.0,25.0,-0.08085145795866389,0.9758676461233792,1.3063803028709327,0.6324070054951211,0.8125228422081516,0.0,4.588887051795608,2018.0,2026.0,5.0,3.0,22.431254124836453,15.317940447230983,-7.11331367760547,-4.571313801036025,13.401575831180317,17.972889632216344,7.75,-0.6264466147105238,10.121988383640629
5040076520,0,5040076520,5040076520,0.0,0.0,4123.4,4123.4,5656,0,0,1,94,611,4.0,4.0,4.872126759539192,0.028716466913392455,3.97038764930565,0.17068010053527494,0.691440067947172,0.0,2.2500295137122945,2018.0,2026.0,5.0,3.0,7.325744149095596,25.504430963699154,18.17868681460356,10.261942297734697,25.703958443398832,15.442016145664136,7.75,37.74981171662126,30.763030930965062
5040076530,0,5040076530,5040076530,0.0,0.0,23590.0,23590.0,5657,0,1,0,95,612,5.0,5.0,5.128594618138802,0.0012146415913123544,5.116676401000337,0.0628766244957136,0.6129992449411384,0.0,0.8858447235023367,2018.0,2026.0,5.0,3.0,-2.0819216773626525,15.964612772110561,18.046534449473214,2.2312998315334114,13.155539339978318,10.924239508444908,7.75,39.73695487839236,39.64461112890063
5040076880,0,5040076880,5040076880,0.0,0.0,6956.6,6956.6,5658,0,0,1,96,613,3.0,3.0,4.813077888806088,0.00015894627376194918,6.043526230214452,0.05790275677227391,0.9849148573999097,0.0,1.2073829202227635,2018.0,2026.0,5.0,3.0,-5.785041423753443,7.107847181706255,12.892888605459698,-0.7719867813577329,5.606845240204453,6.378832021562186,7.75,37.29229411450029,46.825952721442576
5040076890,0,5040076890,5040076890,0.0,0.0,5390.7,5390.7,5659,0,1,0,97,614,4.0,4.0,5.146902124731838,0.00013193534904435805,,,0.19661677139436426,0.0,1.3621472349560828,2018.0,2026.0,5.0,3.0,-6.657672084976369,6.960978636676042,13.618650721652411,,,,7.75,39.87880359477372,
5040077040,0,5040077040,5040077040,0.0,0.0,45.2,45.2,5620,0,1,0,98,615,,,,,,,,,,,,,,,,,,,,,,
5040077640,0,5040077640,5040077640,0.0,0.0,69406.6,69406.6,5690,0,1,0,99,616,9.0,9.0,-6.6546542993228766,0.039966501372137184,-1.7086722359139888,0.5442569285067589,0.8943596139638956,0.0,3.7637107580718228,2018.0,2026.0,5.0,3.0,-6.791781925953506,-11.956014739173455,-5.164232813219948,2.1569747942449653,-14.889662464083907,-17.04663725832887,7.75,-51.561044947525644,-13.238993641715506
5040079480,0,5040079480,5040079480,0.0,0.0,29.4,29.8,5570,0,1,0,100,617,,,,,,,,,,,,,,,,,,,,,,
5040079490,0,5040079490,5040079490,0.0,0.0,51.6,51.8,5550,0,1,0,101,618,,,,,,,,,,,,,,,,,,,,,,
5040079500,0,5040079500,5040079500,0.0,0.0,32.7,32.7,5630,0,1,0,102,619,,,,,,,,,,,,,,,,,,,,,,
5040079570,0,5040079570,5040079570,0.0,0.0,14.2,14.2,5560,0,1,0,103,620,,,,,,,,,,,,,,,,,,,,,,
5040079730,0,5040079730,5040079730,0.0,0.0,19706.5,19706.5,5540,0,1,0,104,621,,,,,,,,,,,,,,,,,,,,,,
5040081550,0,5040081550,5040081550,0.0,0.0,175335.2,175335.2,5520,0,1,0,105,622,,,,,,,,,,,,,,,,,,,,,,
5040082270,0,5040082270,5040082270,0.0,0.0,152497.7,152497.7,5720,0,1,0,106,623,20.0,20.0,-1.8396810656036404,0.4016031818869068,-4.112097298430007,0.08185720929397797,0.8888703217815246,0.0,2.347438008117241,2018.0,2026.0,5.0,3.0,11.304407793710407,17.301247042078778,5.996839248368371,25.69976875340874,-14.941801569030401,-40.641570322439144,7.75,-14.254065477503909,-31.861013975515185
5040084940,0,5040084940,5040084940,0.0,0.0,1911.3,1911.3,5730,0,1,0,107,624,1.0,1.0,3.915534072324607,0.15614006999504948,,,0.0,0.0,,2018.0,2026.0,5.0,3.0,1.5304116308689095,40.457861608204745,38.92744997733583,,,,7.75,30.33801895873686,
5040085040,0,5040085040,5040085040,0.0,0.0,116650.0,116650.0,5710,0,1,0,108,625,19.0,19.0,4.144244618705031,0.004842335444070703,-0.6943261834782921,0.8703821673090323,0.658870070089154,0.0,5.276243119329247,2018.0,2026.0,5.0,3.0,-8.082467935623303,19.814942034832388,27.89740997045569,-4.909985555032593,-26.717758519378183,-21.807772964345588,7.75,32.11009519763241,-5.37972101093379
5040087520,0,5040087520,5040087520,0.0,0.0,33.9,33.9,5750,0,1,0,109,626,,,,,,,,,,,,,,,,,,,,,,
5040087540,0,5040087540,5040087540,0.0,0.0,980.2,980.2,5740,0,1,0,110,627,,,,,,,,,,,,,,,,,,,,,,
5040087590,0,5040087590,5040087590,0.0,0.0,55047.8,736713.1,5681,2,0,1,111,628,12.0,12.0,3.7227806394013263,0.007078012613857277,0.8551321784597197,0.5996428765680676,1.0,0.0,4.7740046122703115,2018.0,2026.0,5.0,3.0,-1.5287389698749165,37.68036522441075,39.209104194285665,4.895664385968462,27.875551642000044,22.97988725603158,7.75,28.844542668051346,6.625664791351148
5040491500,5040087590,5040087590,5040087590,0.2,0.2,0.2,442135.8,5683,1,0,1,112,629,,,,,,,,,,,,,,,,,,,,,,
5040491510,5040087590,5040087590,5040087590,0.3,0.3,416738.9,416738.9,5682,1,0,2,113,630,56.0,56.0,6.967647149981418,0.0006161073328320362,0.4550893163689338,0.8399853988483852,1.0,0.0,9.741082416153233,2018.0,2026.0,5.0,3.0,-17.170080555499904,37.22619298765974,54.39627354315965,2.5650926713429767,5.14680868993311,2.581716018590133,7.75,53.98615040232009,3.52608559979215
5040491370,5040491500,5040087590,5040087590,0.7,0.7,255334.9,255334.9,5684,1,0,2,114,631,35.0,35.0,2.777626948662207,0.26810978716819617,-0.544439606057117,0.7602155742431171,1.0,0.0,4.713420261923097,2018.0,2026.0,5.0,3.0,-5.307379502085171,35.36824726330989,40.67562676539506,-4.693033779276909,16.79631088871313,21.48934466799004,7.75,21.521380601544276,-4.218382163289915
5040491380,5040491500,5040087590,5040087590,0.9,0.9,19208.6,360229.6,5685,1,0,1,115,632,5.0,5.0,5.949292921557579,0.01979520487519824,3.5389373568731717,0.10032710350154392,1.0,0.0,3.702131994501679,2018.0,2026.0,5.0,3.0,-8.950940889435717,65.45717369366685,74.40811458310256,-6.950170822011036,37.24417747892893,44.19434830093997,7.75,46.095821952109375,27.420103271597746
5040456070,5040491380,5040087590,5040087590,373.8,373.8,133470.5,133470.5,5686,1,0,2,116,633,21.0,21.0,9.496133916773061,2.689098630484353e-05,6.08097157676969,2.4440721718814696e-05,1.0,0.0,5.036771097045205,2018.0,2026.0,5.0,3.0,-18.057485015077805,74.1706641748011,92.2281491898789,-9.480607057701922,36.32926701867794,45.80987407637986,7.75,73.57716354405959,47.11608367490273
5040455970,5040491380,5040087590,5040087590,373.8,373.8,248581.7,248581.7,5687,1,0,1,117,634,31.0,31.0,14.452330385046947,8.832310663221979e-07,9.157577981565769,8.282907216740573e-07,1.0,0.0,7.079217598944549,2018.0,2026.0,5.0,3.0,-30.63096742397001,88.75957390831236,119.39054133228237,-20.198383468772,44.44634561145043,64.64472908022243,7.75,111.97835726128093,70.95399230070124
5040324690,5040455970,5040087590,5040087590,1379.6,1379.6,34628.4,34628.4,5689,1,0,1,118,635,9.0,9.0,20.04745384947882,0.00014139053172747322,10.662410373745844,0.0073419134845195385,1.0,0.0,12.31942890813329,2018.0,2026.0,5.0,3.0,-44.9549069327968,88.17365049054058,133.12855742333738,-27.05262860061935,42.37941697908664,69.432045579706,7.75,155.33003256406587,82.61361083559409
5040324520,5040455970,5040087590,5040087590,1379.6,1379.6,51614.6,51614.6,5688,1,0,2,119,636,11.0,11.0,29.338920491643485,0.00229022181259561,19.126318608284276,0.016292405857087192,1.0,0.0,15.508071230792943,2018.0,2026.0,5.0,3.0,-63.94781389425741,121.82792971276554,185.77574360702295,-35.40119356943452,69.65372344215196,105.05491701158647,7.75,227.3214099694759,148.1929682722642
5040087600,0,5040087600,5040087600,0.0,0.0,141735.8,141735.8,5678,2,0,1,120,637,21.0,21.0,38.9793381949994,0.046274153780141616,27.70665467294611,0.22957418497406087,1.0,0.0,13.544096111024807,2018.0,2026.0,5.0,3.0,-74.21274830795083,122.4674446244325,196.68019293238333,-55.290953105342474,95.89739019045555,151.18834329579803,7.75,302.016501278161,214.67442224349762
5040087610,0,5040087610,5040087610,0.0,0.0,87902.1,87902.1,5680,2,0,1,121,638,17.0,17.0,9.447323175334178,0.00017465412299495585,0.5889274021054582,0.831427221779249,1.0,0.0,12.881650646236867,2018.0,2026.0,5.0,3.0,-33.72155812847962,2.771055739329917,36.49261386780954,-2.691564072522722,-17.46059698504757,-14.769032912524848,7.75,73.19897217302046,4.563078844513202
5040087620,0,5040087620,5040087620,0.0,0.0,104013.1,104013.1,5670,2,0,1,122,639,17.0,17.0,47.40433907845758,0.08378579108870354,35.26967698657913,0.18543479945054842,1.0,0.0,19.547578214886904,2018.0,2026.0,5.0,3.0,-95.69885174334925,157.37574555971145,253.0745973030607,-80.02020834364033,108.76542188131873,188.78563022495905,7.75,367.2943999781929,273.2736095058698
5040087630,5040073410,5040087630,5040073410,0.0,1.0,67244.8,67244.8,5640,2,0,2,123,640,13.0,13.0,12.700102518448315,9.125853822899627e-06,2.8735731200342958,0.18352870690168543,1.0,0.0,14.01991767378901,2018.0,2026.0,5.0,3.0,-45.32363363301556,0.0846183200111632,45.40825195302672,-3.436743906184245,1.3185316528357969,4.755275559020042,7.75,98.40188946532164,22.26478283284615
5040087640,0,5040087640,5040087640,0.0,0.0,80788.8,80788.8,5674,2,0,1,124,641,13.0,13.0,33.453945866600236,0.036918791302479624,25.693671941456056,0.26945404485229735,1.0,0.0,9.971503654889952,2018.0,2026.0,5.0,3.0,-35.071614807947846,106.93440809629419,142.00602290424203,-22.48222880300396,98.69276222100295,121.17499102400691,7.75,259.2051110266357,199.07759505631935
5040087660,0,5040087660,5040087660,0.0,0.0,184028.4,184028.4,5675,2,0,1,125,642,26.0,26.0,15.778917855528263,0.0008185281754457614,7.222595318106443,0.02919238954130567,1.0,0.0,10.64655176227007,2018.0,2026.0,5.0,3.0,-19.153585821068372,40.743709744504045,59.89729556557242,-9.9715791963219,17.210548772343873,27.182127968665775,7.75,122.25691315850784,55.96151882338462
5040087670,0,5040087670,5040087670,0.0,0.0,127858.4,127858.4,5671,2,0,1,126,643,18.0,18.0,-0.41971302131818966,0.7979259182456335,-4.101741221545193,0.013280879037679823,1.0,0.0,7.381896275759924,2018.0,2026.0,5.0,3.0,23.12646890000384,14.667199061523862,-8.459269838479978,2.965047602763815,17.922347365037115,14.957299762273301,7.75,-3.2519859009732426,-31.780773872615736
5040087690,0,5040087690,5040087690,0.0,0.0,127703.4,127703.4,5669,2,0,1,127,644,19.0,19.0,3.0418897203636863,0.30046582184454046,3.9830501550769375,0.14068329423274653,1.0,0.0,3.2433567934769147,2018.0,2026.0,5.0,3.0,17.332162813349186,8.559514945033987,-8.772647868315198,-0.9999195114238614,16.44817468947639,17.44809420090025,7.75,23.56891966770495,30.861141516407212
5040087710,0,5040087710,5040087710,0.0,0.0,73779.3,73779.3,5665,2,0,1,128,645,14.0,14.0,-2.7140877798664027,0.009880894133561871,-2.7429551803780994,0.04103015799712047,1.0,0.0,2.8074160551516942,2018.0,2026.0,5.0,3.0,12.758920740672323,-8.008307089339707,-20.767227830012033,-7.760893927409501,11.066498871016272,18.827392798425773,7.75,-21.02907164140156,-21.2527396590555
5040087730,0,5040087730,5040087730,0.0,0.0,154843.5,154843.5,5672,2,0,1,129,646,25.0,25.0,-1.1748620587026473,0.6104497973901255,-9.356398745351532,6.859544652307192e-07,1.0,0.0,10.698051923236356,2018.0,2026.0,5.0,3.0,27.624822471822803,-35.1102299024577,-62.7350523742805,18.058220730825546,-46.084827075619124,-64.14304780644467,7.75,-9.102969544499636,-72.49447898520147
5040087740,0,5040087740,5040087740,0.0,0.0,65879.0,65879.0,5610,2,0,1,130,647,12.0,12.0,5.408572170544822,6.002460293634884e-06,5.5097704795484805,0.040027279056122786,1.0,0.0,2.2661207056683152,2018.0,2026.0,5.0,3.0,-2.1253296789893,2.681896643791402,4.807226322780702,-18.041936471338797,1.8847997309302051,19.926736202269,7.75,41.90625391551498,42.69035032750774
5040087750,0,5040087750,5040087750,0.0,0.0,121666.9,121666.9,5673,2,0,1,131,648,18.0,18.0,8.53025782323237,0.08929564479820648,2.577089334246722,0.490881352149322,1.0,0.0,7.109286838971503,2018.0,2026.0,5.0,3.0,21.28894930825745,-45.58880122680781,-66.87775053506526,24.57045855952433,-54.636308300683844,-79.20676686020818,7.75,66.09344186104752,19.96759155624428
5040087760,0,5040087760,5040087760,0.0,0.0,146408.6,146408.6,5650,2,0,1,132,649,21.0,21.0,0.021632639126868636,0.9878205902177827,-2.2585796265504143,0.02948198231766647,0.991421867757171,0.0,3.6562722249680326,2018.0,2026.0,5.0,3.0,2.232973287393149,5.778454075299476,3.545480787906327,8.57601245352599,1.8840617996013256,-6.691950653924665,7.75,0.16761223471331482,-17.49974084363497
5040087780,0,5040087780,5040087780,0.0,0.0,64813.4,64813.4,5679,2,0,1,133,650,14.0,14.0,55.092238526005765,0.19106939510137336,45.700873059601385,0.21219918786676828,1.0,0.0,14.14486197130262,2018.0,2026.0,5.0,3.0,-71.77794986225544,212.26769973555133,284.0456495978068,-65.34634238364474,160.82046733175878,226.16680971540353,7.75,426.86114997562305,354.0957447191565
5040087800,0,5040087800,5040087800,0.0,0.0,129533.2,129533.2,5667,2,0,1,134,651,23.0,23.0,-0.7237882557096764,0.7813693750157427,1.7337459316484516,0.3773254357041148,1.0,0.0,5.94887131485688,2018.0,2026.0,5.0,3.0,17.79336017543197,17.75580915579789,-0.03755101963407981,-17.812951813284883,23.418104198434488,41.231056011719375,7.75,-5.6079966150811345,13.433267588131741
5040087810,0,5040087810,5040087810,0.0,0.0,115094.9,115094.9,5662,2,0,1,135,652,18.0,18.0,-5.444644317483292,0.04705840959418521,-8.931602834795937,0.0007379110584608632,1.0,0.0,4.545821477780079,2018.0,2026.0,5.0,3.0,15.82477470433706,-13.823168905123024,-29.647943609460086,13.152634197609967,-12.787035137252479,-25.939669334862444,7.75,-42.18574515668095,-69.20311026002054
5040087830,0,5040087830,5040087830,0.0,0.0,42892.0,42892.0,5664,2,0,1,136,653,10.0,10.0,-4.140333937509018,0.0005164776640247137,-3.8929189177836845,0.006905821464843403,1.0,0.0,2.9522954496040636,2018.0,2026.0,5.0,3.0,13.973857753873332,-23.40656860888518,-37.38042636275851,-6.9312534587135275,-3.314137011122258,3.6171164475912696,7.75,-32.079794779330655,-30.16279407892629
5040087840,0,5040087840,5040087840,0.0,0.0,89261.1,89261.1,5677,2,0,1,137,654,17.0,17.0,-1.0727050484699738,0.5812159716177915,-5.673585180237525,0.00011769238265004351,1.0,0.0,5.222926280825617,2018.0,2026.0,5.0,3.0,12.663396723798007,-4.946269882147372,-17.609666605945378,7.441054220919301,-21.532832318187445,-28.973886539106747,7.75,-8.311445002518894,-43.95960591395536
5040088010,0,5040088010,5040088010,0.0,0.0,50967.7,50967.7,5663,2,0,1,138,655,14.0,14.0,-5.250061421989035,0.00023690129874552615,-7.107699566686186,2.181260022895034e-05,1.0,0.0,2.645258728327,2018.0,2026.0,5.0,3.0,13.438325470969584,-25.155619731293314,-38.5939452022629,0.3945414884756985,-14.086267091996675,-14.480808580472374,7.75,-40.678093974617305,-55.071293014981265
5040088050,0,5040088050,5040088050,0.0,0.0,108372.5,108372.5,5668,2,0,1,139,656,20.0,20.0,-0.8953289945265812,0.849596859394184,2.500536479674138,0.41799351980590527,1.0,0.0,6.4828442442855945,2018.0,2026.0,5.0,3.0,29.373272258244675,1.5627512921043152,-27.81052096614036,-7.46437334031148,11.048795142328663,18.513168482640143,7.75,-6.937114454511225,19.374451026633295
5040088170,0,5040088170,5040088170,0.0,0.0,83025.1,83025.1,5676,2,0,1,140,657,15.0,15.0,2.378251842888364,0.15084662467079613,-1.8097365892324522,0.1322752341151257,1.0,0.0,5.548230223010769,2018.0,2026.0,5.0,3.0,10.252815885841674,11.458765181338022,1.2059492954963478,-1.7219462469296747,13.730508368787717,15.452454615717391,7.75,18.42697526454229,-14.02205214928909
5040088370,0,5040088370,5040088370,0.0,0.0,81473.9,81473.9,5660,2,0,1,141,658,13.0,13.0,4.5429675877718125,0.0733682340922707,3.6485804798767933,0.18640259044199378,1.0,0.0,1.6247603057588091,2018.0,2026.0,5.0,3.0,13.023291361620494,22.901967723742036,9.878676362121542,8.909117364211456,20.970619042534363,12.061501678322907,7.75,35.19944770265361,28.269631096649764
5040088380,0,5040088380,5040088380,0.0,0.0,92283.7,92283.7,5666,2,0,1,142,659,16.0,16.0,-3.2003183862114835,0.20182307298247554,-0.7995131420956696,0.6499654255312431,1.0,0.0,5.321368675093694,2018.0,2026.0,5.0,3.0,22.476714216762936,8.39762410088425,-14.079090115878685,-8.886793900491746,17.356259672230724,26.24305357272247,7.75,-24.796443622117724,-6.194721949707721
5040088850,0,5040088850,5040088850,0.0,0.0,23867.2,23867.2,5661,2,0,1,143,660,4.0,4.0,-2.4235581906285164,0.15376886771099876,-6.120473911825029,0.00915700099062924,1.0,0.0,7.306274501057656,2018.0,2026.0,5.0,3.0,10.529601108381993,13.0411278712785,2.511526762896507,16.729304215353856,10.356217015183907,-6.37308720016995,7.75,-18.77801418063984,-47.42215241742596
2040000010,0,2040000010,2040000010,0.0,0.0,328692.9,328692.9,2110,0,1,0,1,661,47.0,47.0,-20.93671422465966,0.0005093011172674799,-17.140323167152275,1.004233276709405e-06,0.8428657171802167,0.0,4.0893496651016985,2018.0,2026.0,5.0,3.0,43.75279693827036,-49.30212466235252,-93.05492160062288,35.286734547275344,-55.0588305988805,-90.34556514615585,7.75,-162.22012664144242,-132.80524178792865
2040003440,0,2040003440,2040003440,0.0,0.0,3161.1,3161.1,2211,0,1,0,2,662,2.0,2.0,-13.627498382714927,0.00696981733217958,-11.544458522030268,0.0010448966836889956,0.9697486064214442,0.0,1.175314981893381,2018.0,2026.0,5.0,3.0,43.612352948647576,0.2830931574296625,-43.329259791217915,37.937200531348175,-1.888535058789503,-39.825735590137676,7.75,-105.58746180173374,-89.44782372989914
2040003550,0,2040003550,2040003550,0.0,0.0,62833.9,62833.9,2212,0,0,1,3,663,12.0,12.0,-20.16222101857669,0.01120355227321088,-17.636450823966232,0.0022055899153847606,1.0,0.0,2.6279884098257673,2018.0,2026.0,5.0,3.0,45.81642408847724,-31.930007093285514,-77.74643118176276,39.242231108301624,-31.533034745801018,-70.77526585410264,7.75,-156.21926210149772,-136.6492972808335
2040003560,0,2040003560,2040003560,0.0,0.0,29837.1,29837.1,2213,0,1,0,4,664,6.0,6.0,-12.12370799310532,0.055013600497967476,-8.239415680083237,0.07998664689370391,1.0,0.0,6.111232379893861,2018.0,2026.0,5.0,3.0,22.195736142098518,-7.051492148310669,-29.247228290409186,19.15398676191642,-4.098021533186838,-23.25200829510326,7.75,-93.93591682542932,-63.839962695785246
2040004130,0,2040004130,2040004130,0.0,0.0,80780.0,80780.0,2214,0,0,1,5,665,16.0,16.0,-18.45189917232605,0.04715784886912185,-15.944925146307803,0.02598841913242369,1.0,0.0,3.2442692373008035,2018.0,2026.0,5.0,3.0,28.28240170343089,-23.205646465682946,-51.48804816911384,30.550872817865447,-28.82793750469612,-59.37881032256156,7.75,-142.9674870846892,-123.54315719110495
2040004140,0,2040004140,2040004140,0.0,0.0,2945.6,2945.6,2215,0,1,0,6,666,1.0,1.0,-11.018055270984664,0.16955668525581727,-11.69416792402258,0.1930021588829133,1.0,0.0,1.0267939261488088,2018.0,2026.0,5.0,3.0,4.891082724556325,0.27267975111802184,-4.618402973438303,23.010682783893863,-15.951103953670454,-38.96178673756432,7.75,-85.36918936861493,-90.60778980146175
2040004280,0,2040004280,2040004280,0.0,0.0,36321.9,36321.9,2216,0,0,1,7,667,8.0,8.0,-14.625398128615466,0.1647450894402203,-13.630352139660346,0.09916593586536386,1.0,0.0,1.4577733264593307,2018.0,2026.0,5.0,3.0,13.301151003196491,-6.666324293557821,-19.967475296754312,25.113083494985357,-20.393412852194604,-45.50649634717996,7.75,-113.31930651329711,-105.60957304651275
2040004290,0,2040004290,2040004290,0.0,0.0,24038.1,24038.1,2217,0,1,0,8,668,8.0,8.0,-11.124878459743883,0.10230113750474,-12.226588989628368,0.03267061488828419,1.0,0.0,1.281671775617434,2018.0,2026.0,5.0,3.0,4.820493682318768,-2.3248467034847295,-7.145340385803497,18.14397741124526,-24.48090151900217,-42.624878930247434,7.75,-86.19686801115726,-94.73305089842104
2040005120,0,2040005120,2040005120,0.0,0.0,22011.6,22011.6,2218,0,0,1,9,669,7.0,7.0,-14.413689632454531,0.02016822894840348,-16.032939904300136,5.6618980409792954e-05,1.0,0.0,2.5095164937891896,2018.0,2026.0,5.0,3.0,22.520584865470973,-17.321027666667927,-39.841612532138896,29.124690092621556,-46.65342302682924,-75.7781131194508,7.75,-111.67896416111246,-124.22510589779435
2040005130,0,2040005130,2040005130,0.0,0.0,30076.7,30076.7,2219,0,1,0,10,670,6.0,6.0,-19.362879166239637,3.0486766154004964e-13,-23.4716024921876,6.96094240434719e-18,0.9965362196560521,0.0,1.7547023442726595,2018.0,2026.0,5.0,3.0,73.16248155754022,-82.18289072423357,-155.3453722817738,94.03412816137413,-114.65641025236097,-208.6905384137351,7.75,-150.02586732500527,-181.86073936451996
2040005690,0,2040005690,2040005690,0.0,0.0,105556.4,105556.4,2220,0,1,0,11,671,15.0,15.0,-13.566334344179975,0.0662884350684756,-14.193674612908485,0.01607403896575035,0.8093043181767227,0.0,2.8274407957167886,2018.0,2026.0,5.0,3.0,46.70282488138072,-71.94276034890052,-118.64558523028124,59.772226978272705,-89.67372274236266,-149.44594972063535,7.75,-105.11355563047044,-109.97426188783302
2040006590,0,2040006590,2040006590,0.0,0.0,7570.9,437307.8,2231,0,0,1,12,672,4.0,4.0,-13.14191367203374,0.3094937851639851,-9.950014919054912,0.1855674623644424,1.0,0.0,3.2235438606125966,2018.0,2026.0,5.0,3.0,63.30536699615732,-72.5852943796621,-135.89066137581943,68.60222857251739,-51.071724209749455,-119.67395278226684,7.75,-101.82509429666115,-77.09388698405311
2040501940,2040006590,2040006590,2040006590,100.0,100.0,50350.4,50350.4,2232,0,0,2,13,673,8.0,8.0,-12.794541644633997,0.023767502526219484,-13.097468294586598,0.004672316236210809,1.0,0.0,2.7201404362499946,2018.0,2026.0,5.0,3.0,53.873604969452984,-63.40264894233659,-117.27625391178958,64.0382717287681,-71.25624278022109,-135.29451450898918,7.75,-99.13361493309846,-101.4807262797538
2040501810,2040006590,2040006590,2040006590,100.1,100.1,21791.6,379756.5,2233,0,0,1,14,674,8.0,8.0,-11.013304100441658,0.08283361636560653,-10.46356755367416,0.022169877282807685,1.0,0.0,2.111927850967402,2018.0,2026.0,5.0,3.0,52.46020986133667,-58.80724054979648,-111.26745041113315,61.085729106898796,-55.452837918389434,-116.53856702528823,7.75,-85.33237673990389,-81.0729532563939
2040491980,2040501810,2040006590,2040006590,188.1,188.1,55753.3,259243.0,2235,0,0,1,15,675,15.0,15.0,-3.5263731722060054,0.7150430124263026,-1.223125628521153,0.8438788270098511,1.0,0.0,2.74272166985177,2018.0,2026.0,5.0,3.0,37.758648708728806,-52.56276940750913,-90.32141811623794,41.63995888670392,-32.95143381340116,-74.59139270010508,7.75,-27.322754489645437,-9.47692136540688
2040491970,2040501810,2040006590,2040006590,188.1,188.1,98720.5,98720.5,2234,0,0,2,16,676,20.0,20.0,-5.259347203786248,0.67968433422205,-0.5951110100558736,0.9530226740211906,1.0,0.0,4.15927543538589,2018.0,2026.0,5.0,3.0,56.37869604212716,-51.0139165351953,-107.39261257732247,57.540339041736466,-30.28769956380761,-87.82803860554408,7.75,-40.75004130517477,-4.6109901668942435
2040439800,2040491980,2040006590,2040006590,799.0,799.0,34914.1,34914.3,2236,0,0,2,17,677,8.0,8.0,8.887695903565149,0.5062276993828315,11.19782326536654,0.2390059418672368,1.0,0.0,2.7881275514631207,2018.0,2026.0,5.0,3.0,19.36379248127545,-5.387044644335414,-24.750837125610865,16.776904112226873,-0.38068390777378625,-17.15758802000066,7.75,68.86291418778747,86.76205295273733
2040439790,2040491980,2040006590,2040006590,799.1,799.1,375.6,168577.1,2237,0,0,1,18,678,1.0,1.0,6.46051218287134,0.6658499241099962,9.63442453592545,0.4940016197309408,1.0,0.0,3.2364919555719247,2018.0,2026.0,5.0,3.0,23.233747869729996,-40.252707079052925,-63.48645494878292,23.895403976515873,-22.560177546488603,-46.455581523004476,7.75,50.056808973376846,74.64865554187277
2040439160,2040439790,2040006590,2040006590,829.9,829.9,107148.0,107149.0,2239,0,0,1,19,679,19.0,19.0,8.252647333263099,0.5691135780435019,11.730982327717253,0.4284919243935346,1.0,0.0,4.070980633714131,2018.0,2026.0,5.0,3.0,30.4291063254299,20.17887646093362,-10.25022986449628,34.16541980459167,24.156676864902252,-10.00874293968942,7.75,63.94248310235337,90.89303213535888
2040439100,2040439790,2040006590,2040006590,830.1,830.1,61053.3,61053.3,2238,0,0,2,20,680,12.0,12.0,5.562633009595391,0.6649564446614706,7.506191087448546,0.5468585337478232,1.0,0.0,4.580715352486519,2018.0,2026.0,5.0,3.0,37.63060044158554,-6.310943301982223,-43.94154374356776,37.144665421124515,-8.342963393300062,-45.487628814424575,7.75,43.09993543368914,58.15885223129195
2040006600,0,2040006600,2040006600,0.0,0.0,75451.4,75451.4,2240,0,1,0,21,681,14.0,14.0,-14.820658411177977,0.13265876685029526,-13.094556706191444,0.006864208327665693,0.5704068214881419,0.0,2.6620964502939883,2018.0,2026.0,5.0,3.0,54.66893476389089,-60.152548782156195,-114.82148354604709,65.90741659094076,-58.82388665601885,-124.73130324695961,7.75,-114.83220617011274,-101.45816695009387
2040007930,0,2040007930,2040007930,0.0,0.0,175695.7,509823.5,2251,0,0,1,22,682,29.0,29.0,-9.527821497562321,0.388677492975961,-7.278239704167174,0.18635016649967853,0.9908536750622946,0.0,2.4337158250114928,2018.0,2026.0,5.0,3.0,55.39364508486526,-40.401058657972364,-95.79470374283763,56.1908070440963,-41.999059089431746,-98.18986613352806,7.75,-73.8226826505171,-56.39265807746229
2040416550,2040007930,2040007930,2040007930,899.8,899.8,19909.1,245633.6,2253,0,0,1,23,683,6.0,6.0,-1.0286697844597148,0.8312916792923792,0.6286190989999199,0.8842704100198131,1.0,0.0,2.526103732916056,2018.0,2026.0,5.0,3.0,27.311420116902006,-17.172499043388893,-44.483919160290895,24.33036336737599,-30.1113547670313,-54.441718134407296,7.75,-7.9702545928021715,4.870614784859065
2040416390,2040007930,2040007930,2040007930,899.9,899.9,88491.4,88491.4,2252,0,0,2,24,684,17.0,17.0,7.514994169644947,0.34076695490917003,8.939298843405217,0.2725011396011507,1.0,0.0,2.0514206759080738,2018.0,2026.0,5.0,3.0,13.919701335269687,31.87471682134506,17.955015486075375,23.411125388355583,27.89517339430398,4.484048005948399,7.75,58.227059548515264,69.26273984075775
2040400100,2040416550,2040007930,2040007930,975.0,975.0,119911.7,119911.7,2254,0,0,2,25,685,21.0,21.0,6.389895235133574,0.2844569729020142,9.039337908803086,0.07635250398434755,1.0,0.0,4.909536912536374,2018.0,2026.0,5.0,3.0,5.169133388372953,-5.15812455836138,-10.327257946734333,14.035353029630745,3.759069974580704,-10.27628305505004,7.75,49.509660548742,70.03785429681788
2040400110,2040416550,2040007930,2040007930,975.1,975.1,4223.5,105812.5,2255,0,0,1,26,686,2.0,2.0,5.799897452149317,0.29653535960044214,6.388707026797507,0.16415210158364277,1.0,0.0,3.044620276924348,2018.0,2026.0,5.0,3.0,12.287434817604701,3.870720375588057,-8.416714442016644,14.443948498009373,0.4917960626327312,-13.952152435376641,7.75,44.938288267166506,49.50045417066925
2040379750,2040400110,2040007930,2040007930,1109.3,1109.3,2643.5,59389.9,2257,0,0,1,27,687,2.0,2.0,7.479127652252036,0.18568981448643904,8.26824712992818,0.08743524396258298,1.0,0.0,3.7772939126894407,2018.0,2026.0,5.0,3.0,7.5810820043590414,7.281532810551387,-0.2995491938076542,10.649778505411634,3.234473788763525,-7.415304716648109,7.75,57.94916154927655,64.0633521634408
2040379760,2040400110,2040007930,2040007930,1109.4,1109.4,42198.0,42199.1,2256,0,0,2,28,688,9.0,9.0,11.212259183767564,0.046085278723946195,14.013935070957874,0.007555161977965863,1.0,0.0,3.2384308440530623,2018.0,2026.0,5.0,3.0,-3.7236208068803363,38.37569576983952,42.09931657671985,-0.5561510933922925,50.056968481022636,50.61311957441493,7.75,86.87390414801426,108.5816187564977
2040363700,2040379750,2040007930,2040007930,1230.9,1230.9,24894.6,24894.7,2258,0,0,2,29,689,9.0,9.0,10.096915510140796,0.019117805120972435,12.804200606082361,0.0017009386760854668,1.0,0.0,3.108110055150663,2018.0,2026.0,5.0,3.0,-13.803150280729255,1.7437927932940909,15.546943074023346,-10.23385593189596,4.636343180768585,14.870199112664544,7.75,78.23209005803821,99.20845370352659
2040363710,2040379750,2040007930,2040007930,1231.1,1231.1,31851.3,31851.5,2259,0,0,1,30,690,8.0,8.0,11.582721976269788,0.0029187001252759352,15.320493250338648,0.0002700176565522073,1.0,0.0,2.6805220195557604,2018.0,2026.0,5.0,3.0,-14.688387585248549,38.112441371704676,52.800828956953225,-8.473612142595197,51.469593916601134,59.94320605919633,7.75,89.74429347801096,118.70498534827756
2040007940,0,2040007940,2040007940,0.0,0.0,162947.9,162947.9,2260,0,1,0,31,691,27.0,27.0,-12.65849876300009,0.10667052065441715,-11.213340200257225,0.039022880351461856,0.9365514389510752,0.0,2.9523522592512754,2018.0,2026.0,5.0,3.0,51.97032565336635,-52.64125259174396,-104.61157824511031,48.07718956474597,-59.88622909320688,-107.96341865795284,7.75,-98.0795386701992,-86.88227999104161
2040008490,0,2040008490,2040008490,0.0,0.0,39668.3,786750.0,2271,0,0,1,32,692,10.0,10.0,-15.216536289651717,0.011067857211860873,-14.390671395637765,0.011812480776520631,1.0,0.0,3.379754269352706,2018.0,2026.0,5.0,3.0,55.73443963174979,-42.41702988839095,-98.15146952014074,53.30523628169387,-57.954097058979066,-111.25933334067294,7.75,-117.89951457827341,-111.50061615237475
2040543090,2040008490,2040008490,2040008490,203.4,203.4,45856.7,45856.7,2272,0,0,2,33,693,10.0,10.0,-16.028224378243465,0.0020146541075011857,-13.17879326886889,0.007895078164075083,1.0,0.0,4.188266339107033,2018.0,2026.0,5.0,3.0,57.816944292391305,-35.24258692392428,-93.05953121631558,51.6261818983957,-51.9278132622894,-103.5539951606851,7.75,-124.18856944675977,-102.11084175468572
2040543160,2040008490,2040008490,2040008490,203.5,203.5,202183.3,701229.5,2273,0,0,1,34,694,29.0,29.0,-10.973895193030533,0.0010627383399198353,-9.077542030876774,1.0103391601761816e-06,0.9824282154609315,0.0,2.877092854874781,2018.0,2026.0,5.0,3.0,41.92727899519214,-7.24319606607341,-49.17047506126555,39.59313057733831,-36.92979033050782,-76.52292090784613,7.75,-85.02703188576703,-70.33386433232381
2040555600,2040543160,2040008490,2040008490,1268.5,1268.5,662.4,412149.8,2275,0,0,1,35,695,1.0,1.0,-8.551836494473232,0.0011230642115605028,-5.89434981950237,5.5541919153391e-06,1.0,0.0,0.6294486212385948,2018.0,2026.0,5.0,3.0,34.57940009236336,-16.40077531027297,-50.98017540263633,33.829466145172056,-19.608838990775478,-53.43830513594753,7.75,-66.26063594622656,-45.670116329066964
2040555780,2040543160,2040008490,2040008490,1268.7,1268.7,95460.8,95460.8,2274,0,0,2,36,696,15.0,15.0,-4.075910186567192,0.06525478377802954,-2.583222369686407,0.13856910356636234,1.0,0.0,2.587110740556035,2018.0,2026.0,5.0,3.0,25.059501263263318,-14.128906353464075,-39.18840761672739,28.82793123485564,-16.51230469700242,-45.34023593185806,7.75,-31.580631972580846,-20.015111036858404
2040548700,2040555600,2040008490,2040008490,1314.5,1314.5,5905.7,257414.0,2277,0,0,1,37,697,4.0,4.0,-6.159470493234906,0.0197735081574825,-3.5786183437468804,0.04914598439130633,1.0,0.0,1.2903853034241857,2018.0,2026.0,5.0,3.0,28.227086767558387,-20.14897637071165,-48.37606313827004,30.381211899672632,-12.605454007829573,-42.98666590750221,7.75,-47.724302521163,-27.727556229441948
2040548500,2040555600,2040008490,2040008490,1314.7,1314.7,154070.7,154073.1,2276,0,0,2,38,698,23.0,23.0,-12.182633212917812,0.037014269349631236,-6.670957965876297,0.03126469475629834,1.0,0.0,5.856627600293914,2018.0,2026.0,5.0,3.0,46.72684664901717,-45.758894057013315,-92.48574070603048,50.63979668998269,-22.057082171745268,-72.69687886172795,7.75,-94.39247636566026,-51.68736767537281
2040539930,2040548700,2040008490,2040008490,1491.2,1491.2,211260.4,211260.4,2279,0,0,1,39,699,35.0,35.0,-2.0017722918732623,0.6859318738649357,-0.892421033290562,0.7849826409259774,1.0,0.0,3.123007326690878,2018.0,2026.0,5.0,3.0,3.0174339880440213,-36.87210023882307,-39.88953422686709,28.538576146034494,-13.670646696593922,-42.209222842628414,7.75,-15.509967381249371,-6.914583228507298
2040540100,2040548700,2040008490,2040008490,1491.2,1491.2,40250.1,40250.1,2278,0,0,2,40,700,11.0,11.0,-2.538148275996999,0.49242365614497924,-2.820850707011031,0.35124988393957424,1.0,0.0,2.8048559551326036,2018.0,2026.0,5.0,3.0,12.113560822156535,-24.687395964008132,-36.80095678616467,29.78654967654378,-16.757181849359945,-46.54373152590372,7.75,-19.66587165248873,-21.8562833698596
2040008500,0,2040008500,2040008500,0.0,0.0,28146.4,28146.4,2280,0,1,0,41,701,7.0,7.0,-10.561050455154492,0.0067597020468883814,-10.434914352533148,0.017473460153008716,0.832257971144515,0.0,3.2513947459124855,2018.0,2026.0,5.0,3.0,38.57909401649036,-0.26877788359591587,-38.847871900086275,28.481011841451686,-30.62944932647851,-59.1104611679302,7.75,-81.82826225348997,-80.85094488068121
2040009230,0,2040009230,2040009230,0.0,0.0,293802.3,293802.3,2130,0,1,0,42,702,48.0,48.0,-6.450314710724047,0.00026483307212653577,-6.273615006805807,8.788245819381952e-08,0.8542244796821303,0.0,2.3199629090678577,2018.0,2026.0,5.0,3.0,32.336745900615746,7.799939047911439,-24.536806852704306,37.86437294488882,-24.931289889108147,-62.79566283399697,7.75,-49.97779775865587,-48.60870765026813
2040012730,0,2040012730,2040012730,0.0,0.0,166674.5,166674.5,2140,0,1,0,43,703,34.0,34.0,-3.14284186842411,0.2801364860640308,-5.824411520396806,0.0008716277633291891,0.9045245068448411,0.0,2.361999480312481,2018.0,2026.0,5.0,3.0,24.50873488172798,-4.996636120972753,-29.505371002700734,34.53889550424623,-23.716499942526763,-58.255395446772994,7.75,-24.351108795729587,-45.12822615393008
2040014550,0,2040014550,2040014550,0.0,0.0,86469.6,86469.6,2150,0,1,0,44,704,18.0,18.0,-1.3501142343228274,0.5075572584149113,-3.0971523828364695,0.18408909917934332,0.5202818852946028,0.0,2.7089154294400215,2018.0,2026.0,5.0,3.0,20.092319250062022,13.575870155761189,-6.5164490943008335,16.40560185346451,-19.361535078321936,-35.767136931786446,7.75,-10.460844033219992,-23.997101282483804
2040016230,0,2040016230,2040016230,0.0,0.0,310600.1,310600.1,2160,0,1,0,45,705,42.0,42.0,-3.4543174979068425,0.38428609560304516,-2.3352913000441253,0.10585736696614566,0.903285604641933,0.0,2.941238711971684,2018.0,2026.0,5.0,3.0,37.308250665035715,21.738461209119365,-15.56978945591635,25.960520944404077,-12.40128488117432,-38.3618058255784,7.75,-26.764458642235084,-18.094111920944215
2040018240,0,2040018240,2040018240,0.0,0.0,5869.8,5869.8,2311,0,1,0,46,706,3.0,3.0,-2.7476673553491615,0.3362906979733039,-8.98143614246635,2.3604906573807804e-05,0.9655594188964698,0.0,7.644092586948528,2018.0,2026.0,5.0,3.0,47.40959178049723,49.33635788356813,1.9267661030708965,6.524094359881589,-62.257648914726595,-68.78174327460819,7.75,-21.289250145484264,-69.58922459460581
2040018360,0,2040018360,2040018360,0.0,0.0,57025.9,57025.9,2312,0,0,1,47,707,12.0,12.0,-3.061476694753612,0.33212342676188705,-4.468134355078762,0.00039953138088899104,0.7994246381771816,0.0,4.217089948807877,2018.0,2026.0,5.0,3.0,46.633323734687174,47.071999901978394,0.43867616729122005,3.2810013201897754,-38.05184423594337,-41.332845556133144,7.75,-23.720681851205264,-34.619631005812174
2040018370,0,2040018370,2040018370,0.0,0.0,5061.3,5061.3,2313,0,1,0,48,708,2.0,2.0,0.9340180133143292,0.772797288367226,-2.0820854240469373,0.2873002620829823,0.540536009211982,0.0,3.609830198067627,2018.0,2026.0,5.0,3.0,37.247602006449284,68.44752858691508,31.1999265804658,-5.521301803358292,1.9407992494755841,7.4621010528338765,7.75,7.2368815268433995,-16.132242984402005
2040018460,0,2040018460,2040018460,0.0,0.0,66926.8,66926.8,2314,0,0,1,49,709,16.0,16.0,0.3801067189232512,0.9176121312314327,-1.4237997530046758,0.16301217686606184,0.96803800444897,0.0,2.798991824904097,2018.0,2026.0,5.0,3.0,39.28507789736183,67.52678003098877,28.241702133626944,3.2511329193927225,3.0792879159446707,-0.17184500344805187,7.75,2.945111607262973,-11.031768106785032
2040018470,0,2040018470,2040018470,0.0,0.0,22751.7,22751.7,2315,0,1,0,50,710,5.0,5.0,6.485079011365556,0.1333649190654852,2.2749308402878192,0.2521355562618958,0.8098462386827648,0.0,5.5538359895327325,2018.0,2026.0,5.0,3.0,25.190777937013333,109.9854657797647,84.79468784275136,-6.973886752199325,30.22193895529107,37.19582570749039,7.75,50.247155652743395,17.62643197266127
2040018840,0,2040018840,2040018840,0.0,0.0,71139.2,71139.2,2316,0,0,1,51,711,16.0,16.0,3.343940163609922,0.41328520586258166,0.9456284355738318,0.5672078499018864,0.9972983575559216,0.0,2.342597310064018,2018.0,2026.0,5.0,3.0,29.787304216440834,76.00489540973592,46.21759119329509,9.506564646162438,28.6247491641257,19.11818451796326,7.75,25.909242061645667,7.326840445376986
2040018850,0,2040018850,2040018850,0.0,0.0,14857.3,14857.3,2317,0,1,0,52,712,6.0,6.0,13.361416235995954,0.007107048872017475,10.477792742175804,0.0003065649017624592,0.8211566129810964,0.0,1.8889229889857981,2018.0,2026.0,5.0,3.0,0.423919480389889,123.31083122806638,122.88691174767649,-12.313525121169121,62.331814929107416,74.64534005027653,7.75,103.52582600374689,81.18317169160171
2040019150,0,2040019150,2040019150,0.0,0.0,97239.7,97239.7,2318,0,0,1,53,713,17.0,17.0,8.028230772357517,0.05352382530916691,5.570893766637025,0.01073057267755964,1.0,0.0,2.7047940322872885,2018.0,2026.0,5.0,3.0,2.776292262500898,61.82760203481195,59.05130977231106,-11.989566297121025,25.41527164740229,37.404837944523315,7.75,62.20367716843744,43.16394075176668
2040019160,0,2040019160,2040019160,0.0,0.0,60291.6,60291.6,2319,0,1,0,54,714,11.0,11.0,15.996665412951366,0.009910673022223865,14.338043632346476,0.000844715325331074,1.0,0.0,2.9374890778401315,2018.0,2026.0,5.0,3.0,-40.14906726547112,55.41519815473737,95.56426542020849,-54.02776564545227,19.084121414847598,73.11188706029986,7.75,123.94404686831585,111.09285004665443
2040020320,0,2040020320,2040020320,0.0,0.0,126054.0,126054.0,2321,0,1,0,55,715,17.0,17.0,-0.9614335539609442,0.8593790114222739,-1.7309959931246457,0.41878620275293454,1.0,0.0,2.1863931878336316,2018.0,2026.0,5.0,3.0,26.190589084154386,14.23722774249459,-11.953361341659797,19.85856492525492,-12.559890189386175,-32.4184551146411,7.75,-7.449300363338733,-13.411960740705675
2040021030,0,2040021030,2040021030,0.0,0.0,116722.3,116722.9,2322,0,0,1,56,716,19.0,19.0,1.2995522608565864,0.8137967823908224,-1.9581900280563218,0.4025572782471714,1.0,0.0,2.066580415594618,2018.0,2026.0,5.0,3.0,11.091673998791444,-4.67744893500339,-15.769122933794835,23.7884403729877,-14.913171191954035,-38.701611564941736,7.75,10.069083910264585,-15.172286870361098
2040021040,0,2040021040,2040021040,0.0,0.0,48373.1,48373.1,2323,0,1,0,57,717,10.0,10.0,3.4534685507286937,0.3985596343312743,3.0941793179742145,0.21668038079981633,0.7961736283825215,0.0,1.3632954066026972,2018.0,2026.0,5.0,3.0,0.07998296876583169,-15.5799711564338,-15.659954125199631,3.1910376387953647,-22.321469108984843,-25.512506747780208,7.75,26.757880899554287,23.97406562591931
2040022150,0,2040022150,2040022150,0.0,0.0,73248.2,73249.2,2324,0,0,1,58,718,13.0,13.0,2.937949061786057,0.5573110328813989,-0.6825263202665472,0.7382455812528592,1.0,0.0,3.2342158406447514,2018.0,2026.0,5.0,3.0,-3.7675847865085856,-18.215973626987836,-14.44838884047925,16.838472617590917,-4.787508693123814,-21.62598131071473,7.75,22.76357520836288,-5.288294281599805
2040022160,0,2040022160,2040022160,0.0,0.0,76120.6,76120.6,2325,0,1,0,59,719,14.0,14.0,4.997581961452511,0.2708958222455337,3.0021700293249634,0.12012207715031686,1.0,0.0,1.6860051681875434,2018.0,2026.0,5.0,3.0,-16.670447094950426,-22.032682880166675,-5.362235785216249,10.05949194431199,12.745906442402251,2.6864144980902616,7.75,38.721853390583455,23.261166825433666
2040023010,0,2040023010,2040023010,0.0,0.0,163122.5,163122.5,2326,0,0,1,60,720,27.0,27.0,3.987949136461836,0.3646330782449319,0.9907317862360197,0.6956929011549627,1.0,0.0,1.6690479290550195,2018.0,2026.0,5.0,3.0,-7.405551240350922,-14.901933432511482,-7.49638219216056,43.426822470021136,1.235006947663053,-42.191815522358084,7.75,30.899099400922648,7.676306516216115
2040023020,0,2040023020,2040023020,0.0,0.0,90031.6,90031.6,2327,0,1,0,61,721,15.0,15.0,9.673022365994246,0.008246859338225929,7.128080193111832,0.010977217941650989,1.0,0.0,1.213854015189025,2018.0,2026.0,5.0,3.0,-24.563509875802517,-2.47489082182935,22.088619053973165,32.473278298473,35.91258407484572,3.43930577637272,7.75,74.94771607327506,55.22920450788908
2040024170,0,2040024170,2040024170,0.0,0.0,138382.8,138382.8,2328,0,0,1,62,722,22.0,22.0,6.995907028296688,0.1432144564236246,5.906692018319312,0.07952766729797446,1.0,0.0,1.5681804254797795,2018.0,2026.0,5.0,3.0,-14.392533930312265,-16.25258837816372,-1.8600544478514536,31.40095177475886,23.09999319979316,-8.300958574965698,7.75,54.205111266474,45.76574513851787
2040024180,0,2040024180,2040024180,0.0,0.0,917.5,917.5,2329,0,1,0,63,723,1.0,1.0,8.855233008552098,6.680648033937163e-05,5.470280633742565,0.01518597976557136,1.0,0.0,2.0387056760159705,2018.0,2026.0,5.0,3.0,-19.978760891593993,1.9364915912350018,21.915252482828993,40.35926069677176,31.045034338215128,-9.314226358556635,7.75,68.61138785544816,42.38437835315937
2040024230,0,2040024230,2040024230,0.0,0.0,76316.8,76316.8,2410,0,1,0,64,724,15.0,15.0,8.826650803580147,5.836541842700991e-06,8.92430755581305,4.490932600566419e-06,0.9139279298350237,0.0,2.3033541439461183,2018.0,2026.0,5.0,3.0,-22.371568596786283,-5.135271257388317,17.236297339397964,23.550042802936993,34.546563929350874,10.996521126413882,7.75,68.38992956641155,69.14658557960556
2040026030,0,2040026030,2040026030,0.0,0.0,425.0,425.0,2421,0,1,0,65,725,1.0,1.0,4.532837477920506,0.05630619679818145,3.465777838948574,0.08665911874733172,1.0,0.0,1.675796722095522,2018.0,2026.0,5.0,3.0,-0.007898116484284045,-24.621376279586304,-24.61347816310202,29.64913927362299,21.299666798461384,-8.349472475161605,7.75,35.120958418932325,26.85325471382468
2040026060,0,2040026060,2040026060,0.0,0.0,118789.7,118791.1,2422,0,0,1,66,726,21.0,21.0,1.9228549639071275,0.6830574222710121,2.2363003322702646,0.5237480960208315,1.0,0.0,1.4299390633289724,2018.0,2026.0,5.0,3.0,5.827997995439793,-45.249585023959185,-51.07758301939898,40.30676590685735,-9.91063146235222,-50.21739736920957,7.75,14.898506633421412,17.327118248664885
2040026070,0,2040026070,2040026070,0.0,0.0,19259.2,19259.2,2423,0,1,0,67,727,5.0,5.0,1.5161471771528419,0.5543776988247027,1.6309413332595204,0.4189889532110083,1.0,0.0,1.0809957541743467,2018.0,2026.0,5.0,3.0,7.324077837828436,-36.04287796000645,-43.36695579783488,33.51285595484338,-3.807657662565017,-37.320513617408395,7.75,11.747286820924142,12.636725456877326
2040026550,0,2040026550,2040026550,0.0,0.0,192638.2,192638.2,2424,0,0,1,68,728,27.0,27.0,1.69007127577839,0.8418977055800676,6.150746539542549,0.32741379300848134,1.0,0.0,5.660623417320504,2018.0,2026.0,5.0,3.0,8.471862629079457,-36.34638170039724,-44.8182443294767,24.7074412208147,0.3908637779877398,-24.31657744282696,7.75,13.094871212738793,47.656708300904626
2040026560,0,2040026560,2040026560,0.0,0.0,26005.9,26005.9,2425,0,1,0,69,729,6.0,6.0,0.23114804184967142,0.9480820704114336,4.328789491342453,0.20029600649610535,1.0,0.0,2.7851242442831325,2018.0,2026.0,5.0,3.0,7.863069572739607,-37.54955779637195,-45.412627369111554,14.64994843461714,-13.861986673839054,-28.511935108456193,7.75,1.790962240751732,33.53997059684913
2040026920,0,2040026920,2040026920,0.0,0.0,92522.8,92523.9,2426,0,0,1,70,730,14.0,14.0,5.752492801541706,0.08883612982721795,8.825541573210362,0.019260443322612893,1.0,0.0,3.302236598330391,2018.0,2026.0,5.0,3.0,-10.204772037314555,-20.009310902390933,-9.804538865076378,-1.6902933930339554,5.595802732139272,7.286096125173227,7.75,44.57099145342376,68.38133511891944
2040026930,0,2040026930,2040026930,0.0,0.0,43642.5,43642.5,2427,0,1,0,71,731,9.0,9.0,6.686553672159707,0.003930636253797251,4.983579313317546,0.005444538574255951,1.0,0.0,5.951826149983712,2018.0,2026.0,5.0,3.0,-25.858527493756476,-29.970181168490004,-4.111653674733528,-13.102818366191713,-13.469416127970403,-0.3665977617786904,7.75,51.8082050437015,38.61335922433581
2040027320,0,2040027320,2040027320,0.0,0.0,85615.0,85615.0,2428,0,0,1,72,732,15.0,15.0,10.344764014808568,0.0005719751396335293,11.724963162247757,4.115647152287991e-05,1.0,0.0,3.425420192908287,2018.0,2026.0,5.0,3.0,-26.70755393571276,7.544301524639721,34.25185546035248,-16.4733898759791,26.563783993183876,43.03717386916298,7.75,80.15244945080971,90.84639493267942
2040027330,0,2040027330,2040027330,0.0,0.0,112812.4,112812.4,2429,0,1,0,73,733,19.0,19.0,8.496562847646086,0.002332487395008014,3.552972003788419,0.07999758335396817,1.0,0.0,7.091430153662452,2018.0,2026.0,5.0,3.0,-37.481085461525666,-18.4178973522904,19.063188109235266,-15.344911012067215,-1.9677715648566962,13.377139447210519,7.75,65.83236922337693,27.528845368162152
2040028220,0,2040028220,2040028220,0.0,0.0,1661.3,1661.3,2431,0,1,0,74,734,2.0,2.0,0.27195257382897253,0.9316546481811596,-1.3817136974973607,0.7170847398658523,1.0,0.0,3.022624253175299,2018.0,2026.0,5.0,3.0,-15.066243532446293,-42.67341761175734,-27.607174079311044,-0.5222996482565634,-0.7781740338779338,-0.25587438562137044,7.75,2.1071205583463173,-10.705680394024725
2040028310,0,2040028310,2040028310,0.0,0.0,285333.3,285333.3,2432,0,0,1,75,735,38.0,38.0,-3.448351822250011,0.37699496476354316,-0.9859651350648164,0.814492624419238,0.9132522783201247,0.0,2.4601501759583577,2018.0,2026.0,5.0,3.0,-1.1508494132959328,-48.85619879345315,-47.70534938015722,13.607479919155798,1.9321434046098271,-11.675336514545972,7.75,-26.718235884921373,-7.639373941775307
2040028320,0,2040028320,2040028320,0.0,0.0,9293.4,9293.4,2433,0,1,0,76,736,5.0,5.0,0.4714086658017145,0.8726994752473772,-1.4535763597423745,0.6750519530781771,1.0,0.0,3.3887404386342146,2018.0,2026.0,5.0,3.0,-15.101510631058943,-45.224156044802555,-30.122645413743612,5.133121975909309,7.822881787964352,2.689759812055043,7.75,3.652529840434913,-11.262480761316688
2040028660,0,2040028660,2040028660,0.0,0.0,26797.7,26798.3,2434,0,0,1,77,737,7.0,7.0,3.2720232891037018,0.3554367565679593,-0.8928345038591026,0.6433064158353847,1.0,0.0,6.747214038757973,2018.0,2026.0,5.0,3.0,-29.12164536429666,-51.51181286139009,-22.39016749709343,12.192815977675522,-5.444444358614578,-17.6372603362901,7.75,25.352021651371597,-6.917786847149241
2040028670,0,2040028670,2040028670,0.0,0.0,100516.0,100516.0,2435,0,1,0,78,738,17.0,17.0,7.0910309779986775,0.04687833853726687,1.1462611307827544,0.4909115832567468,0.9311636068560617,0.0,8.991871458857421,2018.0,2026.0,5.0,3.0,-40.88471042654386,-41.891757363120725,-1.007046936576863,1.8866289385051644,-9.147266492022593,-11.033895430527759,7.75,54.94214282747778,8.881366187858166
2040029940,0,2040029940,2040029940,0.0,0.0,25804.0,25804.2,2436,0,0,1,79,739,8.0,8.0,-1.7537061008394552,0.7126083002602379,-0.5915280032144992,0.7598250241130858,1.0,0.0,2.0717403890181534,2018.0,2026.0,5.0,3.0,-16.174349399766918,-65.1548583839259,-48.98050898415898,8.291036436181134,-13.649839204514516,-21.94087564069565,7.75,-13.587921328886129,-4.583228608068536
2040029950,0,2040029950,2040029950,0.0,0.0,21435.1,21435.1,2437,0,1,0,80,740,7.0,7.0,-2.7838591706315317,0.5050076276335125,-1.2957674118992673,0.4519508315506864,0.9953229817119267,0.0,1.935552808805904,2018.0,2026.0,5.0,3.0,-15.08120696527013,-59.05440130667586,-43.97319434140573,4.649104157635401,-24.4375348751209,-29.086639032756302,7.75,-21.569668591067035,-10.039758454962154
2040030060,0,2040030060,2040030060,0.0,0.0,53537.6,53537.6,2438,0,0,1,81,741,11.0,11.0,2.060011891352783,0.4710164360189138,7.9137736921259245,0.00019655991793670908,0.9869760818608836,0.0,9.031735665432448,2018.0,2026.0,5.0,3.0,-29.825355682077486,-2.982953629785843,26.842402052291643,-15.1238708788722,34.54147333904965,49.665344217921856,7.75,15.961214654424028,61.31685023604755
2040030070,0,2040030070,2040030070,0.0,0.0,295.0,295.0,2439,0,1,0,82,742,1.0,1.0,-2.244678798619624,0.4996301279531069,,,0.0,0.0,,2018.0,2026.0,5.0,3.0,-18.321605190634727,-49.15126926576098,-30.829664075126253,,,,7.75,-17.392035592316322,
2040030090,0,2040030090,2040030090,0.0,0.0,141.5,141.9,2441,0,1,0,83,743,1.0,1.0,-2.244678798619624,0.4996301279531069,,,0.0,0.0,,2018.0,2026.0,5.0,3.0,-18.321605190634727,-49.15126926576098,-30.829664075126253,,,,7.75,-17.392035592316322,
2040030100,0,2040030100,2040030100,0.0,0.0,40545.4,40545.4,2442,0,0,1,84,744,11.0,11.0,6.304751782743384,0.022106079716437754,7.082423700349908,0.00028318506672708683,0.9339766804635986,0.0,3.863412734279376,2018.0,2026.0,5.0,3.0,-36.87955952331959,26.23865590611437,63.11821542943396,-17.138480100562756,62.64867097013984,79.78715107070259,7.75,48.84995905588988,54.87545262694111
2040030110,0,2040030110,2040030110,0.0,0.0,132914.7,132914.7,2443,0,1,0,85,745,20.0,20.0,8.612776193428779,0.011046390276009873,9.169466628214046,4.807320685721384e-09,0.9297381986092333,0.0,7.057287602371626,2018.0,2026.0,5.0,3.0,-49.38357158645566,-1.3886746933390295,47.99489689311663,-31.04332018201952,25.311785890062964,56.355106072082485,7.75,66.73280390801764,71.04610693455373
2040031060,0,2040031060,2040031060,0.0,0.0,31436.0,31436.0,2444,0,0,1,86,746,6.0,6.0,13.102870627500693,0.0002572159140035587,13.639160097556939,4.448684485180202e-10,1.0,0.0,6.814590994743158,2018.0,2026.0,5.0,3.0,-60.42202050086659,5.09747106560219,65.51949156646877,-33.72723949336451,36.13541876350887,69.86265825687337,7.75,101.5225841911758,105.67781814123515
2040031070,0,2040031070,2040031070,0.0,0.0,72159.3,72159.3,2445,0,1,0,87,747,12.0,12.0,7.745405307541045,0.011646766070051285,6.095334519054549,0.0006162417967759989,0.9903352562137897,0.0,5.110936646523937,2018.0,2026.0,5.0,3.0,-39.365244609124396,-23.55327079765892,15.811973811465474,-2.141134431082335,0.9765687669421735,3.1177031980245085,7.75,60.01231217068079,47.22736944264031
2040031490,0,2040031490,2040031490,0.0,0.0,28435.4,28435.4,2446,0,0,1,88,748,8.0,8.0,2.9982766081453427,0.24250507854754422,-0.4004188070478776,0.7912215879792519,1.0,0.0,6.1033150938367875,2018.0,2026.0,5.0,3.0,-20.773130955270567,-38.51297947427033,-17.739848518999764,19.05673307111642,-16.5624971913263,-35.61923026244272,7.75,23.2310001397709,-3.102492057345636
2040031500,0,2040031500,2040031500,0.0,0.0,114417.4,114417.4,2447,0,1,0,89,749,16.0,16.0,9.432113203939458,4.952955079579567e-06,6.566814076558352,7.5387425216355186e-06,0.8922264995131659,0.0,4.507091004223714,2018.0,2026.0,5.0,3.0,-34.83271410606519,-15.935952882387634,18.896761223677558,7.150176108534507,16.566414449713246,9.41623834117874,7.75,73.081123524021,50.880448560328915
2040033320,0,2040033320,2040033320,0.0,0.0,49858.8,49859.1,2448,0,0,1,90,750,12.0,12.0,4.023960364471165,0.07314761035802554,1.756355514205337,0.2827489123743907,1.0,0.0,3.8845863482351337,2018.0,2026.0,5.0,3.0,-22.24334664647514,-31.67154481422635,-9.428198167751212,23.399982143030364,-4.842275607145996,-28.24225775017636,7.75,31.178118635053792,13.608449295554015
2040033330,0,2040033330,2040033330,0.0,0.0,6208.2,6208.2,2449,0,1,0,91,751,4.0,4.0,6.066905220160439,0.004904947578707488,5.42161757222868,0.004510920938819197,0.9601842923045153,0.0,1.6977544511955462,2018.0,2026.0,5.0,3.0,-27.20170123090268,-22.156304777668282,5.0453964532344,15.910126981828324,2.1900974332899863,-13.720029548538337,7.75,47.007095887896085,42.00733122356513
2040033480,0,2040033480,2040033480,0.0,0.0,241416.3,241416.3,2510,0,1,0,92,752,36.0,36.0,0.4463856516766924,0.857645147575838,3.0571473521594053,0.12359755681981409,0.9545352843410144,0.0,4.518218511411593,2018.0,2026.0,5.0,3.0,-14.251739522625874,-35.563845918257904,-21.31210639563203,14.641302620300461,35.6440055921768,21.002702971876342,7.75,3.458648581095249,23.687137595102307
2040037990,0,2040037990,2040037990,0.0,0.0,74795.9,74795.9,2521,0,1,0,93,753,12.0,12.0,1.2188334626646,0.6566823470155762,2.250746269172838,0.18041223665616196,1.0,0.0,4.4066371146066645,2018.0,2026.0,5.0,3.0,-25.18395213586784,-11.06460741627001,14.119344719597832,-10.695556396420823,11.76166067065804,22.457217067078865,7.75,9.443665159043993,17.43904706847127
2040039390,0,2040039390,2040039390,0.0,0.0,17831.6,17831.6,2522,0,0,1,94,754,6.0,6.0,7.670802847531295,0.039045923025971166,12.976740680843637,5.509774035627819e-06,1.0,0.0,6.561984540609749,2018.0,2026.0,5.0,3.0,-48.93577826144923,37.52044295978357,86.4562212212328,-39.63647805076835,67.99541313147324,107.63189118224159,7.75,59.434283527757884,100.54531451550307
2040039400,0,2040039400,2040039400,0.0,0.0,9070.0,9070.0,2523,0,1,0,95,755,3.0,3.0,8.91904616568511,0.03678576817056622,13.960204790084715,3.1571286179480777e-07,1.0,0.0,3.709147176189116,2018.0,2026.0,5.0,3.0,-67.52549745023892,8.506947840823505,76.03244529106242,-49.02568262211431,29.492872903270626,78.51855552538494,7.75,69.10581970948354,108.16531021475632
2040039590,0,2040039590,2040039590,0.0,0.0,26402.6,26402.9,2524,0,0,1,96,756,7.0,7.0,10.24226454173223,0.02225635667736509,16.950972452083832,1.7458354762146676e-05,1.0,0.0,7.164506517869843,2018.0,2026.0,5.0,3.0,-61.697617860860746,40.61809794204952,102.31571580291026,-43.99547817537146,79.17273300597269,123.16821118134415,7.75,79.35827146639893,131.33813015577618
2040039600,0,2040039600,2040039600,0.0,0.0,121814.1,121814.1,2525,0,1,0,97,757,19.0,19.0,3.1407053781004386,0.3617370111376721,9.862743294188567,0.0012293878177605513,0.9437398699492745,0.0,8.586745342309937,2018.0,2026.0,5.0,3.0,-36.003163855738606,-10.83917339064075,25.163990465097854,-20.387759386185728,38.57271363559804,58.96047302178377,7.75,24.334555017177937,76.41769616031115
2040041120,0,2040041120,2040041120,0.0,0.0,41491.9,41492.0,2526,0,0,1,98,758,9.0,9.0,-3.2593792113624076,0.39668724230951746,0.2145130687847967,0.9121583238070651,1.0,0.0,2.6670644401501287,2018.0,2026.0,5.0,3.0,-11.575281989000782,-60.98885726903725,-49.41357528003647,1.861115387357902,-9.427917047871514,-11.289032435229416,7.75,-25.25405384847533,1.6620725110498964
2040041130,0,2040041130,2040041130,0.0,0.0,1647.9,1647.9,2527,0,1,0,99,759,1.0,1.0,-4.854385140273113,0.1458498575691385,-0.8522140765176172,0.7198254810113551,1.0,0.0,0.7612317154982947,2018.0,2026.0,5.0,3.0,-0.8139997161924837,-66.01651496564348,-65.202515249451,8.04966085382137,-12.155186655477335,-20.204847509298705,7.75,-37.612347561869704,-6.603054993962647
2040041180,0,2040041180,2040041180,0.0,0.0,31323.9,31323.9,2528,0,0,1,100,760,7.0,7.0,-7.965092189662802,0.06296726009542496,-4.546185949362261,0.14356212726904644,1.0,0.0,0.9963559296045185,2018.0,2026.0,5.0,3.0,11.635489475861782,-68.46968323468745,-80.10517271054923,25.06354093848659,-6.019890990095457,-31.083431928582048,7.75,-61.714471996566,-35.224383947146336
2040041190,0,2040041190,2040041190,0.0,0.0,10087.8,10087.8,2529,0,1,0,101,761,6.0,6.0,-7.978018715425579,0.0320703167590791,-4.794094585424325,0.051951914318185556,1.0,0.0,0.971172659202588,2018.0,2026.0,5.0,3.0,12.58351148918356,-67.0821372298601,-79.66564871904366,23.695935682267653,-19.084593977454322,-42.78052965972198,7.75,-61.814628239984636,-37.14520924503995
2040041390,0,2040041390,2040041390,0.0,0.0,1047.7,1047.7,2611,0,1,0,102,762,2.0,2.0,-8.88122625647175,0.010583110701995723,-5.644859865820946,0.00973089125312303,1.0,0.0,0.6617979018897898,2018.0,2026.0,5.0,3.0,18.88370022640868,-63.437364822036706,-82.32106504844539,30.60764203893958,-30.42724991526028,-61.034891954199864,7.75,-68.8127866004519,-43.73703879609385
2040041420,0,2040041420,2040041420,0.0,0.0,63771.5,63771.5,2612,0,0,1,103,763,13.0,13.0,-11.619119275725406,0.024629508983521543,-5.8457285197815025,0.11028170736976647,1.0,0.0,2.864758300067815,2018.0,2026.0,5.0,3.0,27.402608996428626,-56.70092827098881,-84.10353726741744,33.888265529589226,-13.718136629999407,-47.60640215958863,7.75,-90.02630403915921,-45.29339277476154
2040041430,0,2040041430,2040041430,0.0,0.0,12788.4,12788.4,2613,0,1,0,104,764,4.0,4.0,-7.723262467407832,0.013458198777042601,-5.507703562024869,0.011375018151023082,1.0,0.0,0.9850321362768448,2018.0,2026.0,5.0,3.0,16.121381761209662,-59.898032456155114,-76.01941421736478,32.347451035943806,-39.11863037249367,-71.46608140843747,7.75,-59.84074683850558,-42.674335607201584
2040041840,0,2040041840,2040041840,0.0,0.0,346666.4,346666.4,2614,0,0,1,105,765,48.0,48.0,-8.68372957196716,0.04667792568647515,-3.356549836006298,0.09299572257059875,1.0,0.0,2.831959846242492,2018.0,2026.0,5.0,3.0,31.033265073029696,-14.666172291242043,-45.69943736427174,23.27636655079099,0.6119185655888373,-22.664447985202152,7.75,-67.28255903810285,-26.006943287879054
2040041850,0,2040041850,2040041850,0.0,0.0,34207.7,34207.7,2615,0,1,0,106,766,6.0,6.0,-6.472225186643119,0.022632818741670013,-0.6382035391566676,0.7642887725886338,1.0,0.0,11.304598275229544,2018.0,2026.0,5.0,3.0,20.510188293370256,-38.928184724450794,-59.43837301782105,27.67588984042227,-1.0632331920633409,-28.739123032485608,7.75,-50.14756270554422,-4.944876155546528
2040042370,0,2040042370,2040042370,0.0,0.0,76753.0,76753.0,2616,0,0,1,107,767,14.0,14.0,-5.9757616778261315,0.1497764717369337,-0.7918362607393128,0.5643084646300728,1.0,0.0,7.080737915065767,2018.0,2026.0,5.0,3.0,22.153545679244594,-20.73945639775856,-42.89300207700315,18.568760090254905,-5.658604612766382,-24.227364703021287,7.75,-46.30090499178085,-6.135240569177975
2040042380,0,2040042380,2040042380,0.0,0.0,60914.4,60914.4,2617,0,1,0,108,768,13.0,13.0,1.4387008064664286,0.6185901460208215,1.5244657623886244,0.43847120612668844,0.8718574554029479,0.0,3.4290043313427088,2018.0,2026.0,5.0,3.0,-3.090179867094231,19.03967455283674,22.12985441993097,12.605743896435879,19.119316494874223,6.513572598438344,7.75,11.147223223271713,11.811740198657926
2040043720,0,2040043720,2040043720,0.0,0.0,312695.6,312705.4,2618,0,0,1,109,769,40.0,40.0,-6.319686889321673,0.13909785952214357,-3.5972199214244327,0.054183744623741925,1.0,0.0,5.157881691004282,2018.0,2026.0,5.0,3.0,46.02037949185829,-22.98223787677396,-69.00261736863226,33.99308534606213,-5.877934334750535,-39.871019680812665,7.75,-48.965678019932476,-27.87168344320642
2040043730,0,2040043730,2040043730,0.0,0.0,75597.5,75597.5,2619,0,1,0,110,770,11.0,11.0,3.0514523997254788,0.37595567631005833,8.189675646527084,0.001988620100056864,1.0,0.0,14.428036325129037,2018.0,2026.0,5.0,3.0,27.20086581734538,-15.341726629384434,-42.54259244672981,15.79255988072081,16.73823402833609,0.9456741476152803,7.75,23.643012433191252,63.4545710600182
2040045150,0,2040045150,2040045150,0.0,0.0,21105.3,21105.3,2120,0,1,0,111,771,5.0,5.0,-12.02084244915072,4.5316941995371644e-05,,,0.2911101634136125,0.0,8.693358807479255,2018.0,2026.0,5.0,3.0,39.844636492044664,-7.735573878083642,-47.580210370128306,,,,7.75,-93.13890248075712,
2040046500,0,2040046500,2040046500,0.0,0.0,26322.7,26322.7,2190,0,1,0,112,772,4.0,4.0,-3.749238898819394,0.00589622220183304,0.2786622176899485,0.9014765524822392,0.6380784665816001,0.0,5.785582529596563,2018.0,2026.0,5.0,3.0,36.593175174779084,0.45513166676628103,-36.1380435080128,7.2839840246661485,-24.639475416858957,-31.923459441525104,7.75,-29.04954437688949,2.159107668891319
2040047500,0,2040047500,2040047500,0.0,0.0,33396.8,33396.8,2180,0,1,0,113,773,8.0,8.0,-3.3361941287778265,0.07708231660702819,5.538783224802259,0.07417240558937835,0.5917916767631619,0.0,7.463744178588137,2018.0,2026.0,5.0,3.0,29.25758803146993,7.389510155607696,-21.868077875862234,-23.548199298574396,-19.117839343451305,4.430359955123091,7.75,-25.849224871844626,42.91514449333441
2040048590,0,2040048590,2040048590,0.0,0.0,5270.0,5270.0,2170,0,1,0,114,774,,,,,,,,,,,,,,,,,,,,,,
2040048790,0,2040048790,2040048790,0.0,0.0,232575.1,232575.1,2330,0,1,0,115,775,29.0,29.0,-0.51238499943533,0.8221478281480692,1.4878126034685195,0.48306736850809473,0.800104635963544,0.0,1.5686507445823197,2018.0,2026.0,5.0,3.0,3.218175881973674,-43.132219918901086,-46.35039580087476,25.91754348609005,-37.29064270246264,-63.20818618855269,7.75,-3.97001929747292,11.527747208257113
2040054200,0,2040054200,2040054200,0.0,0.0,85561.3,85561.3,2340,0,1,0,116,776,11.0,11.0,-0.07497158417557515,0.969203926515725,0.7425236435858107,0.7702584043371142,0.7827525598272299,0.0,1.3666594326416837,2018.0,2026.0,5.0,3.0,-2.650363333172277,-31.035028497160482,-28.384665163988206,14.871282119814513,-41.562044178843706,-56.433326298658216,7.75,-0.5808886604158184,5.75316060601737
2040056060,0,2040056060,2040056060,0.0,0.0,0.3,0.3,2350,0,1,0,117,777,,,,,,,,,,,,,,,,,,,,,,
2040056770,0,2040056770,2040056770,0.0,0.0,3306.2,3306.2,2450,0,1,0,118,778,,,,,,,,,,,,,,,,,,,,,,
2040057170,0,2040057170,2040057170,0.0,0.0,101854.6,101854.6,2710,0,1,0,119,779,13.0,13.0,-68.28283524594612,6.447369339831879e-15,-64.87569348424192,1.592578602893123e-11,0.8142002813916855,0.0,14.680566333798929,2018.0,2026.0,5.0,3.0,235.05226763450196,-339.21575822653335,-574.2680258610353,215.44003279760278,-324.4552875320782,-539.895320329681,7.75,-529.0634462588023,-502.6645107745507
2040059370,0,2040059370,2040059370,0.0,0.0,1668.3,1668.3,2370,0,1,0,120,780,,,,,,,,,,,,,,,,,,,,,,
2040059450,0,2040059450,2040059450,0.0,0.0,1717.9,1717.9,2360,0,1,0,121,781,,,,,,,,,,,,,,,,,,,,,,
2040059500,0,2040059500,2040059500,0.0,0.0,384.2,384.4,2720,0,1,0,122,782,,,,,,,,,,,,,,,,,,,,,,
2040059510,0,2040059510,2040059510,0.0,0.0,61158.1,61158.1,2530,0,1,0,123,783,9.0,9.0,-313.534865973694,1.578369211455661e-09,-238.2705786407938,9.053794969709557e-11,0.6419441377201566,0.0,135.03115872238743,2018.0,2026.0,5.0,3.0,1019.0940610370475,-1230.490902313454,-2249.5849633505013,749.401771614409,-907.9662829050694,-1657.3680545194784,7.75,-2429.3050532664042,-1846.1484943283956
2040062160,0,2040062160,2040062160,0.0,0.0,16035.6,16035.6,2630,0,1,0,124,784,,,,,,,,,,,,,,,,,,,,,,
2040062920,0,2040062920,2040062920,0.0,0.0,79657.0,79657.0,2620,0,1,0,125,785,14.0,14.0,-123.72164614892694,5.0632695502768554e-24,-120.13158642444635,1.3479786655826735e-26,0.7218707560548516,0.0,32.4849559312131,2018.0,2026.0,5.0,3.0,362.8514709759824,-549.5292322601141,-912.3807032360965,349.89524234421344,-534.9089978326427,-884.8042401768562,7.75,-958.6098798123566,-930.7936744180238
2040065840,0,2040065840,2040065840,0.0,0.0,3147.6,3147.6,2811,0,1,0,126,786,1.0,1.0,-22.333284443257558,3.762257203572872e-10,-16.52704008040457,5.743241531751651e-11,1.0,0.0,10.871342912210608,2018.0,2026.0,5.0,3.0,54.4606294631958,-84.13041194279991,-138.59104140599572,57.59650830192508,-87.34654132752256,-144.94304962944764,7.75,-173.04091710997642,-128.05345223147143
2040065960,0,2040065960,2040065960,0.0,0.0,11588.9,11589.0,2812,0,0,1,127,787,5.0,5.0,-23.115913384936174,2.0080274275029075e-11,-16.744696632448203,1.989033024748673e-12,1.0,0.0,10.408338762159644,2018.0,2026.0,5.0,3.0,57.0907518076034,-85.72004738479166,-142.81079919239505,65.221718555759,-80.66927760531156,-145.89099616107057,7.75,-179.1048182871167,-129.73988082088547
2040065970,0,2040065970,2040065970,0.0,0.0,1605.7,1605.7,2813,0,1,0,128,788,1.0,1.0,-22.333284443257558,3.762257203572872e-10,-16.52704008040457,5.743241531751651e-11,1.0,0.0,10.87134291221061,2018.0,2026.0,5.0,3.0,54.4606294631958,-84.13041194279991,-138.59104140599572,57.59650830192508,-87.34654132752256,-144.94304962944764,7.75,-173.04091710997642,-128.05345223147143
2040066030,0,2040066030,2040066030,0.0,0.0,36400.6,36401.2,2814,0,0,1,129,789,9.0,9.0,-20.292988272231867,3.0581055643874202e-12,-12.125655810563021,3.3217621015373166e-12,1.0,0.0,14.382092807363529,2018.0,2026.0,5.0,3.0,46.80438318909556,-72.13443750593899,-118.93882069503455,53.574447181601066,-57.36208172478363,-110.9365289063847,7.75,-157.23246217773084,-93.95100874440342
2040066040,0,2040066040,2040066040,0.0,0.0,21400.0,21400.0,2815,0,1,0,130,790,4.0,4.0,-28.37516305094913,2.7527271632139515e-13,-25.512997806098618,2.973968007556946e-14,1.0,0.0,6.077579443025351,2018.0,2026.0,5.0,3.0,66.06725114416459,-106.12816037625566,-172.19541152042024,71.87650283711871,-105.907164274831,-177.7836671119497,7.75,-219.85410385814112,-197.6777105852405
2040066340,0,2040066340,2040066340,0.0,0.0,51498.9,51498.9,2816,0,0,1,131,791,9.0,9.0,-34.23816325507768,1.0686587138299315e-15,-31.783506628865172,2.547806893589489e-17,1.0,0.0,3.475915418874248,2018.0,2026.0,5.0,3.0,80.66857201976431,-125.18866210446105,-205.85723412422536,84.2473184965057,-125.84334975557243,-210.09066825207813,7.75,-265.28131967657725,-246.26235115588895
2040066350,0,2040066350,2040066350,0.0,0.0,4426.2,4426.2,2817,0,1,0,132,792,1.0,1.0,-42.85661542083267,3.48337144444432e-14,-41.213308690058085,4.508944689747569e-13,1.0,0.0,2.608146644464,2018.0,2026.0,5.0,3.0,102.24836021661758,-160.53691138823828,-262.7852716048559,105.94008650715341,-168.0914138093046,-274.03150031645805,7.75,-332.05810168639687,-319.3255676738245
2040066490,0,2040066490,2040066490,0.0,0.0,58201.4,58201.4,2818,0,0,1,133,793,11.0,11.0,-44.94253039579246,4.176565021975817e-25,-42.58377643078217,1.801639950319959e-24,0.8200489307302768,0.0,4.413062579155617,2018.0,2026.0,5.0,3.0,121.1688023387479,-161.28387047882424,-282.45267281757214,122.0884403100326,-167.509043926649,-289.5974842366816,7.75,-348.22001648211545,-329.94411307081054
2040066500,0,2040066500,2040066500,0.0,0.0,38781.8,38781.8,2819,0,1,0,134,794,5.0,5.0,-24.46488532552894,2.486671289139309e-21,-20.829291408786613,2.867336791136622e-18,0.9293563642703726,0.0,5.862800846506354,2018.0,2026.0,5.0,3.0,72.3140904361087,-81.3400822024404,-153.65417263854908,57.990752238297944,-81.43078560502612,-139.42153784332407,7.75,-189.5568116940367,-161.3878020174295
2040066850,0,2040066850,2040066850,0.0,0.0,14912.3,14912.3,2821,0,1,0,135,795,3.0,3.0,-8.731276126392759,0.00037792332517376813,-10.421656387662953,6.7174914985236924e-06,1.0,0.0,3.650781005976435,2018.0,2026.0,5.0,3.0,29.83449786366366,-41.00394314708914,-70.8384410107528,22.24074989223985,-51.07132152306195,-73.3120714153018,7.75,-67.65095533933335,-80.74822060803876
2040067280,0,2040067280,2040067280,0.0,0.0,23806.2,23806.2,2822,0,0,1,136,796,8.0,8.0,-15.404449907458945,7.155795342648182e-13,-14.196409321358015,2.0870708557199918e-14,1.0,0.0,5.766461369015489,2018.0,2026.0,5.0,3.0,57.39962924988379,-57.89877458291594,-115.29840383279972,44.232304499169445,-65.13733325360862,-109.36963775277806,7.75,-119.35549141166,-109.9954507308506
2040067290,0,2040067290,2040067290,0.0,0.0,19955.5,19955.5,2823,0,1,0,137,797,6.0,6.0,-7.4874440828017415,4.696063285383976e-05,-10.213060193230294,4.5752557635920687e-11,1.0,0.0,4.545058355014319,2018.0,2026.0,5.0,3.0,41.214362283311424,-36.76143171278394,-77.97579399609536,36.27462209620545,-47.54773283181307,-83.82235492801851,7.75,-58.01359823224895,-79.13199273604856
2040067570,0,2040067570,2040067570,0.0,0.0,73153.5,73153.5,2824,0,0,1,138,798,12.0,12.0,-3.177594281194725,0.08867692580624195,-10.519825272413856,2.6382817867819225e-09,1.0,0.0,10.117000933136865,2018.0,2026.0,5.0,3.0,33.58620044812786,-18.62821501735331,-52.21441546548117,47.0958034060952,-30.738670946934885,-77.83447435303009,7.75,-24.6203745811939,-81.50884468427437
2040067580,0,2040067580,2040067580,0.0,0.0,937.3,937.3,2825,0,1,0,139,799,1.0,1.0,-2.5082042168388528,0.2085258816204845,-6.906227626140199,3.1175689101535083e-06,1.0,0.0,5.200739898425625,2018.0,2026.0,5.0,3.0,25.85053563117981,-21.50200969229142,-47.35254532347123,20.18041501165577,-31.433858654719714,-51.61427366637548,7.75,-19.433861556889674,-53.510264700826184
2040067650,0,2040067650,2040067650,0.0,0.0,74239.9,74239.9,2826,0,0,1,140,800,14.0,14.0,6.9196051474283795,0.06424881555265625,0.6397505036714284,0.8092129375574453,1.0,0.0,9.884061503991104,2018.0,2026.0,5.0,3.0,10.282634371130625,-8.931901595269657,-19.214535966400284,28.306535349598867,1.3018740280053258,-27.00466132159354,7.75,53.613915310670265,4.95686221872729
2040067660,0,2040067660,2040067660,0.0,0.0,2009.2,2009.2,2827,0,1,0,141,801,,,,,,,,,,,,,,,,,,,,,,
2040067740,0,2040067740,2040067740,0.0,0.0,211008.0,211008.0,2828,0,0,1,142,802,35.0,35.0,13.596312499368256,0.13203870701896253,7.19941932466681,0.14397303954404791,1.0,0.0,10.601954154547514,2018.0,2026.0,5.0,3.0,4.661321234838139,8.13945185347335,3.478130618635211,26.919134430706926,20.88049158499652,-6.038642845710406,7.75,105.34582990612503,55.78194849776064
2040067750,0,2040067750,2040067750,0.0,0.0,180339.1,180339.1,2829,0,1,0,143,803,22.0,22.0,14.533065838026047,0.21610967848361887,12.52477841588342,0.018043484478699336,1.0,0.0,4.218924093116474,2018.0,2026.0,5.0,3.0,-14.131036539514866,9.980380508256856,24.111417047771724,-9.085317597465844,13.625142249592125,22.71045984705797,7.75,112.60390505575282,97.04345767816585
2040068680,0,2040068680,2040068680,0.0,0.0,227500.7,1404107.6,2831,0,0,1,144,804,38.0,38.0,16.080128245170364,0.28612523710975857,15.813280140972953,0.10246420598749313,1.0,0.0,4.406130310104081,2018.0,2026.0,5.0,3.0,-1.2295246118137677,60.83975888645426,62.06928349826803,2.565545121979666,78.23077490202131,75.66522978004164,7.75,124.59072671822624,122.52315619152213
2040309610,2040068680,2040068680,2040068680,1799.4,1799.4,523314.6,523324.3,2832,0,0,2,145,805,58.0,58.0,-4.484886741718334,0.6542376972040157,-3.417612363283453,0.4043665214299642,1.0,0.0,3.7962209835795755,2018.0,2026.0,5.0,3.0,48.83001749545575,45.80715507993273,-3.022862415523022,39.62723277533206,11.30650475856885,-28.320728016763212,7.75,-34.74943046971359,-26.48006293796625
2040309560,2040068680,2040068680,2040068680,1799.5,1799.5,92327.7,653336.5,2833,0,0,1,146,806,18.0,18.0,-3.7642078917959623,0.47518221541028727,-2.22201727420844,0.582134526518226,1.0,0.0,2.6613813303457348,2018.0,2026.0,5.0,3.0,44.90590103552418,44.51260326725051,-0.39329776827366913,48.75243944083622,1.6888876159724546,-47.063551824863765,7.75,-29.165525896735314,-17.216451433291954
2040292580,2040309560,2040068680,2040068680,2124.3,2124.3,14233.8,493758.1,2835,0,0,1,147,807,4.0,4.0,-4.640356246530793,0.33089064219689024,-6.534997860235833,0.2792177070463276,1.0,0.0,2.751334359684272,2018.0,2026.0,5.0,3.0,45.7052655835164,20.465620521132507,-25.239645062383893,63.10014023498991,-44.9433903295866,-108.04353056457651,7.75,-35.95402649604968,-50.63393277061577
2040292690,2040309560,2040068680,2040068680,2124.5,2124.5,67240.1,67240.1,2834,0,0,2,148,808,14.0,14.0,-3.4227064586824913,0.42597904104915507,-3.1040133566626267,0.4545312017795055,1.0,0.0,4.308389253183876,2018.0,2026.0,5.0,3.0,52.50651226582416,16.336743354923257,-36.169768910900906,59.427160935373195,-9.590450087552343,-69.01761102292554,7.75,-26.519532588833542,-24.05026091541474
2040288980,2040292580,2040068680,2040068680,2301.2,2301.2,235215.6,235215.6,2836,0,0,2,149,809,36.0,36.0,-5.120445061697504,0.13900349027542788,-1.3128740533728163,0.693161766790285,1.0,0.0,2.184783315005059,2018.0,2026.0,5.0,3.0,18.20176886272144,0.011716502055672132,-18.190052360665767,26.060982117226036,5.228816500827606,-20.83216561639843,7.75,-39.673811155657596,-10.17230272702278
2040289120,2040292580,2040068680,2040068680,2301.3,2301.3,63202.9,244308.3,2837,0,0,1,150,810,13.0,13.0,-4.060843458686534,0.2067199046220901,-5.2634813567319085,0.3498205054746274,1.0,0.0,2.442941631710439,2018.0,2026.0,5.0,3.0,35.371739550606264,14.786471213986509,-20.585268336619755,61.02740181455177,-24.858835040254252,-85.88623685480603,7.75,-31.46389319119204,-40.78207320890158
2040315950,2040289120,2040068680,2040068680,2657.8,2657.8,50378.0,50378.5,2838,0,0,2,151,811,10.0,10.0,-5.422094866231673,0.18616982228575957,-7.325849984287686,0.12473811617645209,1.0,0.0,6.764946219509666,2018.0,2026.0,5.0,3.0,59.12362849680109,-3.1956571227855335,-62.31928561958662,73.27286959039509,-50.89595590808697,-124.16882549848205,7.75,-42.011029353690994,-56.76154813287927
2040315940,2040289120,2040068680,2040068680,2657.9,2657.9,130723.4,130724.4,2839,0,0,1,152,812,22.0,22.0,3.2997929703919056,0.3726951342440873,3.829993094531009,0.5119716838807664,1.0,0.0,3.1280945255822608,2018.0,2026.0,5.0,3.0,23.18027530843587,57.81301275736012,34.632737448924246,46.80632431445356,38.377461004483564,-8.428863309969998,7.75,25.567184411250086,29.675237392259426
2040068690,0,2040068690,2040068690,0.0,0.0,114.0,114.0,2841,0,1,0,153,813,1.0,1.0,-6.562824429051021,0.010078825251653357,-10.800066448307437,8.8919037487739e-08,1.0,0.0,4.4640389311627935,2018.0,2026.0,5.0,3.0,37.805055439472206,-23.901455998420715,-61.70651143789292,42.92286712226885,-35.27112475108967,-78.19399187335853,7.75,-50.84953630175056,-83.68018630721437
2040068710,0,2040068710,2040068710,0.0,0.0,51385.6,51386.4,2842,0,0,1,154,814,11.0,11.0,-8.91115353808149,0.006798372599610509,-11.186854724808079,7.688851911986049e-08,1.0,0.0,3.926153977622511,2018.0,2026.0,5.0,3.0,49.72799990712137,-37.77962571772281,-87.50762562484418,54.67076040383847,-46.30849992829754,-100.97926033213602,7.75,-69.0446667016307,-86.6770674091906
2040068720,0,2040068720,2040068720,0.0,0.0,63661.9,63661.9,2843,0,1,0,155,815,10.0,10.0,-15.72620340485607,1.265921353941809e-05,-19.173472031469707,2.4020669557268415e-09,1.0,0.0,3.6585089640311557,2018.0,2026.0,5.0,3.0,77.15851509821834,-43.49532922446944,-120.65384432268777,90.29929256524677,-59.191981814559824,-149.4912743798066,7.75,-121.84847538875478,-148.55831854636352
2040069150,0,2040069150,2040069150,0.0,0.0,42927.4,42927.4,2844,0,0,1,156,816,9.0,9.0,-24.141135292369995,4.37512234603249e-14,-29.07042319694344,1.6314078794770032e-15,1.0,0.0,4.457248308292774,2018.0,2026.0,5.0,3.0,114.12669653345445,-67.41678652307517,-181.54348305652962,132.4815259749047,-88.54870724294206,-221.03023321784679,7.75,-187.04835832281202,-225.24106132060217
2040069160,0,2040069160,2040069160,0.0,0.0,48324.0,48324.0,2845,0,1,0,157,817,7.0,7.0,-27.665421884073886,2.445210805403263e-09,-33.76937408938198,2.0592942699098906e-07,1.0,0.0,7.736908455923145,2018.0,2026.0,5.0,3.0,135.91007668356121,-67.55104349833796,-203.46112018189916,159.10072331564027,-81.89060759473567,-240.99133091037595,7.75,-214.354945741079,-261.64908603135115
2040070050,0,2040070050,2040070050,0.0,0.0,189819.0,189819.0,2846,0,0,1,158,818,30.0,30.0,-20.062479950244885,0.0019889199018042142,-22.638209292349586,1.9104838700304548e-05,1.0,0.0,3.821285084055308,2018.0,2026.0,5.0,3.0,73.15213092065204,-35.60021603041924,-108.75234695107127,80.24560057958124,-48.934825707190726,-129.18042628677196,7.75,-155.4464565617879,-175.4035107388072
2040070060,0,2040070060,2040070060,0.0,0.0,18917.6,18917.6,2847,0,1,0,159,819,5.0,5.0,-17.090592474573885,0.0006906181062746646,-18.981744173630176,3.323690403780256e-07,1.0,0.0,3.1595712503634323,2018.0,2026.0,5.0,3.0,44.89321460448626,-29.161537820554276,-74.05475242504053,54.369370430708464,-45.43967769983502,-99.80904813054349,7.75,-132.419922527157,-147.07278853216536
2040070510,0,2040070510,2040070510,0.0,0.0,58651.8,58651.8,2848,0,0,1,160,820,12.0,12.0,-31.10782083802433,0.001889741512183102,-27.397362886447794,3.7741951533892474e-05,1.0,0.0,4.533604581913803,2018.0,2026.0,5.0,3.0,30.80332908302994,-75.34287797657191,-106.14620705960185,19.027290653349503,-72.7249559058847,-91.75224655923421,7.75,-241.02705810159853,-212.27799306953392
2040070520,0,2040070520,2040070520,0.0,0.0,27965.1,27965.1,2849,0,1,0,161,821,5.0,5.0,-16.88799347292658,9.59136667907094e-05,-10.11428442969826,7.696768039101188e-07,1.0,0.0,8.21792162491341,2018.0,2026.0,5.0,3.0,17.217327595131366,-46.90274593826495,-64.12007353339632,24.09869047889913,-29.23064640558769,-53.32933688448682,7.75,-130.85016161090275,-78.36666649157037
2040071190,0,2040071190,2040071190,0.0,0.0,1638.5,1638.5,2931,0,1,0,162,822,2.0,2.0,25.212791023081856,1.6159825236619805e-06,21.36557194878881,7.879650706537194e-10,1.0,0.0,5.449334065188462,2018.0,2026.0,5.0,3.0,-85.5123820332282,72.02189044392806,157.53427247715626,-52.192305800653,65.72780440634222,117.92011020699522,7.75,195.3516730878074,165.54296677637873
2040071260,0,2040071260,2040071260,0.0,0.0,34558.4,34558.4,2932,0,0,1,163,823,8.0,8.0,15.405696517724802,0.00038271507886384986,10.818986498239926,2.9410240260448186e-06,1.0,0.0,7.067172516256673,2018.0,2026.0,5.0,3.0,-54.717840429270964,37.01808831804784,91.73592874731881,-23.334281073149793,31.71076093951712,55.04504201266691,7.75,119.36515029476028,83.82678108150306
2040071270,0,2040071270,2040071270,0.0,0.0,17779.7,17779.7,2933,0,1,0,164,824,7.0,7.0,10.214513760812022,0.0006642374517920662,2.9357433457916677,0.08345781111433839,0.508626012143569,0.0,9.7151931658262,2018.0,2026.0,5.0,3.0,-41.8647414182372,18.54150819275857,60.40624961099577,-10.941861923035919,5.512914601377133,16.454776524413052,7.75,79.14325514879678,22.746485061164737
2040071690,0,2040071690,2040071690,0.0,0.0,33814.3,33814.3,2934,0,0,1,165,825,10.0,10.0,3.536042144753166,0.15017278296742162,-2.3108264192272046,0.14554205024517908,0.96114140384195,0.0,9.155420661045664,2018.0,2026.0,5.0,3.0,-22.402480126874394,-1.9179200171820199,20.484560109692374,0.9490424426710635,-12.565369173948982,-13.514411616620045,7.75,27.397670827245612,-17.904555144183405
2040071700,0,2040071700,2040071700,0.0,0.0,87522.4,87522.4,2935,0,1,0,166,826,15.0,15.0,-10.67252996263004,1.051591490536567e-05,-12.63674040295901,2.5043492169225683e-10,0.6392744676019176,0.0,4.209791723556278,2018.0,2026.0,5.0,3.0,20.88096722686963,-35.431576084591256,-56.312543311460885,31.873331728423445,-55.95171289098588,-87.82504461940933,7.75,-82.69201860162359,-97.91095233504176
2040072590,0,2040072590,2040072590,0.0,0.0,42102.6,42103.7,2936,0,0,1,167,827,9.0,9.0,-25.77694331651969,4.7182340925920043e-11,-24.23185184522518,4.637001101952743e-19,0.8017364201488214,0.0,4.444508373737599,2018.0,2026.0,5.0,3.0,66.3429467640011,-79.69367689253885,-146.03662365653994,77.05783484699973,-105.50176338997316,-182.55959823697287,7.75,-199.72279147365018,-187.75124085417457
2040072600,0,2040072600,2040072600,0.0,0.0,21327.6,21327.6,2937,0,1,0,168,828,6.0,6.0,-18.382603085301792,1.2548111437892482e-07,,,0.0,0.0,,2018.0,2026.0,5.0,3.0,40.0845171114712,-54.04605991237411,-94.13057702384532,,,,7.75,-142.43057284436435,
2040072920,0,2040072920,2040072920,0.0,0.0,47607.5,47607.5,2938,0,0,1,169,829,12.0,12.0,-18.361674073320586,2.186490510842311e-07,-16.308563289859002,9.932629870572136e-11,0.6518481248878009,0.0,5.34439109521444,2018.0,2026.0,5.0,3.0,40.224818894371374,-45.94322256306242,-86.16804145743379,52.21097905675358,-70.20247888848657,-122.41345794524014,7.75,-142.26841239561193,-126.36066833757968
2040072930,0,2040072930,2040072930,0.0,0.0,57162.1,57162.1,2939,0,1,0,170,830,12.0,12.0,-4.689862626933543,0.21898259473990342,-0.8036956748316985,0.7110969177896326,0.7605818090810791,0.0,4.050601416465272,2018.0,2026.0,5.0,3.0,-11.494315641441855,-32.38620876378888,-20.891893122347025,-16.881215642812915,-23.57833492839084,-6.6971192855779265,7.75,-36.337607759676736,-6.227128705745946
2040073570,0,2040073570,2040073570,0.0,0.0,1164.7,829646.9,2941,0,0,1,171,831,1.0,1.0,-7.560522309794255,0.023172895374921777,-5.957908689679018,0.01218011906928996,1.0,0.0,2.277326745288713,2018.0,2026.0,5.0,3.0,-2.141045056283474,-61.65293811510006,-59.51189305881659,-11.50682964921154,-51.83046608376082,-40.32363643454928,7.75,-58.57981693831004,-46.16257793782785
2040828790,2040073570,2040073570,2040073570,70.0,70.0,72431.9,72431.9,2942,0,0,2,172,832,15.0,15.0,-4.382004293993351,0.3170893258556893,0.5154895234164929,0.8369232956052104,1.0,0.0,4.843784031423073,2018.0,2026.0,5.0,3.0,-38.60150549637541,-40.18944977542191,-1.5879442790465035,-46.61490303224762,-26.77141837500812,19.843484657239497,7.75,-33.952285152638424,3.994073514767077
2040828780,2040073570,2040073570,2040073570,70.2,70.2,20562.2,756435.6,2943,0,0,1,173,833,7.0,7.0,-10.492536394562231,0.0009232934303261749,-8.696779847372655,1.216549632704481e-05,1.0,0.0,2.6524089135649653,2018.0,2026.0,5.0,3.0,6.790183698746885,-65.75285827444421,-72.5430419731911,3.7903772271802447,-51.436400738181504,-55.22677796536175,7.75,-81.29740724602632,-67.38367410832201
2040816860,2040828780,2040073570,2040073570,176.7,176.7,16.2,685210.5,2945,0,0,1,174,834,,,,,,,,,,,,,,,,,,,,,,
2040816870,2040828780,2040073570,2040073570,176.8,176.8,50661.6,50661.6,2944,0,0,2,175,835,12.0,12.0,-27.72308918855425,0.007352683142304666,-21.858030392205205,0.02992662935904836,1.0,0.0,6.571071159212324,2018.0,2026.0,5.0,3.0,-9.142179111439933,-91.8413806834344,-82.69920157199446,-35.15118924428388,-77.90617132548182,-42.754982081197944,7.75,-214.8017588052253,-169.35859277191165
2040816390,2040816860,2040073570,2040073570,181.7,181.7,135402.0,463867.1,2947,0,0,1,176,836,21.0,21.0,-16.11631333823207,8.67501592821071e-09,-15.845408239660117,2.8663914905793524e-11,1.0,0.0,4.005424260125217,2018.0,2026.0,5.0,3.0,27.963976391618964,-67.41529329531075,-95.37926968692972,29.31598363327662,-63.445634928893895,-92.76161856217051,7.75,-124.87109307925192,-122.77208848251371
2040816320,2040816860,2040073570,2040073570,181.8,181.8,221324.6,221327.0,2946,0,0,2,177,837,34.0,34.0,-38.14132643172715,0.148662382303191,-32.825813028877626,0.1629482287321531,1.0,0.0,6.8526264953077085,2018.0,2026.0,5.0,3.0,33.82406654274911,-104.83958937018342,-138.66365591293254,9.817961210150873,-107.79034357852167,-117.60830478867254,7.75,-295.5234874792275,-254.33826385139955
2040785900,2040816390,2040073570,2040073570,690.1,690.1,346812.7,346812.7,2949,0,0,1,178,838,47.0,47.0,-32.667792177662236,0.008654942742029593,-29.13249765141909,0.020710345123897016,1.0,0.0,5.835423449034088,2018.0,2026.0,5.0,3.0,30.240139106499946,-81.45895438777326,-111.6990934942732,22.96594840629124,-84.14640765427536,-107.11235606056661,7.75,-253.1138996927697,-225.72202150175505
2040785890,2040816390,2040073570,2040073570,690.1,690.1,69877.8,69877.8,2948,0,0,2,179,839,13.0,13.0,-20.101850078697478,8.844342758928793e-07,-19.060920029617215,8.063095045772392e-08,1.0,0.0,5.010590822828392,2018.0,2026.0,5.0,3.0,31.65252646041613,-77.0590022075849,-108.71152866800102,34.87829651394571,-74.15211395433884,-109.03041046828456,7.75,-155.75150095198867,-147.68625238553517
2040073580,0,2040073580,2040073580,0.0,0.0,99750.9,99750.9,2951,0,1,0,180,840,18.0,18.0,-5.716232038121639,0.0011550647292234218,-5.607456442170529,1.977347200112148e-06,1.0,0.0,2.7871681565851683,2018.0,2026.0,5.0,3.0,17.471016069948043,-22.198199602303713,-39.66921567225175,14.68958884589899,-16.424135700774183,-31.113724546673176,7.75,-44.290038789553016,-43.44723266623572
2040075160,0,2040075160,2040075160,0.0,0.0,17553.0,17553.0,2952,0,0,1,181,841,7.0,7.0,0.5590826922294863,0.7025123551779356,0.11785850817905885,0.9280345187130323,1.0,0.0,1.184940814539747,2018.0,2026.0,5.0,3.0,19.62592227303097,6.21349418582539,-13.41242808720558,18.012466703494045,7.639419067535401,-10.373047635958645,7.75,4.331838518848587,0.9131815965687518
2040075170,0,2040075170,2040075170,0.0,0.0,98658.6,98658.6,2953,0,1,0,182,842,18.0,18.0,-1.5055118733872277,0.3537717672204992,-2.7599178248800618,0.029147193800455454,0.9181534316225158,0.0,3.0761423261714786,2018.0,2026.0,5.0,3.0,6.546990307142238,-0.9302590367105328,-7.477249343852771,11.171412234840453,-3.424282592087261,-14.595694826927714,7.75,-11.664883235279547,-21.384168225627857
2040077470,0,2040077470,2040077470,0.0,0.0,23465.2,23465.8,2954,0,0,1,183,843,5.0,5.0,1.5966920227843273,0.3663550764122714,-1.3913719374537479,0.3663194492179706,0.8428265569957915,0.0,5.419930203321373,2018.0,2026.0,5.0,3.0,-1.6563405873464312,7.569087032513404,9.225427619859836,5.86185712268485,0.47843560762181464,-5.383421515063036,7.75,12.371357767226959,-10.780513574248067
2040077480,0,2040077480,2040077480,0.0,0.0,3644.6,3644.6,2955,0,1,0,184,844,3.0,3.0,2.6706164578321836,0.13837411731983568,,,0.19236878739555055,0.0,5.510434713782343,2018.0,2026.0,5.0,3.0,-1.065783312645102,9.983147277961937,11.04893059060704,,,,7.75,20.69225072050672,
2040077570,0,2040077570,2040077570,0.0,0.0,17164.2,17164.5,2956,0,0,1,185,845,5.0,5.0,1.327395212001388,0.40022454900397275,-2.5905083790406183,0.1978434684747503,0.8172186354096106,0.0,7.228186176620894,2018.0,2026.0,5.0,3.0,3.4087801714798416,5.467281431826692,2.05850126034685,13.676325221201841,-0.06218813204697978,-13.738513353248822,7.75,10.284814373617873,-20.07156389509911
2040077580,0,2040077580,2040077580,0.0,0.0,42475.6,42475.6,2957,0,1,0,186,846,13.0,13.0,3.0526887296908924,0.004964946606754906,1.4001552414347884,0.2607432425510003,0.5063990533808266,0.0,3.441627328191586,2018.0,2026.0,5.0,3.0,2.500608215979226,3.2185537762217664,0.7179455602425406,9.384477000035252,7.286522082451378,-2.0979549175838743,7.75,23.65259166331342,10.848567647530325
2040078500,0,2040078500,2040078500,0.0,0.0,17961.1,17961.4,2958,0,0,1,187,847,5.0,5.0,2.2959444983313713,0.01396601864178245,-0.43214005931894306,0.7670134684431674,0.9599676212648312,0.0,5.2639531101271695,2018.0,2026.0,5.0,3.0,11.877176817013558,11.418237742687696,-0.4589390743258619,20.027813446962323,12.333706027252601,-7.694107419709722,7.75,17.7892482690699,-3.348272054408238
2040078510,0,2040078510,2040078510,0.0,0.0,9349.8,9349.8,2959,0,1,0,188,848,4.0,4.0,3.049698583235024,0.0029117846058629524,0.6796752843883294,0.6203185010743503,0.6911567466674063,0.0,4.06341795430223,2018.0,2026.0,5.0,3.0,9.89294939509439,14.095797874954444,4.202848479860053,19.789961731459886,16.137370796961164,-3.652590934498722,7.75,23.62942365655063,5.2662041199698075
2040078740,0,2040078740,2040078740,0.0,0.0,44.1,44.1,2961,0,1,0,189,849,1.0,1.0,3.7897948036136526,0.0007995736961125975,,,0.0,0.0,,2018.0,2026.0,5.0,3.0,8.372137239202857,17.641721740365032,9.269584501162175,,,,7.75,29.363776301784085,
2040078750,0,2040078750,2040078750,0.0,0.0,46349.0,46349.2,2962,0,0,1,190,850,11.0,11.0,1.795460862768464,0.03800693954165614,-0.6781810944519684,0.6494106634995892,0.8187320096953385,0.0,6.135093381232132,2018.0,2026.0,5.0,3.0,11.037684473099263,5.821975704903217,-5.215708768196047,17.81373871549085,7.977136953272918,-9.836601762217931,7.75,13.911442139999325,-5.254626960435512
2040078760,0,2040078760,2040078760,0.0,0.0,13231.6,13231.6,2963,0,1,0,191,851,4.0,4.0,2.718543633639527,0.008397632469226028,,,0.0,0.0,,2018.0,2026.0,5.0,3.0,8.766693188331745,8.356865929010638,-0.40982725932110675,,,,7.75,21.063596121012626,
2040079310,0,2040079310,2040079310,0.0,0.0,9219.5,9219.6,2964,0,0,1,192,852,5.0,5.0,1.40301779791481,0.12235209601541541,-0.10004390128767326,0.9180572430584637,0.7399604103744625,0.0,4.093791201609995,2018.0,2026.0,5.0,3.0,9.02920994401432,-0.32846305434344636,-9.357672998357767,11.285903922670723,0.6007998803207615,-10.685104042349963,7.75,10.870747072139391,-0.7751519251036697
2040079320,0,2040079320,2040079320,0.0,0.0,87052.6,87052.6,2965,0,1,0,193,853,12.0,12.0,2.0697783029356724,0.08009659693120878,1.8712029359674993,0.10543316511230924,0.6586853023008535,0.0,1.5688731979678578,2018.0,2026.0,5.0,3.0,-3.375034377675008,2.250177700990417,5.625212078665426,8.874272284068756,7.604400302438415,-1.2698719816303408,7.75,16.036885961144293,14.498300640076724
2040081250,0,2040081250,2040081250,0.0,0.0,8758.4,8758.5,2966,0,0,1,194,854,4.0,4.0,1.7361980954609804,0.138042011028488,1.77144670624258,0.1613007506775147,1.0,0.0,0.5782788935068613,2018.0,2026.0,5.0,3.0,-2.5468622059660135,5.077655485071658,7.624517691037672,9.007790808146922,17.783010310302206,8.775219502155284,7.75,13.452267242038534,13.72537762810815
2040081260,0,2040081260,2040081260,0.0,0.0,128548.0,128548.0,2967,0,1,0,195,855,17.0,17.0,0.28177289806752803,0.7472483635419227,-0.008280234993049973,0.9927916524449666,0.9007011122423063,0.0,2.725272759215502,2018.0,2026.0,5.0,3.0,12.928329666591665,0.45350899843442133,-12.474820668157244,16.798485666626398,6.203893120633919,-10.59459254599248,7.75,2.1832095866696903,-0.06415623553821061
2040084120,0,2040084120,2040084120,0.0,0.0,104539.4,104539.4,2968,0,0,1,196,856,17.0,17.0,-4.395556474380504,1.5830524121297382e-06,-5.453597032934411,1.770434353449594e-11,0.9827883561749843,0.0,2.3254817576898934,2018.0,2026.0,5.0,3.0,26.99580047490158,-16.609214612262534,-43.60501508716411,28.660381609888695,-18.933392551293874,-47.593774161182566,7.75,-34.05728904174354,-42.25511184997778
2040084130,0,2040084130,2040084130,0.0,0.0,63996.6,63996.6,2969,0,1,0,197,857,10.0,10.0,-10.576660101305517,2.4583634503870047e-14,-10.388055754957877,6.4576791716408676e-15,0.853987257418725,0.0,1.6108357710420038,2018.0,2026.0,5.0,3.0,33.83703122292111,-44.0805674357944,-77.91759865871552,36.88450584926143,-42.09417595622919,-78.97868180549062,7.75,-81.94920762955405,-80.48787895011853
2040085500,0,2040085500,2040085500,0.0,0.0,461141.1,461141.1,2810,2,0,1,198,858,60.0,60.0,-12.764430642482004,2.984985558491214e-07,-4.543739567740151,1.3291423645923196e-06,1.0,0.0,14.677770904211512,2018.0,2026.0,5.0,3.0,24.749502689289603,-37.222188736425494,-61.97169142571509,13.119864634386122,-24.640413863293677,-37.7602784976798,7.75,-98.9003113435293,-35.205429094331635
2040085510,0,2040085510,2040085510,0.0,0.0,240892.8,240892.8,2977,2,0,1,199,859,32.0,32.0,-4.008852011178449,0.0006948062387592885,-3.958850709661532,0.0001859473637159206,1.0,0.0,1.8181789779982718,2018.0,2026.0,5.0,3.0,36.82452194677471,-16.780622365118354,-53.60514431189306,34.93641584628894,-13.637749247923201,-48.57416509421214,7.75,-31.0610573350719,-30.673641364386413
2040085520,0,2040085520,2040085520,0.0,0.0,217028.3,217028.3,2974,2,0,1,200,860,34.0,34.0,-0.5904246893046867,0.3827250478603316,-2.3212210971966396,0.004168271810814626,1.0,0.0,4.5939344876444625,2018.0,2026.0,5.0,3.0,17.503454960707067,-0.4638040917173907,-17.96725905242446,23.735131961460635,-0.2380061276003147,-23.97313808906095,7.75,-4.574680002004828,-17.98509433283091
2040085530,0,2040085530,2040085530,0.0,0.0,213875.9,213875.9,2914,2,0,1,201,861,32.0,32.0,-11.951484788942352,0.0033977855488910498,-3.467592043813367,0.11288547801036163,1.0,0.0,13.08665406614471,2018.0,2026.0,5.0,3.0,8.29021104703461,-42.05809143850249,-50.3483024855371,-9.527354332351127,-21.31171007734634,-11.784355744995214,7.75,-92.60151116415294,-26.867311386699054
2040085540,0,2040085540,2040085540,0.0,0.0,171027.7,171027.7,2975,2,0,1,202,862,27.0,27.0,-3.34167404908723,0.0002009914133399052,-4.188144718796481,1.2072097488654494e-06,1.0,0.0,2.739348356489061,2018.0,2026.0,5.0,3.0,24.763893943530185,-11.363064756380231,-36.12695869991042,27.990072166523753,-8.341269082163043,-36.3313412486868,7.75,-25.89168393953966,-32.450238341393685
2040085550,0,2040085550,2040085550,0.0,0.0,118949.4,118949.4,2911,2,0,1,203,863,16.0,16.0,-3.7705167628019245,0.1931226219160531,-7.26090552155388,0.001398274378901684,1.0,0.0,6.89407236433937,2018.0,2026.0,5.0,3.0,-1.5891885213297823,-27.316942574383134,-25.727754053053353,14.034844746338129,-34.60862654697096,-48.64347129330909,7.75,-29.21440777201765,-56.25835078986306
2040085560,0,2040085560,2040085560,0.0,0.0,103185.7,103186.7,2973,2,0,1,204,864,18.0,18.0,1.0081904866314129,0.3293682749375685,-2.393911132304468,0.042926117837871126,1.0,0.0,7.6415434309513115,2018.0,2026.0,5.0,3.0,12.353482801493445,3.941657060886912,-8.411825740606533,21.464296305518538,-1.0360411286836477,-22.500337434202187,7.75,7.8115785822502355,-18.54830528246857
2040085570,0,2040085570,2040085570,0.0,0.0,93372.4,93374.3,2924,2,0,1,205,865,16.0,16.0,-24.641397502523212,4.307369854319959e-12,-20.026513095678233,1.0774689768199927e-14,1.0,0.0,8.278984742848156,2018.0,2026.0,5.0,3.0,65.19885868933106,-88.48244753910903,-153.6813062284401,74.98885314036757,-87.31822307936748,-162.30707621973505,7.75,-190.92444882174044,-155.16778113831458
2040085580,0,2040085580,2040085580,0.0,0.0,152006.6,152006.6,2984,2,0,1,206,866,20.0,20.0,-16.412669464734755,4.091423140812362e-14,-19.175651935850144,4.586597902145662e-18,1.0,0.0,5.791159689169023,2018.0,2026.0,5.0,3.0,78.85211828984613,-56.426529587093306,-135.27864787693943,82.06441208346479,-60.64756844551773,-142.7119805289825,7.75,-127.16729523668545,-148.575208702138
2040085590,0,2040085590,2040085590,0.0,0.0,92395.2,92395.2,2926,2,0,1,207,867,14.0,14.0,-16.509731848885075,0.005697399903367903,-10.798610222675272,0.006875203202394743,1.0,0.0,6.980426513890756,2018.0,2026.0,5.0,3.0,-24.81783846390097,-34.16415081721491,-9.346312353313941,-30.993127717037755,-19.078338282085593,11.914789434952162,7.75,-127.9193460160021,-83.66890329957843
2040085620,0,2040085620,2040085620,0.0,0.0,184066.8,184066.8,2922,2,0,1,208,868,26.0,26.0,-16.183956011042103,2.0048799159321384e-07,-14.996713965883277,1.6936076889909866e-12,1.0,0.0,3.584878368174854,2018.0,2026.0,5.0,3.0,34.43054294726275,-57.554381030658924,-91.98492397792168,41.27315483038338,-68.64533935314851,-109.91849418353189,7.75,-125.39519647159248,-116.19630533456449
2040085630,0,2040085630,2040085630,0.0,0.0,72749.5,72749.5,2921,2,0,1,209,869,13.0,13.0,-15.747048182755888,1.2313974605413208e-07,-16.86020801815481,3.649585050011886e-12,1.0,0.0,3.7433792737992686,2018.0,2026.0,5.0,3.0,35.842494001859976,-51.06768140192717,-86.91017540378715,46.34905849209251,-73.97590206480163,-120.32496055689414,7.75,-122.00998318192791,-130.6348766362166
2040085640,0,2040085640,2040085640,0.0,0.0,65621.1,65621.1,2917,2,0,1,210,870,15.0,15.0,-13.35842937007713,0.00022850923971264324,-6.009697820755225,0.00037692058177177625,1.0,0.0,13.123024263775,2018.0,2026.0,5.0,3.0,19.155073441406962,-47.14494433283132,-66.30001777423828,2.366520579993738,-33.987341198075036,-36.353861778068776,7.75,-103.50268341497134,-46.56384622241557
2040085650,0,2040085650,2040085650,0.0,0.0,122643.2,122643.2,2976,2,0,1,211,871,25.0,25.0,-3.210273567193402,0.002015300525294024,-3.7904422669765543,7.37383015671337e-05,1.0,0.0,2.1166820444197203,2018.0,2026.0,5.0,3.0,31.075507106372612,-9.056319914091134,-40.131827020463746,31.1517152990232,-7.444919593544661,-38.59663489256786,7.75,-24.873577536365033,-29.368792924144145
2040085660,0,2040085660,2040085660,0.0,0.0,154260.5,154260.5,2978,2,0,1,212,872,25.0,25.0,-5.394256973146671,4.276381770243597e-05,-5.916785751965099,3.388906997201835e-08,1.0,0.0,1.6694944463228862,2018.0,2026.0,5.0,3.0,44.44201551990919,-19.285519592211728,-63.72753511212092,40.344388352489695,-18.5181775913614,-58.862565943851095,7.75,-41.79533808078051,-45.843952575116305
2040085670,0,2040085670,2040085670,0.0,0.0,113346.3,113346.3,2971,2,0,1,213,873,20.0,20.0,1.8265467394396513,0.06469223916320109,-0.4582775569754194,0.7376654611945708,0.8735725590240678,0.0,6.3603256230316,2018.0,2026.0,5.0,3.0,7.281796625009622,1.017029835356518,-6.264766789653104,16.340631382851335,2.476714603697267,-13.863916779154067,7.75,14.152299172112837,-3.5507884633550635
2040085690,0,2040085690,2040085690,0.0,0.0,52199.4,52200.3,2840,2,0,1,214,874,10.0,10.0,-29.672121575675572,0.00882664677749788,-27.829976420496237,0.00044106921542392755,1.0,0.0,2.7626272887849392,2018.0,2026.0,5.0,3.0,51.83139072840349,-71.28152574591971,-123.1129164743232,39.080969624025144,-82.50728799204977,-121.58825761607491,7.75,-229.90309119551506,-215.62993366188735
2040085700,0,2040085700,2040085700,0.0,0.0,86961.5,86961.5,2927,2,0,1,215,875,17.0,17.0,-10.560756827831094,1.1266462142740345e-06,-9.197748797536917,6.9064101658725385e-12,1.0,0.0,4.095466073566622,2018.0,2026.0,5.0,3.0,21.986422902517155,-20.20871632238046,-42.195139224897616,34.64248952824772,-27.323003224880086,-61.965492753127805,7.75,-81.82598719442025,-71.2652405120588
2040085710,0,2040085710,2040085710,0.0,0.0,88615.1,88615.1,2972,2,0,1,216,876,15.0,15.0,-0.9727978689008028,0.5182682038346206,-6.120618152279855,0.00032087518555707587,1.0,0.0,9.90177648966556,2018.0,2026.0,5.0,3.0,9.960123936576622,0.06167935545046769,-9.898444581126155,24.50652466056981,-11.172375702809788,-35.6789003633796,7.75,-7.537352413386097,-47.42327000945103
2040085720,0,2040085720,2040085720,0.0,0.0,229408.5,229408.5,2990,2,0,1,217,877,33.0,33.0,-18.06826686328209,3.207876726913233e-22,-16.310705542771863,5.174503259956634e-31,0.985192946871869,0.0,3.458139052267072,2018.0,2026.0,5.0,3.0,53.25612534041092,-70.8465639418094,-124.10268928222033,56.33495266253103,-62.939166552958085,-119.27411921548912,7.75,-139.99505879011176,-126.3772667653508
2040085730,0,2040085730,2040085730,0.0,0.0,98654.5,98654.5,2928,2,0,1,218,878,18.0,18.0,-8.354444214610604,0.002940614498790979,-5.692696638685256,4.443747009447829e-05,1.0,0.0,4.597443596305675,2018.0,2026.0,5.0,3.0,7.39589831646162,-12.331297776215756,-19.727196092677374,19.962531400713395,-13.79911814219974,-33.76164954291313,7.75,-64.73121732333473,-44.10768374395421
2040085740,0,2040085740,2040085740,0.0,0.0,123578.6,123578.6,2925,2,0,1,219,879,20.0,20.0,-10.614466039948933,7.1528062830275315e-06,-8.246939431567084,1.0861329603395262e-06,1.0,0.0,6.501756890232558,2018.0,2026.0,5.0,3.0,18.763929840949668,-30.512040483007414,-49.27597032395708,27.706219869584743,-29.761484959722548,-57.467704829307294,7.75,-82.24213249296504,-63.89825760803517
2040085750,0,2040085750,2040085750,0.0,0.0,46140.6,46140.6,2912,2,0,1,220,880,10.0,10.0,-5.736440115545999,0.17506148724348747,-8.20769362527566,0.007757241900581213,1.0,0.0,6.912005745394521,2018.0,2026.0,5.0,3.0,0.8037166274972293,-41.011612161253346,-41.81532878875058,14.794160476345336,-50.19495669046582,-64.98911716681116,7.75,-44.44661335248509,-63.59417648057527
2040085760,0,2040085760,2040085760,0.0,0.0,92262.9,92262.9,2960,2,0,1,221,881,15.0,15.0,0.48018379945217493,0.606600559404153,-0.5150102988604797,0.5789346250813923,1.0,0.0,2.9626991295663956,2018.0,2026.0,5.0,3.0,5.2015199217519195,-2.2123841549741203,-7.413904076726039,11.595293808061513,0.9109730978888978,-10.684320710172615,7.75,3.7205206090339633,-3.9903604264891377
2040085780,0,2040085780,2040085780,0.0,0.0,33599.2,33599.2,2923,2,0,1,222,882,7.0,7.0,-27.86589915492277,5.385012696233247e-12,-22.727391510524598,6.469436947896092e-19,1.0,0.0,8.085027480603365,2018.0,2026.0,5.0,3.0,75.26950024391923,-99.35216103339167,-174.6216612773109,74.8420990596782,-94.37650344042491,-169.21860250010312,7.75,-215.90826723732084,-176.09450506443426
2040085820,0,2040085820,2040085820,0.0,0.0,38614.5,38614.5,2915,2,0,1,223,883,9.0,9.0,-9.447436864638384,0.0038496485498207317,-8.646842215853797,0.0006088696328685661,1.0,0.0,1.9763319328499471,2018.0,2026.0,5.0,3.0,9.085822281981908,-42.94325527517649,-52.0290775571584,14.478926910964713,-47.202336757831766,-61.681263668796475,7.75,-73.19985305113381,-66.9967514602772
2040085830,0,2040085830,2040085830,0.0,0.0,40198.9,40198.9,2919,2,0,1,224,884,9.0,9.0,-24.677867880708323,6.137423397392132e-09,-17.25699351082961,2.4278313080149293e-14,1.0,0.0,12.585272237443284,2018.0,2026.0,5.0,3.0,61.35999135853284,-87.02215054611618,-148.38214190464902,51.93813137556778,-76.96125030626602,-128.8993816818338,7.75,-191.20702560548818,-133.7092173460583
2040085850,0,2040085850,2040085850,0.0,0.0,78300.3,78300.3,2987,2,0,1,225,885,16.0,16.0,-18.21800304811192,1.7619857052330958e-14,-18.676772536361433,3.2955141160409238e-18,1.0,0.0,2.7638742737222923,2018.0,2026.0,5.0,3.0,48.89219968782606,-62.01095217259583,-110.90315186042189,55.58853500420885,-62.249030136782125,-117.83756514099098,7.75,-141.15523237825255,-144.70983238303316
2040085880,0,2040085880,2040085880,0.0,0.0,136768.4,136768.4,2820,2,0,1,226,886,21.0,21.0,-20.888199199015318,1.0925873171538406e-23,-19.999407147341564,9.74304208114859e-24,1.0,0.0,6.070684639572994,2018.0,2026.0,5.0,3.0,87.72458629071382,-77.95671162797937,-165.6812979186932,79.45346397675803,-88.23491080268126,-167.6883747794393,7.75,-161.8442265111933,-154.95776105948428
2040085930,0,2040085930,2040085930,0.0,0.0,31554.1,31554.1,2929,2,0,1,227,887,8.0,8.0,-14.368191754448493,0.0005168099269956061,-10.512935151379015,1.3736531238779507e-05,1.0,0.0,5.309016034571629,2018.0,2026.0,5.0,3.0,29.795513230119308,-31.39546636505075,-61.19097959517006,41.116705655000715,-36.67194016185177,-77.7886458168525,7.75,-111.32644124596642,-81.45545921533912
2040085940,0,2040085940,2040085940,0.0,0.0,42691.4,42691.4,2986,2,0,1,228,888,8.0,8.0,-19.24808410171855,2.5030519736053447e-16,-20.169598864725856,1.4973982488956399e-16,1.0,0.0,2.1288430173849635,2018.0,2026.0,5.0,3.0,76.55037734376508,-70.18142542420567,-146.73180276797075,81.99894573415884,-69.65057003013725,-151.6495157642961,7.75,-149.13642165055032,-156.27642652203744
2040085960,0,2040085960,2040085960,0.0,0.0,58373.7,58373.7,2210,2,0,1,229,889,13.0,13.0,-25.80258280599808,0.00018446374364062442,-22.35345951053184,8.623061221458951e-07,0.9645826527357177,0.0,2.397440550550467,2018.0,2026.0,5.0,3.0,55.238074649882265,-61.22642134524398,-116.46449599512624,47.31146071485283,-59.66147380618247,-106.9729345210353,7.75,-199.9214492566039,-173.19723590637952
2040085990,2040073570,2040085990,2040073570,0.0,1.0,17316.3,17316.3,2940,2,0,2,230,890,5.0,5.0,-22.3880645154858,0.08069871677896977,-21.634377596665733,0.013367491528873116,1.0,0.0,2.4734543700549567,2018.0,2026.0,5.0,3.0,43.32419935123933,-34.66557002440765,-77.98976937564697,29.381788390850225,-61.75719732742743,-91.13898571827765,7.75,-173.46535955872642,-167.6257045819686
2040086100,0,2040086100,2040086100,0.0,0.0,13310.7,13310.8,2918,2,0,1,231,891,4.0,4.0,-17.653771086805797,1.5051022003296145e-06,-13.860163253012345,1.4173049109112989e-08,1.0,0.0,7.907016489079558,2018.0,2026.0,5.0,3.0,36.27316291327266,-64.10324872215419,-100.37641163542685,31.26001083477746,-62.19864200831728,-93.45865284309474,7.75,-136.78349671638716,-107.39017660787115
2040086170,0,2040086170,2040086170,0.0,0.0,55971.1,55971.1,2979,2,0,1,232,892,13.0,13.0,-0.9124406565741491,0.3365713085975993,-0.8564366490334736,0.27873241276950783,1.0,0.0,2.07760151043334,2018.0,2026.0,5.0,3.0,22.049507919630347,-3.065226109725939,-25.114734029356285,17.161180029034874,1.8957357212530308,-15.265444307781843,7.75,-7.0696976265704095,-6.6357719829287625
2040086240,0,2040086240,2040086240,0.0,0.0,15719.7,15719.7,2916,2,0,1,233,893,6.0,6.0,-9.908225905228537,0.0007927086094764398,-8.846307383082092,8.520020484715927e-06,1.0,0.0,3.202663926021318,2018.0,2026.0,5.0,3.0,9.22399311153634,-40.403792624793574,-49.62778573632991,15.03775993845328,-42.805610103814644,-57.84337004226792,7.75,-76.77010078520674,-68.54223105851423
2040086280,0,2040086280,2040086280,0.0,0.0,13302.8,13302.8,2913,2,0,1,234,894,3.0,3.0,-10.560735489349476,0.012955675379682396,-9.08771241741471,0.01156775760562524,1.0,0.0,5.337995816978276,2018.0,2026.0,5.0,3.0,14.172595935170566,-52.744394798015264,-66.91699073318583,12.079170006364397,-53.933018690857786,-66.01218869722219,7.75,-81.82582186135255,-70.41266568455478
2040086310,0,2040086310,2040086310,0.0,0.0,85379.9,85379.9,2982,2,0,1,235,895,16.0,16.0,-11.011145517786886,2.105696926670185e-08,-12.146355030428861,2.269913500313016e-17,1.0,0.0,4.661045407501043,2018.0,2026.0,5.0,3.0,47.05931862451104,-33.48301973406674,-80.54233835857778,45.94209674817936,-31.05297700402961,-76.99507375220897,7.75,-85.31565178736999,-94.1113887367931
2040086320,0,2040086320,2040086320,0.0,0.0,35419.1,35419.1,2985,2,0,1,236,896,9.0,9.0,-17.49319525841037,1.286401758817428e-16,-18.935781277118316,2.856669562616011e-17,1.0,0.0,3.853387368174075,2018.0,2026.0,5.0,3.0,76.7896999850946,-65.0349522843114,-141.824652269406,81.85527542192285,-67.13043601180208,-148.98571143372493,7.75,-135.53933629377508,-146.71666259889074
2040086330,0,2040086330,2040086330,0.0,0.0,46020.1,46020.1,2989,2,0,1,237,897,10.0,10.0,-15.446248821125964,3.1744318103528814e-25,-15.537131958763725,4.402534550905438e-27,1.0,0.0,0.9883605235357072,2018.0,2026.0,5.0,3.0,61.538194891803855,-60.14790401083806,-121.68609890264192,65.51140390634127,-57.72960302573167,-123.24100693207293,7.75,-119.67935431563718,-120.38352756550675
2040086460,0,2040086460,2040086460,0.0,0.0,29154.6,29154.6,2983,2,0,1,238,898,7.0,7.0,-18.07870423459761,7.813151353421682e-17,-20.65519489906839,1.933342646280734e-18,1.0,0.0,4.915220545752004,2018.0,2026.0,5.0,3.0,80.52694166406644,-62.205566549132215,-142.73250821319866,84.87714691437141,-66.05167476216202,-150.92882167653343,7.75,-140.0759287718309,-160.03888176417126
2040086740,0,2040086740,2040086740,0.0,0.0,24013.3,24013.3,2988,2,0,1,239,899,7.0,7.0,-21.352494538790562,4.1219037236014136e-24,-21.431686826018105,2.0793502570252556e-26,1.0,0.0,1.504584101807865,2018.0,2026.0,5.0,3.0,72.49818498281458,-78.1412225920084,-150.639407574823,79.26812662289625,-75.60795978666077,-154.87608640955702,7.75,-165.44164146414045,-166.05523262869607
2040086930,0,2040086930,2040086930,0.0,0.0,55514.1,55514.1,2981,2,0,1,240,900,9.0,9.0,-7.03799596032969,1.808871960949963e-05,-8.193867143917528,1.4216786679718168e-11,1.0,0.0,3.262220185942959,2018.0,2026.0,5.0,3.0,31.551270618990213,-14.06613575603167,-45.617406375021886,28.274149372483443,-15.030368976650285,-43.30451834913373,7.75,-54.53122126689397,-63.48704727525422
9040000010,0,9040000010,9040000010,0.0,0.0,33149.3,33149.3,9111,0,1,0,1,901,10.0,10.0,-111.31134525066709,2.587994992142186e-16,,,0.8780950405999827,1.0,165.92639959564423,2018.0,2026.0,5.0,3.0,443.94434338995325,-376.526715787529,-820.4710591774822,,,,7.75,-862.4534074178997,
9040000590,0,9040000590,9040000590,0.0,0.0,210568.0,210574.6,9112,0,0,1,2,902,30.0,30.0,20.846071905315874,0.0003941869240246967,,,1.0,1.0,218.56166608570877,2018.0,2026.0,5.0,3.0,-3.4459228847601606,59.68209609811547,63.12801898287563,,,,7.75,161.5178192800655,
9040000600,0,9040000600,9040000600,0.0,0.0,21762.4,21762.4,9113,0,1,0,3,903,6.0,6.0,-48.98845672606756,3.3187712296604813e-16,,,1.0,1.0,211.68069529587657,2018.0,2026.0,5.0,3.0,181.50848162888067,-183.41739976131484,-364.9258813901955,,,,7.75,-379.5683300062182,
9040001020,0,9040001020,9040001020,0.0,0.0,72516.5,72517.4,9114,0,0,1,4,904,13.0,13.0,35.20780998971,0.0001490791929126001,,,1.0,1.0,277.95257654812974,2018.0,2026.0,5.0,3.0,-48.12526202462836,102.29919813886603,150.4244601634944,,,,7.75,272.7942567306757,
9040001030,0,9040001030,9040001030,0.0,0.0,112690.3,112690.3,9115,0,1,0,5,905,17.0,17.0,-23.5755030762041,0.0036256329083706887,,,0.9954403824471566,1.0,232.4327042770333,2018.0,2026.0,5.0,3.0,148.45485724883184,-138.75092209588038,-287.20577934471225,,,,7.75,-182.6657733214445,
9040003270,0,9040003270,9040003270,0.0,0.0,49450.5,49450.5,9116,0,0,1,6,906,10.0,10.0,39.63635294384491,4.675822227703382e-05,,,1.0,1.0,325.6067212863454,2018.0,2026.0,5.0,3.0,-42.07999544864384,95.18891601774395,137.2689114663878,,,,7.75,307.10712890097494,
9040003280,0,9040003280,9040003280,0.0,0.0,22040.3,22040.3,9117,0,1,0,7,907,7.0,7.0,-104.77390998477608,3.9659097885818353e-08,,,1.0,1.0,530.124842569128,2018.0,2026.0,5.0,3.0,455.939989135661,-412.23974417643234,-868.1797333120933,,,,7.75,-811.8005893413178,
9040003610,0,9040003610,9040003610,0.0,0.0,35944.8,35945.2,9118,0,0,1,8,908,8.0,8.0,23.614451395655138,0.0010428209516927824,,,1.0,1.0,435.4837925549266,2018.0,2026.0,5.0,3.0,26.37213786415345,51.23938289909281,24.86724503493936,,,,7.75,182.96754948584268,
9040003620,0,9040003620,9040003620,0.0,0.0,138970.2,138970.2,9119,0,1,0,9,909,20.0,20.0,-203.08483270310637,3.338213600404943e-05,,,0.8247211464032915,1.0,553.9236568901958,2018.0,2026.0,5.0,3.0,796.5966285331582,-727.5263687460218,-1524.12299727918,,,,7.75,-1573.5251924703382,
9040005280,0,9040005280,9040005280,0.0,0.0,45147.3,45147.3,9121,0,1,0,10,910,10.0,10.0,-89.80186699745599,0.0006376960168469311,,,0.8539906316854298,1.0,587.8419730114301,2018.0,2026.0,5.0,3.0,442.14828400598935,-337.43452613524283,-779.5828101412321,,,,7.75,-695.7954376531155,
9040005760,0,9040005760,9040005760,0.0,0.0,34861.4,34861.4,9122,0,0,1,11,911,6.0,6.0,6.896321748802773,0.6791634831040074,,,1.0,1.0,544.9703138619811,2018.0,2026.0,5.0,3.0,194.7529358842151,-37.438223457860765,-232.19115934207588,,,,7.75,53.4335127970208,
9040005770,0,9040005770,9040005770,0.0,0.0,3718.2,3718.2,9123,0,1,0,12,912,3.0,3.0,-264.88249497438255,4.299595031391941e-05,,,0.6433655823552485,1.0,603.3321093897197,2018.0,2026.0,5.0,3.0,832.2539747070601,-567.5602724123511,-1399.8142471194112,,,,7.75,-2052.340755037653,
9040005880,0,9040005880,9040005880,0.0,0.0,20244.8,20244.8,9124,0,0,1,13,913,5.0,5.0,46.30275488879397,0.008049786894252222,,,1.0,1.0,549.2257226802491,2018.0,2026.0,5.0,3.0,84.9132049774443,95.86083338974225,10.94762841229796,,,,7.75,358.7591959898342,
9040005890,0,9040005890,9040005890,0.0,0.0,154297.2,154297.2,9125,0,1,0,14,914,25.0,25.0,-231.1832303752111,1.4831011988434267e-09,,,0.789184395535995,1.0,263.0461517449614,2018.0,2026.0,5.0,3.0,725.533104064208,-728.1892812394517,-1453.7223853036598,,,,7.75,-1791.2348855902737,
9040008450,0,9040008450,9040008450,0.0,0.0,24936.4,24936.4,9126,0,0,1,15,915,8.0,8.0,-56.10845958067598,5.161090959967368e-06,,,1.0,1.0,379.6936099857495,2018.0,2026.0,5.0,3.0,297.8253040875169,-278.8281134467565,-576.6534175342733,,,,7.75,-434.7349503444573,
9040008460,0,9040008460,9040008460,0.0,0.0,98004.3,98004.3,9127,0,1,0,16,916,15.0,15.0,-71.78580423209293,0.012273112586429923,,,1.0,1.0,230.39996278586514,2018.0,2026.0,5.0,3.0,443.30051075116734,-218.06421860899763,-661.364729360165,,,,7.75,-556.2048623595427,
9040009880,0,9040009880,9040009880,0.0,0.0,38332.9,38334.0,9128,0,0,1,17,917,13.0,13.0,36.46555595751166,0.2866071125667662,,,1.0,1.0,410.8188253757422,2018.0,2026.0,5.0,3.0,187.68688595709926,52.381812523524765,-135.3050734335745,,,,7.75,282.53942056059685,
9040009890,0,9040009890,9040009890,0.0,0.0,13764.6,13764.6,9129,0,1,0,18,918,2.0,2.0,-207.94751394459854,9.734262813955086e-05,,,1.0,1.0,87.08765393358108,2018.0,2026.0,5.0,3.0,1005.4089452740457,-660.6639196621926,-1666.0728649362381,,,,7.75,-1611.2018192011333,
9040010370,0,9040010370,9040010370,0.0,0.0,1680.8,1680.8,9131,0,1,0,19,919,1.0,1.0,-255.20231983142511,0.0010920868232876608,,,1.0,1.0,60.88803626903285,2018.0,2026.0,5.0,3.0,1123.8081588745124,-837.9089228312176,-1961.71708170573,,,,7.75,-1977.3376184063877,
9040010410,0,9040010410,9040010410,0.0,0.0,126486.9,126486.9,9132,0,0,1,20,920,20.0,20.0,-74.68972447141498,0.1367007802883146,,,1.0,1.0,385.87613570298527,2018.0,2026.0,5.0,3.0,433.68461194897935,-271.55575270696187,-705.2403646559412,,,,7.75,-578.7047782453235,
9040010430,0,9040010430,9040010430,0.0,0.0,7071.9,7071.9,9133,0,1,0,21,921,3.0,3.0,-236.7032347351392,0.00015272255424596587,,,1.0,1.0,75.44144443459932,2018.0,2026.0,5.0,3.0,1029.501742288896,-762.7695270496173,-1792.2712693385133,,,,7.75,-1834.0045292277728,
9040010550,0,9040010550,9040010550,0.0,0.0,129541.1,129541.1,9134,0,0,1,22,922,19.0,19.0,-26.260280266465653,0.2172181777596696,,,1.0,1.0,305.54618344290077,2018.0,2026.0,5.0,3.0,206.78749455993426,-97.34511153607805,-304.1326060960123,,,,7.75,-203.4677430639228,
9040010560,0,9040010560,9040010560,0.0,0.0,103770.1,103770.1,9135,0,1,0,23,923,17.0,17.0,-158.70943640394842,5.085978589283389e-13,,,0.9754842850307237,1.0,150.40462473439612,2018.0,2026.0,5.0,3.0,653.4071662827753,-494.738565813795,-1148.1457320965703,,,,7.75,-1229.6993977362738,
9040011740,0,9040011740,9040011740,0.0,0.0,59248.0,59248.0,9136,0,0,1,24,924,11.0,11.0,-118.26649936510918,3.140251944524718e-14,,,1.0,1.0,163.45824117087736,2018.0,2026.0,5.0,3.0,473.1054438144896,-378.7826295648213,-851.888073379311,,,,7.75,-916.3427603100863,
9040011750,0,9040011750,9040011750,0.0,0.0,10090.1,10090.1,9137,0,1,0,25,925,4.0,4.0,-489.7962850080942,5.5708619589404494e-33,,,0.9492587260635348,1.0,77.1571160100352,2018.0,2026.0,5.0,3.0,1785.088452011872,-1642.2820380077999,-3427.3704900196717,,,,7.75,-3794.9992787759247,
9040012040,0,9040012040,9040012040,0.0,0.0,92346.5,92346.5,9138,0,0,1,26,926,17.0,17.0,-40.110793781922204,2.0309087578892847e-18,,,0.9970794582747422,1.0,148.96076874045684,2018.0,2026.0,5.0,3.0,194.17263578741458,-95.17834422286336,-289.3509800102779,,,,7.75,-310.7831523691714,
9040012050,0,9040012050,9040012050,0.0,0.0,54857.8,54857.8,9139,0,1,0,27,927,10.0,10.0,-206.2904930035643,9.953788229504617e-11,,,0.7580247786251079,1.0,58.01603685697201,2018.0,2026.0,5.0,3.0,803.9420549634676,-662.5085448668835,-1466.4505998303512,,,,7.75,-1598.3630258729281,
9040013780,0,9040013780,9040013780,0.0,0.0,25973.6,25973.6,9141,0,1,0,28,928,6.0,6.0,-61.46468215315221,2.7268670128840687e-05,,,1.0,0.9305438253609524,92.44638690808496,2018.0,2026.0,5.0,3.0,304.3937326837075,-121.37836346606264,-425.77209614977016,,,,7.75,-476.23559341114515,
9040014800,0,9040014800,9040014800,0.0,0.0,61828.3,61828.6,9142,0,0,1,29,929,12.0,12.0,-51.778421257130134,1.9259536373910717e-05,,,1.0,1.0,103.96697587004907,2018.0,2026.0,5.0,3.0,252.96394764232483,-173.33377078927163,-426.2977184315964,,,,7.75,-401.1853036486743,
9040014810,0,9040014810,9040014810,0.0,0.0,21367.8,21367.8,9143,0,1,0,30,930,6.0,6.0,-63.70187770068323,2.899895653580176e-06,,,1.0,0.8477749888207308,33.616387253318244,2018.0,2026.0,5.0,3.0,302.6273899408617,-211.498624609293,-514.1260145501547,,,,7.75,-493.56964789304186,
9040015210,0,9040015210,9040015210,0.0,0.0,31742.3,31743.3,9144,0,0,1,31,931,9.0,9.0,-10.126149062332765,0.015958033773344222,,,1.0,1.0,98.93639427399837,2018.0,2026.0,5.0,3.0,97.24632784553062,-1.890877800558582,-99.1372056460892,,,,7.75,-78.45859506201704,
9040015220,0,9040015220,9040015220,0.0,0.0,75948.0,75948.0,9145,0,1,0,32,932,16.0,16.0,-22.26267873438409,7.325457260825523e-06,,,1.0,0.9869398265654367,93.52707145669127,2018.0,2026.0,5.0,3.0,137.28541494092252,-32.950985485638874,-170.2364004265614,,,,7.75,-172.4938557653853,
9040016100,0,9040016100,9040016100,0.0,0.0,20551.6,20552.8,9146,0,0,1,33,933,7.0,7.0,-7.417985835050349,0.08537432543881317,,,1.0,1.0,101.3784838460798,2018.0,2026.0,5.0,3.0,85.48271749789811,22.52545270423232,-62.957264793665786,,,,7.75,-57.47542755151947,
9040016110,0,9040016110,9040016110,0.0,0.0,89422.6,89422.6,9147,0,1,0,34,934,14.0,14.0,-124.37899615926247,1.7279980306792784e-09,,,1.0,1.0,69.15571545323688,2018.0,2026.0,5.0,3.0,491.67650720868386,-318.1657540638682,-809.842261272552,,,,7.75,-963.7031050806647,
9040017460,0,9040017460,9040017460,0.0,0.0,76520.2,76522.3,9148,0,0,1,35,935,13.0,13.0,-51.7024305508077,0.001398549963226861,,,1.0,1.0,106.81949696909179,2018.0,2026.0,5.0,3.0,254.87358629650822,-162.05111744910332,-416.9247037456115,,,,7.75,-400.5965187098858,
9040017470,0,9040017470,9040017470,0.0,0.0,19205.7,19205.7,9149,0,1,0,36,936,8.0,8.0,-101.18227976899891,1.0089879227782756e-08,,,0.947202346887188,1.0,159.58614275032178,2018.0,2026.0,5.0,3.0,427.4251816448801,-288.2700771372551,-715.6952587821352,,,,7.75,-783.972215595529,
9040018060,0,9040018060,9040018060,0.0,0.0,8668.4,8668.4,9130,0,1,0,37,937,2.0,2.0,-95.99366129751381,0.0020223740979490265,,,1.0,1.0,68.27473119600202,2018.0,2026.0,5.0,3.0,552.1661710708038,-276.9518607780083,-829.118031848812,,,,7.75,-743.7701888349462,
7040000010,0,7040000010,7040000010,0.0,0.0,227171.7,227171.7,7711,0,1,0,1,938,45.0,45.0,-0.281178265622394,0.9420363852774323,,,0.43396349427016806,0.0,1.6886923965160536,2018.0,2026.0,5.0,3.0,21.722804925148868,11.312511555274353,-10.410293369874514,,,,7.75,-2.178602304480151,
7040005410,0,7040005410,7040005410,0.0,0.0,116984.0,116984.0,7712,0,0,1,2,939,21.0,21.0,-8.573863015616146,0.06989414723046761,-8.354954532920793,0.0018234067561062855,0.9548216714295082,0.0,2.2078134685294106,2018.0,2026.0,5.0,3.0,43.98766258698778,2.9291549646374135,-41.05850762235037,33.83319673092858,-0.5763656575345587,-34.40956238846314,7.75,-66.43130002517097,-64.73517132968061
7040005420,0,7040005420,7040005420,0.0,0.0,61109.5,61109.5,7713,0,1,0,3,940,11.0,11.0,-8.06775316921764,0.07854780482173389,-4.92666485698502,0.0729299090559018,0.7499410205251285,0.0,3.5653552265072586,2018.0,2026.0,5.0,3.0,42.026310425595604,4.825472801395559,-37.20083762420005,19.323154067328755,11.167147348599874,-8.15600671872888,7.75,-62.50990135218596,-38.172379316269975
7040006390,0,7040006390,7040006390,0.0,0.0,134071.8,134071.8,7714,0,0,1,4,941,22.0,22.0,-13.583933894637273,0.0661714156850635,-9.820976419419637,1.9887273970361254e-06,0.9930903977852052,0.0,5.157576364559755,2018.0,2026.0,5.0,3.0,63.95507811728637,-9.705961778945992,-73.66103989623237,23.50181272722619,-15.628197098922287,-39.13000982614848,7.75,-105.24991901936615,-76.09408149748822
7040006400,0,7040006400,7040006400,0.0,0.0,116166.9,116166.9,7715,0,1,0,5,942,17.0,17.0,-9.072461359836357,0.0003698449528062559,-5.829138492713764,3.061249543303954e-07,0.9472860988332855,0.0,6.019944369098394,2018.0,2026.0,5.0,3.0,37.008350726070624,-10.25608239263442,-47.26443311870504,9.380953223321537,-21.465062137653277,-30.846015360974814,7.75,-70.29449869496753,-45.164851291936905
7040007380,0,7040007380,7040007380,0.0,0.0,34844.5,34844.5,7716,0,0,1,6,943,8.0,8.0,-13.958405742113948,0.0014300784332354943,-11.455052256715419,4.0434340372803857e-07,1.0,0.0,4.216152388011418,2018.0,2026.0,5.0,3.0,45.046138636065805,-4.709583123580672,-49.75572175964648,32.238046225579495,-30.62140269980019,-62.85944892537968,7.75,-108.15137097928124,-88.75509346065608
7040007390,0,7040007390,7040007390,0.0,0.0,25272.6,25272.6,7717,0,1,0,7,944,7.0,7.0,-12.37438729994533,0.0038424329442905453,-11.170622086368716,4.9936388784506314e-08,0.6043422191042409,0.0,3.8297322145321377,2018.0,2026.0,5.0,3.0,38.4721254558129,0.6794733894113077,-37.792652066401594,34.60387110156124,-30.19349898878117,-64.79737009034241,7.75,-95.87820960669482,-86.55129501553311
7040007830,0,7040007830,7040007830,0.0,0.0,77326.4,77326.4,7718,0,0,1,8,945,17.0,17.0,-15.422005881058395,0.0007611025358864595,-12.577711244110944,1.6113253805906774e-12,1.0,0.0,3.959566155033496,2018.0,2026.0,5.0,3.0,44.18217655178038,-25.61960234367989,-69.80177889546027,36.18249082413036,-48.74845933092276,-84.93095015505313,7.75,-119.4915171619309,-97.45358746292669
7040007840,0,7040007840,7040007840,0.0,0.0,116227.8,116227.8,7719,0,1,0,9,946,20.0,20.0,-6.78948888478486,0.02502873403029045,-4.635529193044712,0.00042736490848681226,0.9527197106966959,0.0,3.8556362729495306,2018.0,2026.0,5.0,3.0,18.126249091039682,-4.462334972705939,-22.58858406374562,15.79456262775435,-3.4165851011758206,-19.21114772893017,7.75,-52.605759189435055,-35.916625917362175
7040008710,0,7040008710,7040008710,0.0,0.0,5056.9,620437.5,7721,0,0,1,10,947,4.0,4.0,-4.791659311244031,0.1687861291623301,-5.0744757355641115,0.04076383653203608,1.0,0.0,1.2606583195079784,2018.0,2026.0,5.0,3.0,7.655565776317594,-7.5291416329001635,-15.184707409217758,12.855161457010848,-8.352671739558154,-21.207833196569002,7.75,-37.12634045399208,-39.31763540491838
7040707810,7040008710,7040008710,7040008710,184.0,184.0,155895.6,155895.6,7722,0,0,2,11,948,25.0,25.0,-6.70170563874364,0.0966116003870688,-4.336596256032024,0.04945571108959334,1.0,0.0,3.5296120016720174,2018.0,2026.0,5.0,3.0,11.87240884436741,-14.45996673491078,-26.332375579278192,8.725547393270299,-11.055354712487043,-19.78090210575734,7.75,-51.92560426459823,-33.60045832873546
7040707710,7040008710,7040008710,7040008710,184.2,184.2,117076.9,466505.3,7723,0,0,1,12,949,21.0,21.0,-3.246458246207272,0.6842630438093822,-3.093968645661035,0.46296282800430977,1.0,0.0,1.953019177935664,2018.0,2026.0,5.0,3.0,3.8898760947314885,-7.709033523971912,-11.5989096187034,13.495333070057598,-9.394314105938752,-22.889647175996352,7.75,-25.15394068929933,-23.972433312034852
7040632220,7040707710,7040008710,7040008710,1140.0,1140.0,69703.6,69703.6,7724,0,0,2,13,950,14.0,14.0,-1.415051659790059,0.7585197619621694,0.24699841944896705,0.9274237656758498,1.0,0.0,2.321719290390239,2018.0,2026.0,5.0,3.0,-7.931011333418077,-3.7469402013224133,4.184071132095664,-5.458818771387754,-0.5795373649353243,4.87928140645243,7.75,-10.963986850666304,1.9137728324177326
7040632150,7040707710,7040008710,7040008710,1140.1,1140.1,14353.6,285991.7,7725,0,0,1,14,951,5.0,5.0,-0.9295596127486969,0.9091179110437463,1.368805454479928,0.7527967043959789,1.0,0.0,2.9668273663982943,2018.0,2026.0,5.0,3.0,-6.68015302296012,-15.992836696428972,-9.312683673468852,-0.16535714146169694,-7.944484021993511,-7.779126880531814,7.75,-7.202337314384154,10.605665807469395
7040608130,7040632150,7040008710,7040008710,1334.3,1334.3,64724.6,64725.4,7726,0,0,2,15,952,10.0,10.0,-0.06965863611333045,0.9919854322119689,-0.5921516041984487,0.9026469040468651,1.0,0.0,2.1905191134071136,2018.0,2026.0,5.0,3.0,-10.421473880472401,-17.72666678229896,-7.305192901826558,3.666897132998224,-16.570212460963273,-20.237109593961495,7.75,-0.539723313349008,-4.588060341907214
7040607990,7040632150,7040008710,7040008710,1334.5,1334.5,23992.7,207533.3,7727,0,0,1,16,953,5.0,5.0,-2.2566483159227277,0.8139252817136831,-1.7856643019947098,0.7641475668819769,1.0,0.0,2.7222492300815735,2018.0,2026.0,5.0,3.0,-4.245269436292957,-26.91705197249497,-22.671782536202013,6.412876538031675,-24.648088808428696,-31.06096534646037,7.75,-17.48477682152312,-13.835537233798847
7040585120,7040607990,7040008710,7040008710,1542.6,1542.6,67936.1,67936.5,7728,0,0,2,17,954,13.0,13.0,-4.378812267533479,0.5148328754143688,-7.2352917464074835,0.21919406900808958,1.0,0.0,3.32668744565773,2018.0,2026.0,5.0,3.0,-6.249041029250009,-36.022611214235525,-29.773570184985516,9.739168054518705,-48.59193267580999,-58.3311007303287,7.75,-33.92755295583777,-56.059892244580915
7040585110,7040607990,7040008710,7040008710,1542.7,1542.7,115603.9,115603.9,7729,0,0,1,18,955,18.0,18.0,-5.434060436656631,0.5999776433885228,-7.910016185146301,0.3968170624504577,1.0,0.0,3.043569587215274,2018.0,2026.0,5.0,3.0,-5.117423556908124,-41.60461061316681,-36.48718705625869,13.555598570377793,-36.9331910305311,-50.48878960090889,7.75,-42.10374000202127,-61.28773662960721
7040008720,0,7040008720,7040008720,0.0,0.0,177193.6,177193.6,7741,0,1,0,19,956,31.0,31.0,-3.4105528552170536,0.1981057992641635,,,0.49467643799867933,0.0,2.558601384460224,2018.0,2026.0,5.0,3.0,12.551088282765557,17.100153097601606,4.549064814836049,,,,7.75,-26.42536503836896,
7040013170,0,7040013170,7040013170,0.0,0.0,11094.9,11095.2,7742,0,0,1,20,957,6.0,6.0,-0.0811973404785089,0.9933282823682769,-4.396414025877558,0.5877759435421551,0.6693410584116598,0.0,3.666450065134748,2018.0,2026.0,5.0,3.0,11.121769185620247,66.03837007523221,54.91660088961196,25.76596467811986,51.999076103400064,26.233111425280203,7.75,-0.6291265531941963,-34.06393345170018
7040013180,0,7040013180,7040013180,0.0,0.0,11373.5,11373.5,7743,0,1,0,21,958,5.0,5.0,10.554112463608984,0.5702663176690096,2.4517626391616574,0.8486851997544326,0.5571548794974523,0.0,2.999248599789785,2018.0,2026.0,5.0,3.0,-23.006417622154736,83.67831896574518,106.68473658789992,3.4642358153816835,58.37070859389174,54.90647277851006,7.75,81.7745058782024,18.996545568316197
7040013550,0,7040013550,7040013550,0.0,0.0,156294.6,156294.6,7744,0,0,1,22,959,25.0,25.0,0.49899114800698996,0.9673396536700317,-2.681642591037594,0.8051690901961355,0.9839411504325115,0.0,3.788277879617831,2018.0,2026.0,5.0,3.0,10.537592364417836,26.45536785513686,15.917775490719023,22.28741700454421,15.349835441398989,-6.937581563145221,7.75,3.866242159780374,-20.777682498662262
7040013560,0,7040013560,7040013560,0.0,0.0,13957.8,13957.8,7745,0,1,0,23,960,6.0,6.0,19.624074353273947,0.4277493061855815,,,0.18986137419854193,0.0,4.025001474550208,2018.0,2026.0,5.0,3.0,-44.61713872429167,71.71746327709474,116.3346020013864,,,,7.75,152.0496383840254,
7040014040,0,7040014040,7040014040,0.0,0.0,9366.0,9366.1,7746,0,0,1,24,961,4.0,4.0,16.594497277664484,0.36250418198178996,13.791935029952356,0.3658746583395481,0.812097840539549,0.0,3.9397894043337844,2018.0,2026.0,5.0,3.0,-26.782112580834973,41.5597876101211,68.34190019095607,-25.18109790880638,41.23460081986224,66.41569872866862,7.75,128.5761185374141,106.8615363032585
7040014050,0,7040014050,7040014050,0.0,0.0,3013.8,3013.8,7747,0,1,0,25,962,2.0,2.0,13.746667007860566,0.27175435865616876,,,0.15278658201443543,0.0,4.401852357903007,2018.0,2026.0,5.0,3.0,-14.541843088323992,28.732601543062085,43.274444631386075,,,,7.75,106.51079433879644,
7040014200,0,7040014200,7040014200,0.0,0.0,40894.6,40894.6,7748,0,0,1,26,963,10.0,10.0,1.2383138484041503,0.8096956245123501,-3.274185854023564,0.3786475253255101,0.9304075435017157,0.0,3.7052941531523875,2018.0,2026.0,5.0,3.0,16.96326485644758,12.07556177690609,-4.88770307954149,34.41030034322792,23.303037343983643,-11.107262999244274,7.75,9.594601481132774,-25.368777458964235
7040014210,0,7040014210,7040014210,0.0,0.0,2149.2,2149.2,7749,0,1,0,27,964,2.0,2.0,4.691851903160263,0.3349468668795698,-1.6949901477963607,0.6450481318900809,0.6520704829153652,0.0,2.8135937852018538,2018.0,2026.0,5.0,3.0,10.37920456499916,17.22561696907578,6.84641240407662,30.861738850443704,17.132981100690117,-13.728757749753587,7.75,36.35302090607404,-13.132983212220948
7040014250,0,7040014250,7040014250,0.0,0.0,45033.5,45033.5,7810,0,1,0,28,965,10.0,10.0,3.1973264011516207,0.10929709245172615,0.5081866469331295,0.8358347065286172,0.8191370131096466,0.0,1.9122159735210658,2018.0,2026.0,5.0,3.0,7.379205784665183,25.264865699066792,17.885659914401607,28.482100793548124,36.010738441160086,7.528637647611962,7.75,24.773261369634735,3.9374899680239746
7040014930,0,7040014930,7040014930,0.0,0.0,12236.9,651407.2,7821,0,0,1,29,966,4.0,4.0,7.1155128459853785,1.2069295402147566e-06,6.91568633327795,0.00042806184288432606,1.0,0.0,2.127713857410481,2018.0,2026.0,5.0,3.0,-13.214552850258167,30.012632606854226,43.22718545711239,7.8663155205545205,45.18610761637566,37.319792095821136,7.75,55.1318312228299,53.58355187728022
7040394690,7040014930,7040014930,7040014930,110.2,110.2,11295.1,610224.8,7823,0,0,1,30,967,4.0,4.0,4.232456312195133,0.0005377694200228196,3.1477239083222788,0.05282218670519086,1.0,0.0,1.3431729732103388,2018.0,2026.0,5.0,3.0,-5.395821893088998,15.701662247930216,21.097484141019216,14.358510265378817,34.26704356229809,19.908533296919273,7.75,32.793569783743266,24.38893541561136
7040394680,7040014930,7040014930,7040014930,110.3,110.3,28949.1,28949.1,7822,0,0,2,31,968,9.0,9.0,3.52994768539628,0.011005325041488089,1.712948184046823,0.4558896021414262,1.0,0.0,2.33696381906071,2018.0,2026.0,5.0,3.0,-1.102936074552602,22.878142442922723,23.981078517475325,24.145104474655643,37.10614099446052,12.961036519804875,7.75,27.350450238662486,13.272124191245748
7040395190,7040394690,7040014930,7040014930,285.3,285.3,40842.7,571393.9,7825,0,0,1,32,969,9.0,9.0,-3.564381002094791,0.004902080740234479,-5.418028466308428,0.003606887329245772,1.0,0.0,1.7434310322486979,2018.0,2026.0,5.0,3.0,19.216641137576126,-10.037763508050482,-29.254404645626607,33.16156497324522,17.744052287488632,-15.417512685756588,7.75,-27.617243630193727,-41.97952240835825
7040395340,7040394690,7040014930,7040014930,285.4,285.4,27728.4,27728.4,7824,0,0,2,33,970,6.0,6.0,-1.6245313794282268,0.27382839926409575,-3.7951299591969994,0.09278781710350421,1.0,0.0,1.643743550839117,2018.0,2026.0,5.0,3.0,14.331735985292218,3.325084694296644,-11.006651290995574,33.974794076373776,28.505602250422328,-5.469191825951448,7.75,-12.587060379964084,-29.405113715338832
7040379430,7040395190,7040014930,7040014930,489.9,489.9,269628.2,269628.2,7826,0,0,2,34,971,36.0,36.0,-15.541713692704,0.000481327661664073,-12.995653440613573,0.0019482467702924462,1.0,0.0,3.663558707229051,2018.0,2026.0,5.0,3.0,46.40300607695735,-23.979051616822208,-70.38205769377956,46.33988781129424,1.908728634415181,-44.431159176879056,7.75,-120.41902737947248,-100.69185280475403
7040379310,7040395190,7040014930,7040014930,490.0,490.0,50865.5,260938.7,7827,0,0,1,35,972,11.0,11.0,-6.3071223949599045,0.00026942329722660615,-5.918033290014712,0.026526625444903074,1.0,0.0,2.3582603332500462,2018.0,2026.0,5.0,3.0,25.088841988909792,-5.133441198486882,-30.222283187396673,26.35798457749346,17.399236142912674,-8.958748434580787,7.75,-48.86832683842993,-45.85361864679435
7040388580,7040379310,7040014930,7040014930,793.3,793.3,36185.5,36186.1,7828,0,0,2,36,973,9.0,9.0,-7.5720634601374845,0.03346187753884862,-10.115175978350798,0.010550682356358391,1.0,0.0,3.636104555287906,2018.0,2026.0,5.0,3.0,27.746583775429134,-11.18756616722734,-38.934149942656475,32.914526476011375,-4.903522233232947,-37.81804870924432,7.75,-58.66923912988113,-78.3735743154901
7040388740,7040379310,7040014930,7040014930,793.5,793.5,191669.7,191669.7,7829,0,0,1,37,974,29.0,29.0,-6.638681408243123,0.3527006549692775,-9.099053202246726,0.3124815177361144,1.0,0.0,3.3883515004029285,2018.0,2026.0,5.0,3.0,21.147216791389177,-19.509705973787423,-40.6569227651766,34.19900090841557,5.3574113511189765,-28.841589557296594,7.75,-51.43728510698984,-70.50053542055643
7040014940,0,7040014940,7040014940,0.0,0.0,52968.8,52968.8,7831,0,1,0,38,975,10.0,10.0,1.2206273238952363,0.6079077117559208,3.405511175394711,0.14289770216237946,1.0,0.0,2.04832360691449,2018.0,2026.0,5.0,3.0,9.907177284594939,18.82240626408964,8.915228979494701,24.14384263221174,43.44345002618633,19.299607393974593,7.75,9.45756420704591,26.386301509560663
7040016260,0,7040016260,7040016260,0.0,0.0,230828.6,230830.7,7832,0,0,1,39,976,34.0,34.0,-39.94407670418652,0.1220767734682526,-34.8830077086984,1.4058143254572482e-06,1.0,0.0,7.404450226556983,2018.0,2026.0,5.0,3.0,91.54803676943524,-80.59794339882023,-172.14598016825548,103.46091660283852,-75.87162109211796,-179.3325376949565,7.75,-309.4914088236766,-270.2776504192101
7040016270,0,7040016270,7040016270,0.0,0.0,140022.4,140022.4,7833,0,1,0,40,977,20.0,20.0,-38.050793863416374,0.017924717435431402,-37.378033424734866,2.026240081629159e-06,0.9178649328870918,0.0,4.751832250537945,2018.0,2026.0,5.0,3.0,108.17715862598145,-93.47368330989816,-201.6508419358796,138.5561352409091,-85.75718439881497,-224.31331963972406,7.75,-294.8220304817751,-289.6094034004098
7040019010,0,7040019010,7040019010,0.0,0.0,51785.6,51785.6,7834,0,0,1,41,978,11.0,11.0,-15.763389321648017,0.12814499922153091,-16.4079946809917,1.8544363801019604e-05,1.0,0.0,5.6506356108841675,2018.0,2026.0,5.0,3.0,24.144723696505963,4.906503817196665,-19.238219879309298,61.95509236674485,-17.693652466159342,-79.64874483290419,7.75,-122.13659624986691,-127.13107446189325
7040019020,0,7040019020,7040019020,0.0,0.0,4770.4,4770.4,7835,0,1,0,42,979,2.0,2.0,-6.297738475833,0.13919972752998896,-6.623125784546907,0.26767587763992584,1.0,0.0,10.4293983366821,2018.0,2026.0,5.0,3.0,16.395763384284987,33.739000807489276,17.34323742320429,61.06242506560915,71.29291636511722,10.230491299508074,7.75,-48.79561912828855,-51.316758303265566
7040019190,0,7040019190,7040019190,0.0,0.0,19829.4,19829.5,7836,0,0,1,43,980,6.0,6.0,-42.95529477908051,0.016169601599392406,,,1.0,0.24953412851684784,8.773656563278607,2018.0,2026.0,5.0,3.0,139.44826218689698,-54.92885795843466,-194.37712014533165,,,,7.75,-332.8226809713836,
7040019200,0,7040019200,7040019200,0.0,0.0,37005.7,37005.7,7837,0,1,0,44,981,6.0,6.0,-103.53117446433131,3.4753748986033294e-05,,,1.0,0.7565657413630517,6.679867066327117,2018.0,2026.0,5.0,3.0,374.7671326319157,-190.24363516841436,-565.0107678003301,,,,7.75,-802.1717282246616,
7040020090,0,7040020090,7040020090,0.0,0.0,50659.2,50659.2,7838,0,0,1,45,982,11.0,11.0,-74.32953858617421,0.010103865118437375,,,1.0,0.4998517614344685,5.45684801792615,2018.0,2026.0,5.0,3.0,274.2939413165716,-143.79900204599315,-418.0929433625647,,,,7.75,-575.914015602664,
7040020100,0,7040020100,7040020100,0.0,0.0,76116.4,76116.4,7839,0,1,0,46,983,8.0,8.0,-132.52193765163054,6.491092882486426e-05,,,1.0,0.9178405885564379,28.75891708500018,2018.0,2026.0,5.0,3.0,599.7194767974999,-375.36675153701555,-975.0862283345155,,,,7.75,-1026.7955744123599,
7040021430,0,7040021430,7040021430,0.0,0.0,2721.6,2721.6,7111,0,1,0,47,984,2.0,2.0,0.28380967453018013,0.9252451851843446,1.9541328667906068,0.5668772201362084,1.0,0.0,5.143991020341048,2018.0,2026.0,5.0,3.0,-25.837791207351536,5.6701894345599415,31.507980641911477,-13.981011725150571,36.212765621565474,50.19377734671605,7.75,2.1989907704870904,15.140851507234546
7040021550,0,7040021550,7040021550,0.0,0.0,7887.0,7887.2,7112,0,0,1,48,985,5.0,5.0,-2.9024928512501935,0.4217153481456665,-5.2710181909195555,0.1781445551313834,1.0,0.0,2.627471093159136,2018.0,2026.0,5.0,3.0,-25.859548038632063,3.954685527397293,29.814233566029355,-4.825732488828137,15.28958257598899,20.115315064817125,7.75,-22.48885631495701,-40.840469487480746
7040021560,0,7040021560,7040021560,0.0,0.0,2332.3,2332.3,7113,0,1,0,49,986,2.0,2.0,-2.3212971718128124,0.4826133072107769,-1.6385849857885262,0.6165254487700995,1.0,0.0,3.857689466924428,2018.0,2026.0,5.0,3.0,-20.803137861073868,12.599591668023107,33.40272952909697,-9.384285693790279,30.094411324611585,39.47869701840186,7.75,-17.9856837679131,-12.695949376540806
7040021620,0,7040021620,7040021620,0.0,0.0,50244.2,50244.2,7114,0,0,1,50,987,11.0,11.0,-14.618143663743597,0.014022132339622937,-18.06681492700744,0.0007332232381012405,1.0,0.0,4.551188148351491,2018.0,2026.0,5.0,3.0,-4.900613693513238,-23.604044084438584,-18.703430390925348,12.978020820181197,-24.83070474709095,-37.80872556727215,7.75,-113.26309806541926,-139.9838090169228
7040021630,0,7040021630,7040021630,0.0,0.0,566.7,566.7,7115,0,1,0,51,988,2.0,2.0,-0.1476657489282518,0.9624135570378008,3.0139431729590607,0.3204435717848825,1.0,0.0,5.818281525356413,2018.0,2026.0,5.0,3.0,-21.92001604789479,16.569442697786762,38.48945874568155,-16.791012778982218,42.14258003570058,58.9335928146828,7.75,-1.1441316070279333,23.352386528334407
7040021690,0,7040021690,7040021690,0.0,0.0,13992.0,13992.4,7116,0,0,1,52,989,5.0,5.0,-10.988347147492108,0.006138090370429437,-11.83489736207112,0.0011852161470885508,1.0,0.0,3.844620705728541,2018.0,2026.0,5.0,3.0,-0.6016509575093565,-13.691097895138112,-13.089446937628756,12.035414360318871,-4.577465612257202,-16.612879972576074,7.75,-85.13900733032901,-91.69817805519855
7040021700,0,7040021700,7040021700,0.0,0.0,676.1,676.1,7117,0,1,0,53,990,1.0,1.0,0.4194010094264682,0.8925820347526783,4.2277156798148425,0.1593574320644291,1.0,0.0,6.329769614517195,2018.0,2026.0,5.0,3.0,-22.211392261087894,17.60511531960219,39.816507580690086,-18.723313110123055,45.285760569059555,64.0090736791826,7.75,3.2495683961037782,32.75683880595758
7040021740,0,7040021740,7040021740,0.0,0.0,302496.3,302499.9,7118,0,0,1,54,991,44.0,44.0,-25.642777237992068,0.17785824512756707,-17.525169893120776,0.028957117229567356,1.0,0.0,12.321176563642092,2018.0,2026.0,5.0,3.0,42.19978699746129,-63.11936775346666,-105.31915475092795,29.10070934097008,-48.61609405213179,-77.71680339310187,7.75,-198.6832569021699,-135.7870795278078
7040021750,0,7040021750,7040021750,0.0,0.0,17796.6,17796.6,7119,0,1,0,55,992,4.0,4.0,-10.11831946726225,0.014968689606829752,-4.222717383666336,0.09593710538317796,1.0,0.0,7.664670111120029,2018.0,2026.0,5.0,3.0,5.277852466631481,-23.94438033734217,-29.222232803973654,4.5937215736584065,5.027074082914532,0.43335250925612545,7.75,-78.39793043765138,-32.71811141896162
7040022240,0,7040022240,7040022240,0.0,0.0,107600.2,1004347.4,7121,0,0,1,56,993,19.0,19.0,-19.19348581225807,0.022822504025359024,-15.106225023150904,0.0003503898669264559,0.9438322715157001,0.0,6.524829714386955,2018.0,2026.0,5.0,3.0,27.672773048654214,-55.86724219528802,-83.54001524394224,20.221156080607606,-49.07191755619079,-69.2930736367984,7.75,-148.71338767608583,-117.04480989874622
7040192420,7040022240,7040022240,7040022240,739.9,739.9,84614.3,335029.5,7123,0,0,1,57,994,14.0,14.0,-15.427750763813393,0.012208840565073846,-9.717227239760753,0.005767024996234233,0.9973737080866814,0.0,8.69508104708175,2018.0,2026.0,5.0,3.0,27.124459576156617,-45.93301291778004,-73.05747249393666,11.349915629478854,-50.68777073196063,-62.037686361439484,7.75,-119.53602918984778,-75.29022063935095
7040192560,7040022240,7040022240,7040022240,740.0,740.0,586387.2,586387.2,7122,0,0,2,58,995,65.0,65.0,-13.281179299715037,0.326857772623329,-9.41660601881597,0.007128827607344357,0.9903016077735737,0.0,4.964414792606635,2018.0,2026.0,5.0,3.0,26.35649048387888,-37.53365228940087,-63.89014277327975,29.751712115731074,-22.88222313617632,-52.633935251907396,7.75,-102.9041407753417,-72.96097202806078
7040194860,7040192420,7040022240,7040022240,1457.6,1457.6,153257.2,153257.2,7124,0,0,2,59,996,25.0,25.0,-14.375118923330362,0.023074131226728738,-8.87460542038993,0.012508717574721473,1.0,0.0,5.976876623094818,2018.0,2026.0,5.0,3.0,22.74596180449198,-16.2550954225197,-39.001057227011685,18.037057347248656,-6.855394542924504,-24.89245189017316,7.75,-111.380113765982,-68.76148758303492
7040194980,7040192420,7040022240,7040022240,1457.8,1457.8,37659.0,131442.0,7125,0,0,1,60,997,9.0,9.0,-11.121188523131938,0.015913497832270074,-8.31113391531378,0.0086283133829863,1.0,0.0,2.383684506476723,2018.0,2026.0,5.0,3.0,43.99947283425914,-18.096851039457068,-62.0963238737162,45.72179486525856,-6.873301207375786,-52.59509607263435,7.75,-86.1682779478806,-64.39564402556604
7040256540,7040194980,7040022240,7040022240,2161.3,2161.3,50559.8,50559.8,7126,0,0,2,61,998,11.0,11.0,-19.81651777274073,0.02018223560910043,-17.030396160327175,0.0034292995985981626,1.0,0.0,3.429274667954124,2018.0,2026.0,5.0,3.0,40.93161172445648,-24.532387927686187,-65.46399965214266,41.45512279870657,-17.682130696270672,-59.137253494977244,7.75,-153.54071265395282,-131.95351439760688
7040256690,7040194980,7040022240,7040022240,2161.5,2161.5,17885.8,61815.7,7127,0,0,1,62,999,7.0,7.0,-11.773825924097112,0.011105726237949334,-11.893187322467963,0.026960812700884323,1.0,0.0,1.1691272176964118,2018.0,2026.0,5.0,3.0,32.816079331797624,27.2119507105601,-5.604128621237525,33.56888338188646,35.04949725575411,1.4806138738676538,7.75,-91.2249893639831,-92.1498155306895
7040282770,7040256690,7040022240,7040022240,2466.3,2466.3,28557.8,28558.6,7128,0,0,2,63,1000,7.0,7.0,-15.881350246448367,0.006176379152682931,-13.984748819397895,0.03552726939122288,1.0,0.0,4.166885123622611,2018.0,2026.0,5.0,3.0,42.85942499060532,9.698581605608846,-33.160843384996475,42.628215417523805,22.95953085689905,-19.668684560624754,7.75,-123.05057138247469,-108.35548024338411
7040282720,7040256690,7040022240,7040022240,2466.4,2466.4,24883.9,24883.9,7129,0,0,1,64,1001,8.0,8.0,-24.342103713615856,0.02271549942312681,-22.99033127023824,0.010031386828715825,1.0,0.0,2.5876042716778747,2018.0,2026.0,5.0,3.0,60.82900192571623,-32.80362443250051,-93.63262635821674,61.51290838216371,-29.301864153320782,-90.8147725354845,7.75,-188.6054853101516,-178.13179327795817
7040022250,0,7040022250,7040022250,0.0,0.0,249.0,249.0,7131,0,1,0,65,1002,2.0,2.0,-12.44061413791577,0.01990705188414961,-5.96573776380308,0.015312104151220996,1.0,0.0,9.05993926447719,2018.0,2026.0,5.0,3.0,13.473440248661973,-35.22186906599244,-48.695309314654416,15.073118506678663,-6.9926763569517645,-22.065794863630426,7.75,-96.3913429440154,-46.223238525839065
7040022270,0,7040022270,7040022270,0.0,0.0,107549.9,107549.9,7132,0,0,1,66,1003,18.0,18.0,-14.30035881098394,0.036594140437319476,-8.46447160514784,0.0006172364114951626,1.0,0.0,7.866011941576877,2018.0,2026.0,5.0,3.0,18.34083510960161,-42.80591634183486,-61.14675145143647,16.57663272369154,-19.243620427836557,-35.82025315152809,7.75,-110.80086361419454,-65.58372249847609
7040022280,0,7040022280,7040022280,0.0,0.0,29723.3,29723.3,7133,0,1,0,67,1004,7.0,7.0,-6.15217939349003,0.14129132461942534,-1.9039825141811777,0.4229273567027288,1.0,0.0,5.45991840639433,2018.0,2026.0,5.0,3.0,1.182218805228445,-5.2220150648456825,-6.404233870074128,8.241353324569001,14.14999094392733,5.908637619358329,7.75,-47.66781022197614,-14.752280671136846
7040022840,0,7040022840,7040022840,0.0,0.0,101172.5,101172.5,7134,0,0,1,68,1005,20.0,20.0,-4.847884421750621,0.2725346246326799,1.3033585323790478,0.4676349753885518,1.0,0.0,9.649295122679325,2018.0,2026.0,5.0,3.0,-2.2521133409717145,-9.475801138984226,-7.223687798012511,-2.685333062466161,12.989091177319326,15.674424239785488,7.75,-37.56197922944355,10.098575350123765
7040022850,0,7040022850,7040022850,0.0,0.0,202210.7,202210.7,7135,0,1,0,69,1006,27.0,27.0,3.825819983089911,0.18487650795286684,11.023572695149298,7.392169230824225e-07,1.0,0.0,11.832810870265536,2018.0,2026.0,5.0,3.0,-14.40814197088645,51.83835641520176,66.2464983860882,-24.066238964608452,73.7728162263927,97.83905519100117,7.75,29.642903633523474,85.41193902059553
7040024290,0,7040024290,7040024290,0.0,0.0,134726.8,134726.8,7136,0,0,1,70,1007,26.0,26.0,-6.71814534108448,0.009275792245158797,2.506860609681255,0.07010234113439649,0.9904212585704166,0.0,16.73475740469895,2018.0,2026.0,5.0,3.0,27.517810146626424,26.218688307974617,-1.299121838651807,0.5100879543205487,37.59206710395039,37.081979149629845,7.75,-52.05298101374149,19.42345113045298
7040024300,0,7040024300,7040024300,0.0,0.0,6812.3,6812.3,7137,0,1,0,71,1008,4.0,4.0,4.585935503543766,0.11543964482432463,8.799108522987346,0.00014843533992171739,1.0,0.0,8.007535110735887,2018.0,2026.0,5.0,3.0,0.9405386389256496,73.22119094681389,72.28065230788825,-10.52549496349823,65.66992409225479,76.19541905575302,7.75,35.53236817256361,68.17652873389238
7040024580,0,7040024580,7040024580,0.0,0.0,107727.2,107727.4,7138,0,0,1,72,1009,18.0,18.0,-12.539857511743527,2.367055942425211e-06,-8.056607265346008,2.167748775826575e-05,1.0,0.0,8.60601012340574,2018.0,2026.0,5.0,3.0,39.6945428602701,6.955701049754507,-32.73884181051559,29.549706421230052,-11.412664276467886,-40.962370697697935,7.75,-97.1602922881155,-62.423541576808226
7040024590,0,7040024590,7040024590,0.0,0.0,94.7,94.8,7139,0,1,0,73,1010,1.0,1.0,0.6909418332172557,0.7733766052554368,5.6356626660402975,0.0020336673197338512,1.0,0.0,12.477346712166753,2018.0,2026.0,5.0,3.0,10.815081774257123,47.8373419245084,37.02226015025128,-9.76323182391393,38.79269325745995,48.555925081373886,7.75,5.353498666679901,43.66577780942927
7040024600,0,7040024600,7040024600,0.0,0.0,44387.2,44387.2,7211,0,1,0,74,1011,10.0,10.0,-5.826948306462874,0.008542347981399363,-3.0578270433792465,0.02962119059486563,1.0,0.0,5.572946086211596,2018.0,2026.0,5.0,3.0,20.095947051759474,3.826960161889898,-16.268986889869577,13.042952914033984,-6.0570211027997045,-19.099974016833688,7.75,-45.14788147101967,-23.69240392269204
7040024830,0,7040024830,7040024830,0.0,0.0,66053.7,66053.7,7212,0,0,1,75,1012,13.0,13.0,-5.718571187539144,0.029243735016114405,-2.0490553485904197,0.08938647099574529,1.0,0.0,6.510049952303314,2018.0,2026.0,5.0,3.0,13.769339495990584,-13.018038164476819,-26.787377660467403,11.083836672882024,-3.557001466088322,-14.640838138970345,7.75,-44.308162794622255,-15.87632207121393
7040024840,0,7040024840,7040024840,0.0,0.0,21448.5,21448.5,7213,0,1,0,76,1013,7.0,7.0,-4.629446370663551,0.059861293495394284,-0.9322566047731985,0.5497588802167549,1.0,0.0,4.995864367688117,2018.0,2026.0,5.0,3.0,16.79120001417346,-4.08614236396803,-20.87734237814149,8.990794595973743,-4.9583568273017855,-13.949151423275527,7.75,-35.869495493436965,-7.223233926100347
7040024890,0,7040024890,7040024890,0.0,0.0,41987.4,41987.4,7214,0,0,1,77,1014,11.0,11.0,-8.818195293302162,0.00243764814966705,-4.87937524664496,0.04478945699446687,1.0,0.0,4.629344038192479,2018.0,2026.0,5.0,3.0,28.533769961414617,-15.05789935044078,-43.5916693118554,21.973171930500392,-6.035547673152563,-28.008719603652956,7.75,-68.32441527733093,-37.80597384806362
7040024900,0,7040024900,7040024900,0.0,0.0,13085.6,13085.6,7215,0,1,0,78,1015,5.0,5.0,-3.3156751646149196,0.2936012628496561,1.6255582500202406,0.4480966123424114,1.0,0.0,6.624211602047037,2018.0,2026.0,5.0,3.0,15.054582675055713,6.0816790483572705,-8.972903626698443,6.0347686815104,-3.16976058868182,-9.20452927019222,7.75,-25.690241521862347,12.595016694202002
7040025090,0,7040025090,7040025090,0.0,0.0,46089.4,46090.7,7216,0,0,1,79,1016,11.0,11.0,-10.652669255872638,0.006374279389056527,-5.837603306049973,0.04636524217189985,1.0,0.0,3.7928099063351994,2018.0,2026.0,5.0,3.0,33.69725900608595,-20.728459486323775,-54.42571849240973,23.137899637450637,-13.602586922206134,-36.74048655965677,7.75,-82.53813550751421,-45.23043766220787
7040025100,0,7040025100,7040025100,0.0,0.0,16110.6,16110.6,7217,0,1,0,80,1017,6.0,6.0,-2.360979968660857,0.44705112242073203,3.1763852349500454,0.1375799817507729,1.0,0.0,3.1109748624112985,2018.0,2026.0,5.0,3.0,9.730839953919274,8.246769665434625,-1.4840702884846486,5.6658106162682,-0.8923389575179819,-6.5581495737861815,7.75,-18.29315074965154,24.61100674855203
7040025560,0,7040025560,7040025560,0.0,0.0,96572.3,96572.3,7218,0,0,1,81,1018,18.0,18.0,-12.927789685268193,0.001014938715208021,-7.726535104258341,0.004289543518274563,1.0,0.0,1.802641321000961,2018.0,2026.0,5.0,3.0,37.862213483626114,-34.9382700901148,-72.8004835737409,25.009219930773828,-21.378423359611748,-46.387643290385576,7.75,-100.16603643890208,-59.86610361410296
7040025570,0,7040025570,7040025570,0.0,0.0,226570.2,226570.2,7219,0,1,0,82,1019,31.0,31.0,-13.155135853913523,1.5337452307455017e-07,-10.574766765942403,6.202788187146357e-06,0.9447314793787623,0.0,3.4927640341486756,2018.0,2026.0,5.0,3.0,44.87016954198357,-52.13212808163223,-97.0022976236158,36.408418777568805,-36.40169999768991,-72.81011877525872,7.75,-101.92754131848123,-81.93453784426283
7040027430,0,7040027430,7040027430,0.0,0.0,21775.6,21775.6,7221,0,1,0,83,1020,7.0,7.0,-9.358394865880046,3.3415818459929564e-06,-11.551044457760282,2.4731376326261685e-06,0.7971626624544554,0.0,2.760945144905282,2018.0,2026.0,5.0,3.0,44.75078853569697,-38.888796080071366,-83.63958461576834,47.61634209016896,-34.61203735755569,-82.22837944772465,7.75,-72.50994516205483,-89.49885233528158
7040028070,0,7040028070,7040028070,0.0,0.0,40952.3,40952.6,7222,0,0,1,84,1021,9.0,9.0,-15.422675558896854,1.051701864920122e-11,-16.084363663627435,1.4461953267910737e-08,1.0,0.0,3.142930709620123,2018.0,2026.0,5.0,3.0,64.2295788897627,-63.30104205794364,-127.53062094770635,60.0513698165082,-49.802233025551196,-109.85360284205939,7.75,-119.49670590466283,-124.62354323905721
7040028080,0,7040028080,7040028080,0.0,0.0,13355.8,13355.8,7223,0,1,0,85,1022,4.0,4.0,-13.292241340978174,2.9358948267266257e-10,-12.517889801201436,4.41036637776538e-08,0.818241569285547,0.0,2.3880446049524884,2018.0,2026.0,5.0,3.0,62.54640109596422,-50.76301936033898,-113.3094204563032,58.40241177995016,-32.72870038875729,-91.13111216870745,7.75,-102.98985077335588,-96.99008388062988
7040028410,0,7040028410,7040028410,0.0,0.0,41857.0,41858.0,7224,0,0,1,86,1023,8.0,8.0,-16.998147847461833,2.7366263174802086e-10,-13.546231878587644,6.2890868068421755e-06,1.0,0.0,5.284597328171691,2018.0,2026.0,5.0,3.0,69.3367647123304,-68.46308307890615,-137.79984779123657,56.78730769338797,-36.632735820215814,-93.42004351360379,7.75,-131.70365067301023,-104.95779936044636
7040028420,0,7040028420,7040028420,0.0,0.0,11022.4,11022.4,7225,0,1,0,87,1024,4.0,4.0,-12.576862632169863,7.778076490753098e-09,-8.370319298820746,1.0775124413415216e-05,1.0,0.0,5.171669278931066,2018.0,2026.0,5.0,3.0,61.5996380154658,-44.894840293772354,-106.49447830923816,47.25623865011264,-16.720706076229067,-63.97694472634171,7.75,-97.44701231770216,-64.85421934473023
7040028670,0,7040028670,7040028670,0.0,0.0,135537.2,135538.5,7226,0,0,1,88,1025,19.0,19.0,-18.319141997977948,1.729488278582896e-06,-10.271180791690806,3.3655548982762084e-05,1.0,0.0,5.037774147173093,2018.0,2026.0,5.0,3.0,63.26666368689816,-56.38659142529568,-119.65325511219385,40.14176061438823,-27.31798473242795,-67.45974534681618,7.75,-141.93886886865872,-79.58231797531823
7040028680,0,7040028680,7040028680,0.0,0.0,51743.6,51743.6,7227,0,1,0,89,1026,12.0,12.0,-10.969543859902751,7.079226870384051e-06,-2.4852751286373573,0.1107868896890322,1.0,0.0,6.811443718049764,2018.0,2026.0,5.0,3.0,50.52508172729625,-34.14398549213441,-84.66906721943066,27.604954027384842,-16.00306055160733,-43.60801457899217,7.75,-84.99331724442105,-19.256204282118336
7040029000,0,7040029000,7040029000,0.0,0.0,40742.0,40742.0,7228,0,0,1,90,1027,9.0,9.0,-11.873576479834956,6.975448456361102e-06,-3.359696933133521,0.04254006334796598,1.0,0.0,3.420675942537171,2018.0,2026.0,5.0,3.0,50.764561677265284,-32.730617969827115,-83.4951796470924,27.5945754579474,-30.9784880568686,-58.573063514816,7.75,-91.99786841323183,-26.03132736692092
7040029010,0,7040029010,7040029010,0.0,0.0,14822.7,14822.7,7229,0,1,0,91,1028,5.0,5.0,0.24520700806689177,0.8936552202089032,5.133302202627384,0.0035482841009307543,1.0,0.0,3.1880562882317265,2018.0,2026.0,5.0,3.0,21.708205764871597,3.799408879739595,-17.908796885132002,-3.4412745627979833,-3.0263040704305504,0.4149704923674329,7.75,1.8998927661308795,39.77342979722244
7040029460,0,7040029460,7040029460,0.0,0.0,103116.9,103116.9,7231,0,1,0,92,1029,18.0,18.0,-11.05725827824841,6.003252793840843e-06,-3.5789816181833576,0.023930794235483693,1.0,0.0,3.175786863009735,2018.0,2026.0,5.0,3.0,46.6293791910869,-29.762328895435918,-76.39170808652281,27.280940677985647,-27.79782873687314,-55.07876941485878,7.75,-85.67293888416975,-27.730370922543198
7040031660,0,7040031660,7040031660,0.0,0.0,14658.4,14658.4,7232,0,0,1,93,1030,4.0,4.0,-23.460964772693153,1.0048017200018735e-08,-15.7330696243792,3.7773161945678085e-12,1.0,0.0,6.426630377775132,2018.0,2026.0,5.0,3.0,74.19497351096155,-60.76029760064775,-134.9552711116093,59.21741266691085,-46.86052300805948,-106.07793567497033,7.75,-181.77831706152395,-121.90167566596341
7040031670,0,7040031670,7040031670,0.0,0.0,3811.8,3811.8,7233,0,1,0,94,1031,4.0,4.0,-22.666621369387556,4.283314588779588e-09,-15.526194067347031,5.798564219886255e-13,1.0,0.0,8.650348252970861,2018.0,2026.0,5.0,3.0,72.64200619970784,-57.5077940569438,-130.14980025665164,56.890450744095475,-44.62913180605452,-101.51958255014999,7.75,-175.62365085658257,-120.2987794951187
7040031710,0,7040031710,7040031710,0.0,0.0,92710.5,92710.5,7234,0,0,1,95,1032,16.0,16.0,-24.290723175656293,6.969275889889876e-07,-15.9425013022125,1.8315534369099837e-09,1.0,0.0,5.698011262591123,2018.0,2026.0,5.0,3.0,75.03508031562589,-56.691693930065924,-131.72677424569181,53.28772051812009,-47.041544714593535,-100.32926523271362,7.75,-188.20738285313433,-123.52437696170124
7040031720,0,7040031720,7040031720,0.0,0.0,80044.2,80044.2,7235,0,1,0,96,1033,12.0,12.0,-12.023319854988472,4.417126977569905e-06,-8.779761844112606,0.0004221165076497185,0.9626500012708762,0.0,4.870486088462349,2018.0,2026.0,5.0,3.0,32.77510558359977,-25.767381341339146,-58.54248692493891,21.3907740258119,-19.44959254720236,-40.840366573014265,7.75,-93.15809771284702,-68.02662838833314
7040032940,0,7040032940,7040032940,0.0,0.0,19338.1,19338.1,7236,0,0,1,97,1034,9.0,9.0,-15.871935551605734,5.782343306432963e-09,-11.599063828064006,1.0630648236685409e-09,1.0,0.0,7.952448038578585,2018.0,2026.0,5.0,3.0,51.015391012048255,-40.131481763701196,-91.14687277574944,41.07909339525334,-34.76615251865366,-75.84524591390701,7.75,-122.9776252184647,-89.87091206959929
7040032950,0,7040032950,7040032950,0.0,0.0,16319.4,16319.4,7237,0,1,0,98,1035,5.0,5.0,-8.978535392520591,6.592564409591466e-07,-7.475310464740842,5.2830011970093056e-06,0.7533708292178877,0.0,5.979667786846139,2018.0,2026.0,5.0,3.0,29.08235346575456,-21.8181839982088,-50.90053746396336,29.65613420322307,-17.276137158470775,-46.93227136169384,7.75,-69.56674924252779,-57.91958553105156
7040033110,0,7040033110,7040033110,0.0,0.0,16075.6,16075.6,7238,0,0,1,99,1036,7.0,7.0,-15.237951170679933,3.437009813369904e-08,-11.823368291610413,8.672033007197757e-12,0.9647976137818385,0.0,7.466592630454317,2018.0,2026.0,5.0,3.0,51.29922311072594,-33.67517970047989,-84.97440281120583,43.59046590346382,-27.157864348264408,-70.74833025172823,7.75,-118.06543959760222,-91.60884945997938
7040033120,0,7040033120,7040033120,0.0,0.0,51469.8,51469.8,7239,0,1,0,100,1037,13.0,13.0,-11.29321512624342,1.4769777089524545e-06,-9.587249973565852,9.292832066082771e-11,0.7434437822501526,0.0,7.109257531027772,2018.0,2026.0,5.0,3.0,37.101066924115,-17.80029340742497,-54.901360331539976,35.61111151210194,-8.650541781558738,-44.26165329366068,7.75,-87.50116032106469,-74.28314147896334
7040033480,0,7040033480,7040033480,0.0,0.0,233624.4,233624.4,7240,0,1,0,101,1038,32.0,32.0,-8.358510438826187,9.428476688064637e-05,-3.7702046809668865,0.00903870872779039,0.9769905478550654,0.0,5.702447573802723,2018.0,2026.0,5.0,3.0,23.56505520686697,-10.809439945465337,-34.37449515233231,21.54512024457451,8.632090721679651,-12.913029522894858,7.75,-64.76272290726382,-29.211989725219137
7040034520,0,7040034520,7040034520,0.0,0.0,24732.9,1053293.8,7251,0,0,1,102,1039,10.0,10.0,-0.43871271529266664,0.874265004833675,2.919520023026835,0.011223908550733434,1.0,0.0,4.307236588589828,2018.0,2026.0,5.0,3.0,-2.649303345464989,-3.9322642554218135,-1.2829609099568247,7.76139588102817,33.58654305142897,25.825147170400797,7.75,-3.3991977666755555,22.62078484645022
7040374800,7040034520,7040034520,7040034520,133.4,133.4,41991.1,41991.3,7252,0,0,2,103,1040,10.0,10.0,-2.7181202658642185,0.3982206944646376,1.0696725897641848,0.463430196310316,1.0,0.0,5.748768721377702,2018.0,2026.0,5.0,3.0,0.6133835065265231,-10.765425726942908,-11.37880923346943,13.38570527771465,17.35185182416862,3.9661465464539702,7.75,-21.06031581764747,8.287949155462403
7040374950,7040034520,7040034520,7040034520,133.6,133.6,56632.1,986574.3,7253,0,0,1,104,1041,12.0,12.0,-5.9282828399360525,0.009347112169311243,-3.0215871579757425,0.014199686268374619,1.0,0.0,5.524310203555369,2018.0,2026.0,5.0,3.0,16.30293330840061,-27.16162897125486,-43.46456227965547,19.628255206342857,3.769424277920161,-15.858830928422696,7.75,-45.93303336623964,-23.411613024151546
7040402320,7040374950,7040034520,7040034520,301.9,301.9,147405.8,147405.8,7254,0,0,2,105,1042,21.0,21.0,-13.36624211906493,3.0938743668097813e-07,-9.21867992848389,4.629351129886557e-08,1.0,0.0,5.019293803414486,2018.0,2026.0,5.0,3.0,27.186199674342355,-43.57517668057508,-70.76137635491745,34.683645749445446,-11.490198510269755,-46.1738442597152,7.75,-103.56321751390487,-71.42741737880742
7040402430,7040374950,7040034520,7040034520,301.9,301.9,263811.2,782539.6,7255,0,0,1,106,1043,38.0,38.0,-24.025139090345167,1.5555399313113035e-06,-16.79870580627317,0.000316405716292086,0.8574213733491284,0.0,6.207399561251041,2018.0,2026.0,5.0,3.0,31.246753493085635,-92.9372072632295,-124.18396075631513,10.566626683441504,-68.67672006710502,-79.24334675054652,7.75,-186.14960609357107,-130.15835025805083
7040426310,7040402430,7040034520,7040034520,1675.7,1675.7,51896.8,450208.6,7257,0,0,1,107,1044,9.0,9.0,-31.208147797470204,4.972941080275652e-06,-25.700380105356018,7.881726339460162e-06,0.6522860184687224,0.0,6.787512769015368,2018.0,2026.0,5.0,3.0,31.80742784832816,-90.93881796118079,-122.74624580950895,36.02865227652127,-91.66638774720138,-127.69504002372265,7.75,-241.80440319463568,-199.12957069995218
7040426320,7040402430,7040034520,7040034520,1675.8,1675.8,68517.9,68517.9,7256,0,0,2,108,1045,12.0,12.0,-25.52312979117223,1.7920376264225408e-06,-18.648749103126157,7.043710873094927e-07,0.5539934364157315,0.0,6.0391264352121565,2018.0,2026.0,5.0,3.0,23.36565882481147,-86.14829359756584,-109.51395242237732,29.135759355361735,-64.93773678623647,-94.07349614159821,7.75,-197.75621439840498,-144.49270352319513
7040392650,7040426310,7040034520,7040034520,1869.4,1869.4,184279.7,184283.1,7258,0,0,2,109,1046,28.0,28.0,-38.849876624239926,2.0574577604527477e-05,-28.4762266222462,0.0003396723050180859,0.7426787826231198,0.0,6.8656862616378564,2018.0,2026.0,5.0,3.0,49.96796273080952,-135.91789247022407,-185.8858552010336,25.28540471510839,-108.11741412946596,-133.40281884457434,7.75,-301.01341778671866,-220.6371563065209
7040392520,7040426310,7040034520,7040034520,1869.6,1869.6,214028.5,214028.5,7259,0,0,1,110,1047,34.0,34.0,-25.459905966628217,5.833505297099033e-05,-18.711699465369712,0.0007303079655914224,0.7063174218949057,0.0,9.354027420444602,2018.0,2026.0,5.0,3.0,46.943220681108116,-53.31248386229364,-100.25570454340175,25.539406239866814,-61.27228651917238,-86.8116927590392,7.75,-197.26634876264984,-144.98045034085226
7040034530,0,7040034530,7040034530,0.0,0.0,198962.2,198962.2,7260,0,1,0,111,1048,33.0,33.0,1.9846908185716927,0.28536606452167346,8.568706894530795,0.005246471135422912,0.8426564060655394,0.0,9.155468080482684,2018.0,2026.0,5.0,3.0,-1.9051846438488702,7.578938806691663,9.484123450540533,-5.227158480608165,75.12276340708364,80.3499218876918,7.75,15.377618115148229,66.39134979198398
7040038340,0,7040038340,7040038340,0.0,0.0,107440.2,107440.2,7311,0,1,0,112,1049,16.0,16.0,-0.8186557077716401,0.7911612593328814,1.040167444912008,0.4824226450354979,0.7013118282761304,0.0,6.904940671796736,2018.0,2026.0,5.0,3.0,10.307544415979685,-10.394837644280729,-20.702382060260412,16.233325610321533,28.646870196801625,12.413544586480093,7.75,-6.343040802173146,8.059339819578323
7040039620,0,7040039620,7040039620,0.0,0.0,28999.7,28999.7,7312,0,0,1,113,1050,8.0,8.0,-5.279118256744276,0.11415945117321674,-3.234345283636228,0.05727221052265403,0.9842981054181086,0.0,5.562400120392266,2018.0,2026.0,5.0,3.0,23.990626523929585,-27.9951977970376,-51.98582432096718,16.066618436147255,-12.582110104771004,-28.64872854091826,7.75,-40.903229751091864,-25.060088029269064
7040039630,0,7040039630,7040039630,0.0,0.0,8013.7,8013.7,7313,0,1,0,114,1051,5.0,5.0,-6.952552560149389,0.05194959379986549,-5.668647767165735,0.003050264838374771,0.5556408880932459,0.0,3.015477262512988,2018.0,2026.0,5.0,3.0,36.24244641114999,-35.12346512065993,-71.36591153180993,13.777200525616513,-45.437046753210865,-59.21424727882738,7.75,-53.86919574325194,-43.92135025620543
7040039870,0,7040039870,7040039870,0.0,0.0,34790.3,34791.5,7314,0,0,1,115,1052,8.0,8.0,-9.018897437869715,0.0005508604189258451,-5.622325885308047,0.0006677599707224954,0.9197433800414643,0.0,4.029438212691208,2018.0,2026.0,5.0,3.0,30.891135547889093,-42.932708893954974,-73.82384444184407,11.759529076001447,-39.51502513062209,-51.27455420662354,7.75,-69.87947912161887,-43.562442862208826
7040039880,0,7040039880,7040039880,0.0,0.0,59618.1,59618.1,7315,0,1,0,116,1053,12.0,12.0,-9.411461583049235,2.0972561931119236e-05,-2.678831280648026,0.08301780222879902,0.8534630137155309,0.0,2.2610501027793797,2018.0,2026.0,5.0,3.0,40.88832664014105,-52.53214967116403,-93.42047631130508,-2.4459710563213397,-36.54140312094797,-34.09543206462663,7.75,-72.92111233409811,-20.75590013479511
7040041050,0,7040041050,7040041050,0.0,0.0,70979.5,70980.3,7316,0,0,1,117,1054,15.0,15.0,-11.969449907608398,1.5239876604152264e-09,-3.7594002049418123,0.03956918662892372,1.0,0.0,2.8554186641912134,2018.0,2026.0,5.0,3.0,34.638581873714216,-55.22756482357428,-89.8661466972885,-18.82556931871754,-31.943692841231243,-13.118123522513702,7.75,-92.74070701856748,-29.128275372992004
7040041060,0,7040041060,7040041060,0.0,0.0,9487.0,9487.0,7317,0,1,0,118,1055,3.0,3.0,-11.640044641608236,3.2071803820881286e-08,-2.5009684228800926,0.33848900743030635,1.0,0.0,3.559735844237165,2018.0,2026.0,5.0,3.0,44.61418320668679,-62.23901878335973,-106.85320199004653,-17.971759289483483,-30.257826366926285,-12.286067077442802,7.75,-90.18843623751215,-19.377797773444662
7040041400,0,7040041400,7040041400,0.0,0.0,30316.4,30316.6,7318,0,0,1,119,1056,8.0,8.0,-12.861055959562195,1.1949774876648126e-09,-1.608507737898086,0.4857167291287503,1.0,0.0,7.072619699185213,2018.0,2026.0,5.0,3.0,49.15982604770686,-63.2767182399243,-112.43654428763116,-28.551931878534152,-16.50480776617032,12.047124112363832,7.75,-99.64897567573173,-12.462907318963953
7040041410,0,7040041410,7040041410,0.0,0.0,45961.7,45961.7,7319,0,1,0,120,1057,12.0,12.0,-11.334914848351705,1.8108767466946104e-05,-2.470645703990429,0.32743639257425705,0.9978728655470828,0.0,5.164820941852402,2018.0,2026.0,5.0,3.0,47.341827086293065,-64.64348096788788,-111.98530805418095,-22.25746361461679,-25.775972976428008,-3.518509361811219,7.75,-87.82425467716722,-19.142853777667117
7040042040,0,7040042040,7040042040,0.0,0.0,100884.3,100884.3,7321,0,1,0,121,1058,16.0,16.0,-7.180581770351385,0.11903841795208225,-2.8129825231314367,0.28950309110108735,0.9084606919444597,0.0,2.541506953360019,2018.0,2026.0,5.0,3.0,27.055245515192247,-68.95023632798099,-96.00548184317324,-16.982511118544576,-39.18213216031893,-22.199621041774353,7.75,-55.63599290922497,-21.795319754858223
7040043090,0,7040043090,7040043090,0.0,0.0,40952.6,40953.3,7322,0,0,1,122,1059,9.0,9.0,-4.4113392861547815,0.3716154332698646,0.04415154434679863,0.9874000209205713,0.9800359010707435,0.0,2.3575848200181677,2018.0,2026.0,5.0,3.0,11.63633193838545,-69.15230312051284,-80.7886350588983,-23.556809710652846,-36.1355927284589,-12.578783017806057,7.75,-34.179576125442935,0.3420913634536349
7040043100,0,7040043100,7040043100,0.0,0.0,5872.2,5872.2,7323,0,1,0,123,1060,3.0,3.0,-1.5983444095975017,0.7964948811366047,0.8458140355940902,0.8203652844030191,0.820699545618338,0.0,1.152075624709656,2018.0,2026.0,5.0,3.0,-6.792945831638894,-76.56312177014574,-69.77017593850685,-30.14736635734672,-49.89762324527211,-19.75025688792539,7.75,-12.38416065478694,6.553466723425805
7040043160,0,7040043160,7040043160,0.0,0.0,39730.4,39730.4,7324,0,0,1,124,1061,10.0,10.0,-4.413358699860423,0.3380308039223889,0.9528276580300581,0.6994155348123111,0.9664463264867907,0.0,2.2631923759934685,2018.0,2026.0,5.0,3.0,8.246189070605176,-69.53503435145575,-77.78122342206092,-27.421663887943566,-24.665243777498883,2.756420110444683,7.75,-34.19522278057494,7.382620868514893
7040043170,0,7040043170,7040043170,0.0,0.0,259084.0,259084.0,7325,0,1,0,125,1062,36.0,36.0,-2.7198507109718175,0.4962114426437129,0.7894160559823549,0.7458412123049468,0.8485350967770389,0.0,2.9334026660345787,2018.0,2026.0,5.0,3.0,-17.796591351638842,-71.18866595053798,-53.39207459889914,-37.30823858563653,-24.52032358198601,12.787915003650522,7.75,-21.07372351006227,6.116488537796206
7040045890,0,7040045890,7040045890,0.0,0.0,50745.6,50745.6,7326,0,0,1,126,1063,12.0,12.0,-10.747984010193157,0.04763291590716839,-6.866289301672405,0.00800280942203509,0.9414500955965953,0.0,1.964154827885926,2018.0,2026.0,5.0,3.0,4.225814023944733,-101.0288232398807,-105.25463726382543,-26.558331747574293,-46.4058832867766,-19.847551539202307,7.75,-83.27664544516533,-53.20081786100728
7040045900,0,7040045900,7040045900,0.0,0.0,39528.2,39528.2,7327,0,1,0,127,1064,8.0,8.0,-13.875294761302678,0.012152854452198675,-10.810303703886376,0.00010550852378170278,0.8544615319482669,0.0,0.7943478142728855,2018.0,2026.0,5.0,3.0,8.274103212027587,-112.35788552625343,-120.63198873828101,-17.893916035700812,-62.98943905509682,-45.095523019396005,7.75,-107.50741731550056,-83.75950576864736
7040046590,0,7040046590,7040046590,0.0,0.0,112528.8,112530.0,7328,0,0,1,128,1065,18.0,18.0,-17.49463499055856,0.0025088096574668,-11.499989907580105,7.601308790990175e-07,1.0,0.0,2.39566520185073,2018.0,2026.0,5.0,3.0,25.02277558785347,-120.01899113073871,-145.04176671859219,0.20525139010046017,-80.08370357196121,-80.28895496206167,7.75,-135.55049150795543,-89.10327566995673
7040046600,0,7040046600,7040046600,0.0,0.0,25588.8,25588.8,7329,0,1,0,129,1066,7.0,7.0,-18.99121508578267,0.0023748904757370072,-14.16376316097474,0.00010320027724990431,0.9583789011512839,0.0,2.6395927110674595,2018.0,2026.0,5.0,3.0,16.243805989112396,-133.81283102505657,-150.05663701416896,7.912348868625524,-97.72499632796725,-105.63734519659278,7.75,-147.1461702745105,-109.74250443684741
7040046750,0,7040046750,7040046750,0.0,0.0,42962.1,42962.1,7410,0,1,0,130,1067,11.0,11.0,-18.139037155507204,0.0033480593687476965,-13.527877762486888,0.00019061287921414235,0.8162915163824329,0.0,3.792554868253596,2018.0,2026.0,5.0,3.0,17.83645925878296,-125.14567219740026,-142.98213145618323,12.260305290390948,-90.1667907659865,-102.42709605637745,7.75,-140.54339534588743,-104.81558950811197
7040047060,0,7040047060,7040047060,0.0,0.0,5478.6,3179500.3,7421,0,0,1,131,1068,6.0,6.0,-16.321120331123105,0.011652428090733111,-12.084135050726108,0.0024601509151054605,0.7328814370889908,0.0,5.053457339537119,2018.0,2026.0,5.0,3.0,21.905304529123136,-110.47314478089287,-132.378449310016,14.926690256188763,-67.1957275514102,-82.12241780759896,7.75,-126.45796177160408,-93.62930100904829
7040741770,7040047060,7040047060,7040047060,510.0,510.0,56570.3,2934853.0,7423,0,0,1,132,1069,12.0,12.0,-20.74388844861266,0.0005707789800717621,-13.53011586611709,1.6427497633407718e-05,1.0,0.0,5.9709102556207005,2018.0,2026.0,5.0,3.0,25.61753299576254,-130.78151473030206,-156.3990477260646,14.946765069537378,-81.18965923439049,-96.13642430392787,7.75,-160.72608982771752,-104.8329305985253
7040741760,7040047060,7040047060,7040047060,510.0,510.0,239521.6,239521.6,7422,0,0,2,133,1070,34.0,34.0,-17.28297036764159,0.0029030188459569285,-12.785059844104602,0.0011969915081037263,1.0,0.0,5.088608204453172,2018.0,2026.0,5.0,3.0,20.239724885477873,-96.76217491184376,-117.00189979732163,6.668860535331061,-69.49391779875357,-76.16277833408463,7.75,-133.9104890908301,-99.06014882632724
7040686540,7040741770,7040047060,7040047060,967.4,967.4,125573.5,2469256.0,7425,0,0,1,134,1071,20.0,20.0,-15.894553012125932,8.212176169825031e-05,-7.616125584685609,6.06005022499478e-05,1.0,0.0,5.868806258311764,2018.0,2026.0,5.0,3.0,21.934163762426316,-82.8904104029308,-104.82457416535712,9.256708338943394,-39.97050561897063,-49.22721395791402,7.75,-123.15286796527417,-59.01063765820746
7040686450,7040741770,7040047060,7040047060,967.6,967.6,414787.8,414787.8,7424,0,0,2,135,1072,53.0,53.0,-21.052357791084475,0.0003649439312720766,-18.358891406162968,1.8684317173742056e-05,1.0,0.0,5.008253203566672,2018.0,2026.0,5.0,3.0,34.245289771433384,-76.23640215057578,-110.48169192200916,25.862428536960103,-63.623870550625874,-89.48629908758598,7.75,-163.11614660853954,-142.24685196287803
7040612840,7040686540,7040047060,7040047060,1585.8,1585.8,42808.5,1815893.4,7427,0,0,1,136,1073,10.0,10.0,-13.927749933334313,7.963361170990112e-05,-3.6074335421127914,0.036697165425328505,1.0,0.0,10.03869069038388,2018.0,2026.0,5.0,3.0,17.05271382307933,-65.59650195913842,-82.64921578221775,2.667298761409137,-21.583347235706174,-24.25064599711531,7.75,-107.91384616382234,-27.95081977872471
7040612640,7040686540,7040047060,7040047060,1586.0,1586.0,528052.3,528052.3,7426,0,0,2,137,1074,60.0,60.0,-12.51859863965462,5.12502042985691e-06,-2.3720917338196816,0.056547536651801615,1.0,0.0,5.383612049528421,2018.0,2026.0,5.0,3.0,42.98425583064137,-63.785675230395704,-106.76993106103707,-4.437029221174174,-19.651150060014473,-15.214120838840298,7.75,-96.99557604441499,-18.37924601426338
7040569640,7040612840,7040047060,7040047060,1913.0,1913.0,1381472.0,1381472.0,7429,0,0,1,138,1075,142.0,142.0,-14.167452233677855,0.23633487185215848,-11.1993068425207,0.12872484740843473,1.0,0.0,4.582624523746922,2018.0,2026.0,5.0,3.0,10.142379368568083,-33.49264769758119,-43.63502706614928,5.4042986855516135,-19.300542098594843,-24.704840784146455,7.75,-109.77108780645676,-86.77354788318571
7040569650,7040612840,7040047060,7040047060,1913.1,1913.1,446352.2,446352.2,7428,0,0,2,139,1076,54.0,54.0,-31.970741006004168,0.003927768413556973,-19.18973577070313,0.0021637556341948735,1.0,0.0,9.192361767936715,2018.0,2026.0,5.0,3.0,70.81964887919558,-82.68169838157304,-153.50134726076863,34.75431388235631,-32.40086002512398,-67.15517390748029,7.75,-247.71306515261273,-148.6843319126348
7040047070,0,7040047070,7040047070,0.0,0.0,46688.7,46688.7,7430,0,1,0,140,1077,10.0,10.0,-17.363901313249208,0.018949588766666404,,,0.44601707614924635,0.0,5.7685599460702255,2018.0,2026.0,5.0,3.0,38.453439435287045,-107.25348134791268,-145.70692078319973,,,,7.75,-134.53755158520264,
7040047840,0,7040047840,7040047840,0.0,0.0,45.8,45.9,7511,0,1,0,141,1078,1.0,1.0,-20.03059694906861,0.01854470448857817,,,0.0,0.0,,2018.0,2026.0,5.0,3.0,63.63435036689043,-109.62736817697684,-173.2617185438673,,,,7.75,-155.1994233151654,
7040047850,0,7040047850,7040047850,0.0,0.0,54155.9,54155.9,7512,0,0,1,142,1079,11.0,11.0,-21.060135770417528,0.0024741319153997027,-14.209128677614235,0.00011783435098964239,0.8516810003810452,0.0,5.9626461225561265,2018.0,2026.0,5.0,3.0,54.80599084022248,-121.98314445709548,-176.78913529731796,20.600826740141038,-67.9768756811584,-88.57770242129945,7.75,-163.17641130809474,-110.09400180054288
7040047860,0,7040047860,7040047860,0.0,0.0,1815.0,1815.0,7513,0,1,0,143,1080,1.0,1.0,-24.555162018757166,0.006129181890465916,,,0.0,0.0,,2018.0,2026.0,5.0,3.0,94.8233102671802,-127.55293301617105,-222.37624328335124,,,,7.75,-190.25628614122596,
7040047970,0,7040047970,7040047970,0.0,0.0,46106.8,46108.1,7514,0,0,1,144,1081,12.0,12.0,-19.518083293949744,0.0015018639746145108,-15.277359938411585,1.2257399722028878e-05,0.9650472049070736,0.0,7.737133266813083,2018.0,2026.0,5.0,3.0,49.92295539512502,-113.5791296216759,-163.50208501680092,25.57663222729065,-81.575982929847,-107.15261515713765,7.75,-151.22840717831014,-118.37078336948608
7040047980,0,7040047980,7040047980,0.0,0.0,14703.7,14703.7,7515,0,1,0,145,1082,5.0,5.0,-28.470597948053637,0.0010389157323122725,-22.88389691299623,4.137518018630634e-05,0.8652730628571562,0.0,6.471058765513475,2018.0,2026.0,5.0,3.0,109.98839363587851,-145.18889088675263,-255.17728452263114,78.6693289538342,-91.82210781313336,-170.49143676696755,7.75,-220.59354467622668,-177.30712734778737
7040048300,0,7040048300,7040048300,0.0,0.0,118642.3,118642.3,7516,0,0,1,146,1083,23.0,23.0,-23.03077676942695,1.4598610106615255e-05,-19.884393336104814,3.7810739474496794e-10,0.986350427355527,0.0,6.062637256041546,2018.0,2026.0,5.0,3.0,66.3214799429106,-105.68646980281703,-172.00794974572761,43.83309919288937,-85.58029508281656,-129.41339427570594,7.75,-178.4451697672232,-154.06662050972383
7040048310,0,7040048310,7040048310,0.0,0.0,4302.4,4302.4,7517,0,1,0,147,1084,3.0,3.0,-28.597158910583783,0.00020021042898478436,,,0.27787570741101797,0.0,8.729030994797832,2018.0,2026.0,5.0,3.0,112.33825113684763,-144.80950761158445,-257.14775874843207,,,,7.75,-221.5741539136266,
7040048410,0,7040048410,7040048410,0.0,0.0,110769.2,110769.2,7518,0,0,1,148,1085,21.0,21.0,-22.24866874693062,2.4120429454752975e-06,-19.023498447091278,1.1624286390221375e-10,0.988247479551601,0.0,6.548367272618832,2018.0,2026.0,5.0,3.0,75.29620035740061,-90.29878981006641,-165.59499016746702,49.1304882074804,-78.41908002512464,-127.54956823260504,7.75,-172.38530473323382,-147.39630555857173
7040048420,0,7040048420,7040048420,0.0,0.0,115495.7,115495.7,7519,0,1,0,149,1086,17.0,17.0,-23.6115050450606,1.139917670921291e-07,-19.604297286746284,4.1844974322623834e-16,0.9896631418123016,0.0,8.094455082591686,2018.0,2026.0,5.0,3.0,83.57617465461206,-103.69437770328524,-187.27055235789732,50.40967714560224,-61.88162603263789,-112.29130317824013,7.75,-182.94472081456948,-151.8964033442628
7040049270,0,7040049270,7040049270,0.0,0.0,571791.0,571791.0,7521,0,0,1,150,1087,76.0,76.0,-13.917976329940036,1.1233136287013498e-06,-11.149470697808873,2.454367844247039e-13,1.0,0.0,4.811490529702529,2018.0,2026.0,5.0,3.0,41.09578817029932,-41.476560508958194,-82.57234867925752,23.280499236447408,-40.17239677844572,-63.45289601489313,7.75,-107.83811913410076,-86.38741156686957
7040049280,0,7040049280,7040049280,0.0,0.0,61535.0,61535.0,7531,0,1,0,151,1088,12.0,12.0,-3.0913509686028107,0.20091856654157955,-5.763558788189092,0.002777408171949848,0.7198164910650325,0.0,4.89179044255686,2018.0,2026.0,5.0,3.0,17.70269688476878,-4.820178622776511,-22.52287550754529,12.363699612694086,-13.859700710300949,-26.223400322995033,7.75,-23.952151242014935,-44.65673202073958
7040049990,0,7040049990,7040049990,0.0,0.0,153217.8,153217.8,7532,0,0,1,152,1089,21.0,21.0,-8.960954554854922,0.1035461288475558,-9.574475114615554,8.181719266551433e-07,0.9587661344856001,0.0,3.761283127830049,2018.0,2026.0,5.0,3.0,49.31732262667183,5.340121312278143,-43.97720131439369,26.848194856360163,-20.885638288317768,-47.73383314467793,7.75,-69.43053084254464,-74.18416036786316
7040050000,0,7040050000,7040050000,0.0,0.0,42722.2,42722.2,7533,0,1,0,153,1090,9.0,9.0,-5.888764574576541,0.4398843058095374,-8.664181913528662,0.05122038956450791,0.9654671444782228,0.0,3.3688053702489,2018.0,2026.0,5.0,3.0,45.93209666671005,31.352538787421732,-14.57955787928832,33.801150494538234,13.037618158461575,-20.763532336076658,7.75,-45.62684119384425,-67.13110147922276
7040050640,0,7040050640,7040050640,0.0,0.0,39661.7,39661.7,7534,0,0,1,154,1091,8.0,8.0,-3.9410110020474605,0.48962824119675874,-4.569053612355894,0.2125488874142307,1.0,0.0,0.8852443720881644,2018.0,2026.0,5.0,3.0,28.12877264873365,6.8355575536810065,-21.293215095052645,17.640766361181818,3.0698190334494058,-14.570947327732412,7.75,-30.53541720956691,-35.40156529217572
7040050650,0,7040050650,7040050650,0.0,0.0,33731.1,33731.1,7535,0,1,0,155,1092,7.0,7.0,1.087718478034617,0.8949790839150368,0.44755519402703214,0.9461425418903839,1.0,0.0,1.4482563902217673,2018.0,2026.0,5.0,3.0,-0.09441684137976836,5.392470715154943,5.486887556534711,2.7816546004237352,7.61479549444454,4.833140894020805,7.75,8.427770822280538,3.467710332913076
7040050920,0,7040050920,7040050920,0.0,0.0,127387.5,127387.5,7536,0,0,1,156,1093,19.0,19.0,7.779839595387919,0.33601152430120573,6.754657465708263,0.23977050041072634,0.9217122390068339,0.0,2.6928445988773566,2018.0,2026.0,5.0,3.0,-26.289346637429123,22.46353486492103,48.75288150235015,-12.661794824812281,17.196149727969026,29.857944552781305,7.75,60.27911308678388,52.335881253810776
7040050930,0,7040050930,7040050930,0.0,0.0,382831.5,382831.5,7537,0,1,0,157,1094,49.0,49.0,6.564250709585153,0.20789871846648733,3.777275417033124,0.12690806757918952,0.9117419536235192,0.0,4.6444943030970265,2018.0,2026.0,5.0,3.0,-21.137848091895336,21.594238760663654,42.73208685255899,-12.08875302568087,22.527200869384654,34.61595389506552,7.75,50.86058729124157,29.266774620681016
7040054660,0,7040054660,7040054660,0.0,0.0,41519.8,41519.8,7538,0,0,1,158,1095,10.0,10.0,1.796411830932115,0.5684604033114136,-0.643535146348249,0.7706595888847322,0.5970262717008106,0.0,2.4688152589106718,2018.0,2026.0,5.0,3.0,13.226258244051024,14.422563934164922,1.1963056901138973,23.347178659359948,6.519238487735081,-16.827940171624867,7.75,13.918810353286478,-4.986186075744134
7040054670,0,7040054670,7040054670,0.0,0.0,30236.5,30236.5,7539,0,1,0,159,1096,8.0,8.0,5.051167759239032,0.2829610486461289,2.058656694797861,0.542912406319963,0.705581094838804,0.0,2.338506904870466,2018.0,2026.0,5.0,3.0,11.117132897404916,20.8692317657987,9.752098868393782,21.369840692918398,7.375250773306829,-13.99458991961157,7.75,39.13704246035992,15.950714431972477
7040055630,0,7040055630,7040055630,0.0,0.0,210.5,210.5,7710,0,1,0,160,1097,,,,,,,,,,,,,,,,,,,,,,
7040055710,0,7040055710,7040055710,0.0,0.0,279.4,279.4,7740,0,1,0,161,1098,,,,,,,,,,,,,,,,,,,,,,
7040057510,0,7040057510,7040057510,0.0,0.0,10867.5,10867.5,7830,0,1,0,162,1099,,,,,,,,,,,,,,,,,,,,,,
7040059430,0,7040059430,7040059430,0.0,0.0,3097.5,3097.5,7130,0,1,0,163,1100,2.0,2.0,5.061103272668536,0.09324054880761239,,,0.16640961134154686,0.0,8.86602108015077,2018.0,2026.0,5.0,3.0,-8.41624046907926,66.29448430890359,74.71072477798285,,,,7.75,39.21402398809571,
7040059690,0,7040059690,7040059690,0.0,0.0,684.9,684.9,7210,0,1,0,164,1101,3.0,3.0,0.7320060107198003,0.7976237465959879,4.605836063127082,0.027277849880069392,0.8364357766458183,0.0,5.786150977502293,2018.0,2026.0,5.0,3.0,3.136693760807816,28.74580460857939,25.609110847771575,2.3521335651976947,5.300899453059695,2.9487658878620002,7.75,5.671668748356017,35.68656005105994
7040059960,0,7040059960,7040059960,0.0,0.0,925.3,925.3,7220,0,1,0,165,1102,2.0,2.0,-3.4055918374831844,0.05221921643289355,,,0.0,0.0,,2018.0,2026.0,5.0,3.0,30.785843601182744,-10.045762215271552,-40.8316058164543,,,,7.75,-26.38692648891831,
7040059990,0,7040059990,7040059990,0.0,0.0,114322.7,114322.7,7230,0,1,0,166,1103,16.0,16.0,-9.459609526981355,0.0007400328320079365,-7.34505301810051,0.011534426813374457,0.6619224111264831,0.0,2.3893608268860107,2018.0,2026.0,5.0,3.0,7.881251276413863,-8.08347920089048,-15.964730477304343,-4.149249759837378,-16.77196638533262,-12.622716625495244,7.75,-73.29416827202529,-56.910335499587795
7040064730,0,7040064730,7040064730,0.0,0.0,4014.7,4014.7,7310,0,1,0,167,1104,2.0,2.0,-5.550654701018043,0.19838671218973336,,,0.0,0.0,,2018.0,2026.0,5.0,3.0,40.80964442069536,-29.001442648908178,-69.81108706960354,,,,7.75,-43.00712608865452,
7040065050,0,7040065050,7040065050,0.0,0.0,71.1,71.1,7530,0,1,0,168,1105,,,,,,,,,,,,,,,,,,,,,,
7040065090,0,7040065090,7040065090,0.0,0.0,11265.7,11265.7,7630,0,1,0,169,1106,,,,,,,,,,,,,,,,,,,,,,
7040065760,0,7040065760,7040065760,0.0,0.0,115092.3,115092.3,7620,0,1,0,170,1107,20.0,20.0,-8.728529856870018,0.0006788585924377302,,,0.39499535362526056,0.0,6.356993199686128,2018.0,2026.0,5.0,3.0,28.201532591493695,-11.53606064991304,-39.737593241406735,,,,7.75,-67.62967691975949,
7040069860,0,7040069860,7040069860,0.0,0.0,17051.2,17051.2,7610,0,1,0,171,1108,1.0,1.0,-1.5242074532834096,0.47437558158639975,,,0.0,0.0,,2018.0,2026.0,5.0,3.0,-20.84682101011276,-39.4877440482378,-18.64092303812504,,,,7.75,-11.809738789300614,
7040070790,0,7040070790,7040070790,0.0,0.0,76320.7,76320.7,7640,0,1,0,172,1109,16.0,16.0,0.8919517693212065,0.6987484840817917,-8.20162764319796,0.08534670788104261,0.6963931245197718,0.0,16.536805421010662,2018.0,2026.0,5.0,3.0,8.941945893484883,21.47615060544463,12.534204711959747,34.45388203802838,-12.688112449545919,-47.1419944875743,7.75,6.910947316027418,-63.547176537303834
7040072800,0,7040072800,7040072800,0.0,0.0,13805.0,13805.0,7650,0,1,0,173,1110,2.0,2.0,4.173958166725445,0.3362833455403237,,,0.0,0.0,,2018.0,2026.0,5.0,3.0,-26.062394768563387,33.321784771899274,59.38417954046266,,,,7.75,32.3403192657988,
7040073620,0,7040073620,7040073620,0.0,0.0,136254.8,136254.8,7738,2,0,1,174,1111,21.0,21.0,-2.0837203046847135,0.8704276788346433,-4.291871154286582,0.6395152615721797,1.0,0.0,3.365923981620279,2018.0,2026.0,5.0,3.0,-7.426081227543132,-33.40762907697697,-25.981547849433834,6.074617307829394,-27.28840705432309,-33.36302436215249,7.75,-16.144910232054045,-33.25392297503362
7040073630,0,7040073630,7040073630,0.0,0.0,82877.0,82877.0,7734,2,0,1,175,1112,15.0,15.0,-1.249998929994228,0.9204296626795249,-3.973949531061015,0.7044771723225189,1.0,0.0,3.419834843541708,2018.0,2026.0,5.0,3.0,-0.022348544762462553,-19.142706978281907,-19.120358433519446,13.95661040064932,-3.465662757654775,-17.422273158304094,7.75,-9.68513886894912,-30.790628810137367
7040073640,7040049270,7040073640,7040049270,0.0,1.0,174937.8,174937.8,7522,2,0,2,176,1113,25.0,25.0,-12.420955676220553,1.3283371824819364e-06,-8.6830780307676,1.4010254595198964e-12,1.0,0.0,5.767356802168459,2018.0,2026.0,5.0,3.0,46.69026269729686,-26.642577474278294,-73.33284017157516,13.571214034486635,-30.668622654706525,-44.23983668919316,7.75,-96.23902686845767,-67.27751082018429
7040073660,7040049270,7040073660,7040049270,0.0,1.0,102069.5,102069.5,7523,2,0,2,177,1114,18.0,18.0,-18.64198534527068,2.4150724802342745e-05,-14.917342401206803,1.766082218486864e-10,1.0,0.0,5.375455975738317,2018.0,2026.0,5.0,3.0,52.17816902708844,-44.719253543632554,-96.89742257072099,41.697087535908075,-61.14047168376711,-102.83755921967519,7.75,-144.44029713105004,-115.58132510722862
7040073690,0,7040073690,7040073690,0.0,0.0,89819.0,89819.0,7732,2,0,1,178,1115,16.0,16.0,-7.157424108149414,0.4568763095780242,-9.036500846112586,0.1822573454387997,1.0,0.0,2.890973836784274,2018.0,2026.0,5.0,3.0,25.340645215464228,6.4777811969202075,-18.86286401854402,41.37315712425068,-13.82786668029452,-55.2010238045452,7.75,-55.45656461618848,-70.01587240109137
7040073710,7040008710,7040073710,7040008710,0.0,1.0,26767.9,26767.9,7720,2,0,2,179,1116,8.0,8.0,-6.21906995939748,0.1027727927077976,-6.174852297614612,0.008596431108417759,1.0,0.0,1.404996516114705,2018.0,2026.0,5.0,3.0,11.03106070142604,-12.474156978586793,-23.505217680012834,16.768804007692875,-18.00004380868574,-34.76884781637861,7.75,-48.18608620149177,-47.843482552359625
7040073720,0,7040073720,7040073720,0.0,0.0,54552.8,54552.8,7735,2,0,1,180,1117,13.0,13.0,-2.8210268155671834,0.7602063857163005,-5.015725268089062,0.6046874558840523,1.0,0.0,2.571573502124438,2018.0,2026.0,5.0,3.0,20.279211334961317,-12.32710372790851,-32.606315062869825,33.506372622330396,8.37446672050962,-25.131905901820776,7.75,-21.8576478796855,-38.8624298663711
7040073780,0,7040073780,7040073780,0.0,0.0,45135.0,45135.0,7736,2,0,1,181,1118,9.0,9.0,-5.258747273206371,0.09203548432367631,-8.38757381077668,0.07320947490095245,1.0,0.0,2.9510012322978803,2018.0,2026.0,5.0,3.0,29.608168211843257,-1.6234361891668125,-31.23160440101007,46.40104625645763,24.141959901087123,-22.25908635537051,7.75,-40.7453929724135,-64.9879093346968
7040073830,0,7040073830,7040073830,0.0,0.0,60897.4,60897.4,7733,2,0,1,182,1119,11.0,11.0,-1.9274549334153996,0.8825284897867085,-5.791877535725811,0.6320339999045981,1.0,0.0,5.009483117365035,2018.0,2026.0,5.0,3.0,3.654330075013737,-2.9641570370095813,-6.618487112023319,20.761019084973384,-10.100826451533319,-30.861845536506703,7.75,-14.9341477387148,-44.8761490105518
7040073870,0,7040073870,7040073870,0.0,0.0,30048.0,30048.0,7737,2,0,1,183,1120,8.0,8.0,-0.6407363468891395,0.9579246838418273,-3.068810449958291,0.652378703412534,1.0,0.0,3.074417587863338,2018.0,2026.0,5.0,3.0,-9.470713791272228,-23.17621046838387,-13.705496677111643,0.34526567299990757,-15.85739623294693,-16.202661905946837,7.75,-4.964500648039055,-23.7775046499164
7040074080,0,7040074080,7040074080,0.0,0.0,21476.0,21476.0,7731,2,0,1,184,1121,7.0,7.0,-8.437234557162679,0.11475765637789727,-8.865412802276625,0.0075202621620983285,1.0,0.0,1.9917963253178719,2018.0,2026.0,5.0,3.0,22.228729609727672,-14.234451248866373,-36.46318085859404,30.914629907315362,-25.112559302581463,-56.027189209896825,7.75,-65.3726866441352,-68.6902620956683
7040074540,7040022240,7040074540,7040022240,0.0,1.0,15111.7,15111.7,7120,2,0,2,185,1122,5.0,5.0,-12.008761227525497,0.0032173394971557034,-11.545206865759846,0.0008362541832149488,1.0,0.0,1.4502524791054263,2018.0,2026.0,5.0,3.0,44.43599822468384,8.742338212845441,-35.6936600118384,45.587076042199605,13.929133105194866,-31.65794293700474,7.75,-93.04529575331186,-89.45362198521661
6040000010,0,6040000010,6040000010,0.0,0.0,72363.7,72363.7,6110,0,1,0,1,1123,17.0,17.0,4.763897315659093,0.5798535530364549,1.745424940749384,0.7077697408390813,0.8293481281077955,0.0,2.756536525230572,2018.0,2026.0,5.0,3.0,5.068475711034873,65.41392204327734,60.34544633224247,8.444082352682404,18.345543404826916,9.901461052144512,7.75,36.91123724384732,13.523757925587288
6040000740,0,6040000740,6040000740,0.0,0.0,260734.6,260739.0,6120,0,0,1,2,1124,35.0,35.0,3.116630095828065,0.6748520714271127,0.7173684707661909,0.847915719745399,1.0,0.0,2.9420117124147485,2018.0,2026.0,5.0,3.0,10.630114400536637,39.818471479418,29.188357078881364,20.429155806315094,-4.331130136745171,-24.760285943060264,7.75,24.148016895806773,5.558255365553238
6040000750,0,6040000750,6040000750,0.0,0.0,265843.8,265843.8,6130,0,1,0,3,1125,42.0,42.0,9.714029047806696,0.5966876969786967,7.354161886743038,0.5099634882646226,0.9542829388335112,0.0,4.5034110517071015,2018.0,2026.0,5.0,3.0,-4.106028681905935,13.343065313530255,17.44909399543619,11.655667328360426,1.7317658987858835,-9.923901429574542,7.75,75.26544067157549,56.980912086195204
6040004470,0,6040004470,6040004470,0.0,0.0,15679.2,938384.3,6151,0,0,1,4,1126,4.0,4.0,12.113864728089283,0.6098679821752836,14.724490746833292,0.1674986060699837,1.0,0.0,5.942504842729997,2018.0,2026.0,5.0,3.0,-13.345103866460978,9.059939816922473,22.40504368338345,-9.36332835919608,28.83862871410417,38.20195707330025,7.75,93.85965004926125,114.08708778518334
6040075390,6040004470,6040004470,6040004470,236.2,236.2,145132.6,830662.3,6153,0,0,1,5,1127,22.0,22.0,9.131568548312302,0.6856219302747482,9.46283369072686,0.5773023459692226,1.0,0.0,1.788654960862893,2018.0,2026.0,5.0,3.0,-9.068867150394478,-1.6654563013555286,7.403410849038949,-0.7157934332551619,-1.3171523267314005,-0.6013588934762386,7.75,70.75246814982565,73.31914947229848
6040075410,6040004470,6040004470,6040004470,236.2,236.2,92047.1,92047.1,6152,0,0,2,6,1128,14.0,14.0,7.783249867245573,0.7665647183182615,8.838909609823398,0.6029648731350031,1.0,0.0,2.7704201785342133,2018.0,2026.0,5.0,3.0,-7.772964905973633,-5.307304359282722,2.465660546690911,1.9018489345532756,-5.396133627586249,-7.2979825621395245,7.75,60.305536274620046,68.48491224038389
6040084750,6040075390,6040004470,6040004470,742.8,742.8,139747.4,139747.4,6154,0,0,2,7,1129,21.0,21.0,6.7332616482915455,0.6740501100055557,4.519618231257391,0.6745072898268502,1.0,0.0,3.0746285116263987,2018.0,2026.0,5.0,3.0,4.70025269618513,10.840810954073916,6.140558257888786,10.812915846530846,12.313633409155267,1.5007175626244216,7.75,52.17010394158816,35.01853413951655
6040084790,6040075390,6040004470,6040004470,743.0,743.0,87129.7,548819.1,6155,0,0,1,8,1130,18.0,18.0,7.0427552704983185,0.6416922828918679,5.524992285297344,0.5952845664367603,1.0,0.0,1.7242844503822645,2018.0,2026.0,5.0,3.0,-2.6340013021814443,15.521494944102974,18.155496246284418,-8.491953563370961,2.157683456913086,10.649637020284047,7.75,54.5680969623826,42.808290670476346
6040102250,6040084790,6040004470,6040004470,987.4,987.4,109266.8,109267.2,6156,0,0,2,9,1131,19.0,19.0,2.7689158285409263,0.7531801559284145,1.248034504351864,0.8481568971111816,1.0,0.0,2.696002646944615,2018.0,2026.0,5.0,3.0,14.050705161530484,27.949507426670095,13.898802265139611,12.823778627467345,15.422448630387073,2.5986700029197287,7.75,21.453885817305466,9.669918267804997
6040102330,6040084790,6040004470,6040004470,987.6,987.6,99834.5,352421.6,6157,0,0,1,10,1132,17.0,17.0,5.8797626198899025,0.6026599222392968,5.660546092775235,0.4959221921869902,1.0,0.0,2.6789870898661188,2018.0,2026.0,5.0,3.0,11.488372825391115,29.071054498964674,17.58268167357356,2.350136220931964,16.359937557848564,14.0098013369166,7.75,45.5570929891538,43.85857752923727
6040134450,6040102330,6040004470,6040004470,1275.4,1275.4,151605.4,151606.9,6159,0,0,1,11,1133,23.0,23.0,-0.1344255599056936,0.986530574199849,-0.2138443629204403,0.9707967320792785,1.0,0.0,2.7121337298455637,2018.0,2026.0,5.0,3.0,24.467139128952596,21.26479189508655,-3.202347233866046,23.16929586349569,8.297661470401431,-14.87163439309426,7.75,-1.0415450637456891,-1.6568912992877374
6040134460,6040102330,6040004470,6040004470,1275.6,1275.6,100974.1,100975.1,6158,0,0,2,12,1134,16.0,16.0,2.919629642688804,0.8738497269359956,4.387597458234147,0.7340004241794815,1.0,0.0,2.6820896223896864,2018.0,2026.0,5.0,3.0,10.295631235408282,-3.8192545251446433,-14.114885760552925,10.105409692572206,-12.772995759369683,-22.878405451941887,7.75,22.621634192496415,33.99562164764582
6040004480,0,6040004480,6040004480,0.0,0.0,38300.7,38300.7,6161,0,1,0,13,1135,8.0,8.0,11.87496687802386,0.6378781413969925,14.213603216451649,0.12750394246125196,0.993388782672656,0.0,5.932369177015685,2018.0,2026.0,5.0,3.0,-18.1401472250444,26.57957405867489,44.719721283719295,-7.561681306697072,40.85841954557565,48.420100852272725,7.75,92.00864138208769,110.1286710542318
6040004870,0,6040004870,6040004870,0.0,0.0,154858.8,154860.6,6162,0,0,1,14,1136,25.0,25.0,5.007553408520678,0.8845148913362318,8.680094084163498,0.6876078606714648,1.0,0.0,8.833669729931978,2018.0,2026.0,5.0,3.0,-18.699889521278212,-24.993702226078906,-6.293812704800693,-10.07824302819786,5.829352979959985,15.907596008157846,7.75,38.799113336381986,67.25439085060287
6040004880,0,6040004880,6040004880,0.0,0.0,30805.5,30805.5,6163,0,1,0,15,1137,9.0,9.0,7.8757374836037854,0.8288527512611632,10.403243895465415,0.613239979933874,0.9125221331249165,0.0,7.319137888208867,2018.0,2026.0,5.0,3.0,-20.773539639575432,-15.021732834399332,5.7518068051761,-12.856069250723413,19.57483029681866,32.430899547542076,7.75,61.02214121450709,80.60555845083402
6040005180,0,6040005180,6040005180,0.0,0.0,64285.5,64285.5,6164,0,0,1,16,1138,12.0,12.0,-0.4975155472106252,0.990410321459068,4.169929838255477,0.8741905299823587,1.0,0.0,9.41552585376514,2018.0,2026.0,5.0,3.0,-36.99704845652019,-65.57257848553625,-28.575530029016065,-37.31064915524851,-13.72373170404486,23.586917451203654,7.75,-3.8548090310912233,32.30910730256811
6040005190,0,6040005190,6040005190,0.0,0.0,70315.5,70315.5,6165,0,1,0,17,1139,12.0,12.0,3.55747763201731,0.9261263972133592,5.251766095893636,0.806973542815137,1.0,0.0,4.463287241258675,2018.0,2026.0,5.0,3.0,-22.268502441468208,-25.20724697642345,-2.938744534955241,-20.284328888815672,29.037448238684323,49.3217771275,7.75,27.563755506116326,40.69130198871729
6040005490,0,6040005490,6040005490,0.0,0.0,66409.3,66409.3,6166,0,0,1,18,1140,13.0,13.0,-2.548886714649086,0.9491313707546228,0.7081995982468783,0.9772097397345264,1.0,0.0,6.775014836889205,2018.0,2026.0,5.0,3.0,-25.077715618781998,-49.75933528479286,-24.681619666010864,-27.82949312581628,-1.370722438188866,26.458770687627414,7.75,-19.749074339375536,5.487213861844396
6040005500,0,6040005500,6040005500,0.0,0.0,96410.4,96410.4,6167,0,1,0,19,1141,14.0,14.0,-3.566466219538569,0.9148138867805432,-0.5817294444920833,0.976910143392465,1.0,0.0,6.625609487798096,2018.0,2026.0,5.0,3.0,-15.369976015740026,-46.491237229654956,-31.12126121391493,-21.875143755959368,-14.996201850636252,6.878941905323115,7.75,-27.63340014043573,-4.507308221526614
6040006470,0,6040006470,6040006470,0.0,0.0,42497.1,42497.1,6168,0,0,1,20,1142,8.0,8.0,-4.431902143361555,0.8805816299272825,1.2910831497265605,0.9514396023868021,1.0,0.0,9.424270320602144,2018.0,2026.0,5.0,3.0,-38.84539120154115,-78.00857882941773,-39.16318762787658,-53.69197467571722,-29.11799298257476,24.57398169314246,7.75,-34.33889956389651,10.003464240181154
6040006480,0,6040006480,6040006480,0.0,0.0,742.5,742.5,6169,0,1,0,21,1143,1.0,1.0,-5.400722949078357,0.8083748966699409,-0.2796552007398958,0.9864466375693641,1.0,0.0,6.689352776793433,2018.0,2026.0,5.0,3.0,-32.68164483457804,-91.67634292816122,-58.99469809358318,-59.82201810131471,-37.177151498162765,22.644866603151947,7.75,-41.845437223522936,-2.1668014184638063
6040006540,0,6040006540,6040006540,0.0,0.0,37353.9,37353.9,6210,0,1,0,22,1144,10.0,10.0,-3.781138163467645,0.8878864848496469,3.5172014962528806,0.8518663924938785,1.0,0.0,9.02007855954773,2018.0,2026.0,5.0,3.0,-56.95964643458008,-89.99718846006232,-33.03754202548224,-70.52951341717429,-22.737650939133943,47.79186247804034,7.75,-29.296703634807493,27.251691264601376
6040007000,0,6040007000,6040007000,0.0,0.0,6440.6,5912760.5,6221,0,0,1,23,1145,3.0,3.0,-2.1018509634783697,0.9402205482072653,5.826855728764144,0.7487547936978087,1.0,0.0,11.468436366517645,2018.0,2026.0,5.0,3.0,-74.63541268383663,-90.16711635012696,-15.531703666290326,-82.73732252545499,-16.351478956013064,66.38584356944192,7.75,-16.285388710865945,45.14716416811096
6040239720,6040007000,6040007000,6040007000,131.7,131.7,201635.2,5393040.5,6223,0,0,1,24,1146,26.0,26.0,-3.620711142466945,0.923383919123283,1.8041802245593033,0.9472819254349341,1.0,0.0,10.425377706532386,2018.0,2026.0,5.0,3.0,-79.73861427092885,-84.60560831704748,-4.866994046118634,-83.70761356388107,-33.98336990316866,49.72424366071241,7.75,-28.0536961894085,13.979000781664144
6040239820,6040007000,6040007000,6040007000,131.9,131.9,513292.5,513313.5,6222,0,0,2,25,1147,62.0,62.0,-2.5158744503622597,0.8165631499891167,2.6182463197575743,0.7693752262114348,1.0,0.0,8.885733599993609,2018.0,2026.0,5.0,3.0,-16.611131702804933,-23.885314285126977,-7.2741825823220445,-36.84945401007869,-16.306789245008478,20.54266476507021,7.75,-19.493291429227092,20.286480725294826
6040262220,6040239720,6040007000,6040007000,546.6,546.6,494533.2,494551.3,6224,0,0,2,26,1148,65.0,65.0,-12.023962558612842,0.30954444516153234,-6.071909062415138,0.3569378927669214,1.0,0.0,9.868966826217745,2018.0,2026.0,5.0,3.0,46.238155261281086,-5.030994876967945,-51.26915013824903,16.919430256217385,-14.62826113550893,-31.547691391726318,7.75,-93.1630774561926,-47.045866246775745
6040262110,6040239720,6040007000,6040007000,546.8,546.8,390550.7,4696940.0,6225,0,0,1,27,1149,50.0,50.0,-12.659819954154557,0.7683291644239376,-4.824434986412115,0.8818277036971857,1.0,0.0,12.153093883005264,2018.0,2026.0,5.0,3.0,-52.28044147325463,-71.86261368353907,-19.582172210284433,-63.62843716993407,-62.056698682173305,1.5717384877607614,7.75,-98.08977541480465,-37.38029024379544
6040285930,6040262110,6040007000,6040007000,1159.5,1159.5,6217.2,2937678.5,6227,0,0,1,28,1150,3.0,3.0,-23.126358842668992,0.7041684853019325,-12.780655264967208,0.7850671979762097,1.0,0.0,11.959622592925538,2018.0,2026.0,5.0,3.0,-67.43737569801776,-25.212757275207377,42.22461842281038,-79.35666517855425,-38.765770453660146,40.590894724894106,7.75,-179.18575092334908,-99.02602162863026
6040285990,6040262110,6040007000,6040007000,1159.7,1159.7,1368849.7,1368849.7,6226,0,0,2,29,1151,144.0,144.0,-16.94502192701445,0.35061933458328914,-11.071686349469344,0.37569492284465933,1.0,0.0,10.204634019119396,2018.0,2026.0,5.0,3.0,91.06349493291314,-4.2279313785337065,-95.29142631144686,60.318794600731756,-2.2049814323744186,-62.523776033106174,7.75,-131.29202478699767,-85.78472927857152
6040280410,6040285930,6040007000,6040007000,1319.4,1319.4,2216665.3,2216711.0,6229,0,0,1,30,1152,218.0,218.0,-12.172092184784299,0.4155329931082373,-7.104559443061657,0.43068660452606783,1.0,0.0,6.8298514854302095,2018.0,2026.0,5.0,3.0,36.85159133630602,21.745657242050044,-15.105934094255979,25.099681312356275,18.435402674526014,-6.664278637830261,7.75,-94.31080323871203,-55.046962967459244
6040280400,6040285930,6040007000,6040007000,1319.6,1319.6,714738.5,714738.5,6228,0,0,2,31,1153,83.0,83.0,-8.568020375299284,0.7508610870995125,-3.1498575315255977,0.8654935940511312,1.0,0.0,6.886399950877159,2018.0,2026.0,5.0,3.0,-8.075177276426976,-43.11387591108934,-35.03869863466236,-6.869194364238839,-23.073837514994054,-16.204643150755214,7.75,-66.38603056015599,-24.40546697937698
6040007010,0,6040007010,6040007010,0.0,0.0,108834.7,108834.7,6230,0,1,0,32,1154,17.0,17.0,-4.776261558822384,0.8322684898477298,3.467566315932899,0.8327819185197789,0.9806638978368878,0.0,10.638577354573371,2018.0,2026.0,5.0,3.0,-73.9670673678885,-109.01991179516138,-35.05284442727287,-85.71317461727126,-42.377194483747836,43.33598013352343,7.75,-37.00703685548897,26.867112044052305
6040007950,0,6040007950,6040007950,0.0,0.0,31374.6,772470.5,6241,0,0,1,33,1155,7.0,7.0,3.2967639269734548,0.8218283307825375,10.230167501285166,0.40320757992255113,1.0,0.0,10.641541265242603,2018.0,2026.0,5.0,3.0,-96.98813621930466,-81.21600224354603,15.772133975758635,-112.14439234827341,-41.0346640462827,71.10972830199071,7.75,25.543715026241966,79.26454217285975
6040344540,6040007950,6040007950,6040007950,409.6,409.6,5162.3,699576.1,6243,0,0,1,34,1156,3.0,3.0,13.30192661917522,0.2642419547887425,19.013527100988995,0.10764624890456809,1.0,0.0,9.244659788624128,2018.0,2026.0,5.0,3.0,-104.60791429153366,-27.166734530565886,77.44117976096777,-114.9272795422718,-2.420712805114109,112.5065667371577,7.75,103.06489344905098,147.31904639506874
6040344660,6040007950,6040007950,6040007950,409.8,409.8,41529.3,41529.3,6242,0,0,2,35,1157,9.0,9.0,5.565564359090889,0.660507870461404,9.536275620012567,0.5181909368646664,1.0,0.0,7.046473248610141,2018.0,2026.0,5.0,3.0,-69.30607710065385,-39.08624297370842,30.21983412694543,-74.5170493057764,-36.6898515050475,37.8271978007289,7.75,43.12264787468095,73.88818618654501
6040345180,6040344540,6040007950,6040007950,471.9,471.9,104557.3,386073.0,6245,0,0,1,36,1158,16.0,16.0,5.1412136299179245,0.6778454637221005,8.573338094976211,0.5605558659530308,1.0,0.0,3.9833127640691672,2018.0,2026.0,5.0,3.0,-39.06551746250592,-15.893833866794864,23.17168359571106,-55.566217343737264,-16.00369668954521,39.562520654192056,7.75,39.83472846726277,66.42723287825511
6040345000,6040344540,6040007950,6040007950,471.9,471.9,308335.3,308344.9,6244,0,0,2,37,1159,44.0,44.0,6.452559568531925,0.6070723451491059,9.85973094109645,0.5357654603580962,1.0,0.0,4.128225051236741,2018.0,2026.0,5.0,3.0,-6.915388928405767,-17.36072832977906,-10.445339401373294,-22.24624342734162,-14.205833191710797,8.040410235630825,7.75,49.99519118123298,76.39435609391637
6040476790,6040345180,6040007950,6040007950,1210.0,1210.0,32437.7,228748.5,6247,0,0,1,38,1160,7.0,7.0,4.653181656237152,0.6393511667059558,8.081435456627183,0.4348393951060854,1.0,0.0,6.1202920693704455,2018.0,2026.0,5.0,3.0,-11.967167781436725,15.431894467725405,27.399062249162128,-36.42222930413248,21.529783278053813,57.95201258218629,7.75,36.053399280359045,62.615913325817736
6040476800,6040345180,6040007950,6040007950,1210.0,1210.0,52758.7,52758.7,6246,0,0,2,39,1161,11.0,11.0,5.730466847129286,0.5874489153911585,7.803353413549296,0.44377149048352416,1.0,0.0,3.8086484729075454,2018.0,2026.0,5.0,3.0,-9.388294307449522,-0.8309624452530263,8.557331862196495,-24.33806446495418,7.177223250483145,31.515287715437324,7.75,44.40033176557393,60.46130091812323
6040527670,6040476790,6040007950,6040007950,1462.4,1462.4,61613.7,61613.7,6248,0,0,2,40,1162,17.0,17.0,1.9632630767925434,0.8401856129016751,4.973119432333897,0.6091477837930057,1.0,0.0,4.205430608205069,2018.0,2026.0,5.0,3.0,45.35571468987388,27.278393495977735,-18.077321193896143,10.253405962530492,32.66137727965582,22.407971317125323,7.75,15.211593449207113,38.53231483505799
6040527680,6040476790,6040007950,6040007950,1462.6,1462.6,134697.9,134697.9,6249,0,0,1,41,1163,21.0,21.0,0.907036484229792,0.9157750108946111,4.95872169806246,0.5661663470477337,1.0,0.0,5.393781581419745,2018.0,2026.0,5.0,3.0,46.2599963285694,8.87425810000326,-37.38573822856614,8.120408621881014,16.186805416709547,8.066396794828533,7.75,7.027825463026178,38.420759494912424
6040007960,0,6040007960,6040007960,0.0,0.0,82901.6,82901.6,6250,0,1,0,42,1164,14.0,14.0,-1.5130464382825437,0.8934314670395718,7.171069476421565,0.41343580407151415,1.0,0.0,11.645519911028998,2018.0,2026.0,5.0,3.0,-107.74380008745547,-108.33497761360839,-0.5911775261529186,-130.8495542240913,-47.0632427147875,83.7863115093038,7.75,-11.723261931114576,55.56229053599734
6040008320,0,6040008320,6040008320,0.0,0.0,272960.4,272960.4,6310,0,1,0,43,1165,34.0,34.0,11.230325401844922,0.0816393242395062,18.72274983040444,0.0038848314072114105,1.0,0.0,9.100932126681615,2018.0,2026.0,5.0,3.0,-120.37815182969666,-48.5814649287021,71.79668690099456,-135.4694162235857,11.094056831722737,146.56347305530844,7.75,87.01388333256983,145.0660698700741
6040009760,0,6040009760,6040009760,0.0,0.0,42461.4,332986.5,6321,0,0,1,44,1166,8.0,8.0,11.672478374415945,0.05237785436689086,17.648973391750303,0.0027600513508677293,1.0,0.0,3.956939355141393,2018.0,2026.0,5.0,3.0,-95.44603496237303,-53.54379287850989,41.90224208386314,-105.44813552618885,1.0301843504087316,106.47831987659758,7.75,90.43973661765128,136.74632361027614
6040334790,6040009760,6040009760,6040009760,388.2,388.2,10352.8,238319.6,6323,0,0,1,45,1167,6.0,6.0,16.328635624401414,0.08294022823214942,23.94282958058649,0.00860453005382093,1.0,0.0,8.440852550152448,2018.0,2026.0,5.0,3.0,-77.68646801955654,-13.762528060120545,63.923939959436,-89.19799404105518,41.076784050421345,130.27477809147652,7.75,126.51619114868174,185.51186232186112
6040334800,6040009760,6040009760,6040009760,388.4,388.4,52199.3,52199.6,6322,0,0,2,46,1168,11.0,11.0,10.744269163906026,0.14723722179269252,18.42475975117614,0.03381020637001308,1.0,0.0,9.053748575558279,2018.0,2026.0,5.0,3.0,-64.1870689846874,-38.40967194872563,25.77739703596177,-72.66579514029073,7.410702624732887,80.07649776502362,7.75,83.24786237879276,142.7572076545612
6040372330,6040334790,6040009760,6040009760,573.6,573.6,14762.2,152536.1,6325,0,0,1,47,1169,7.0,7.0,11.995587628308622,0.20519562468347552,17.638803302276763,0.04024870385233632,1.0,0.0,8.859625890580839,2018.0,2026.0,5.0,3.0,-57.84560508296979,-11.851466159131016,45.994138923838776,-62.945174075636224,20.314207309550486,83.25938138518671,7.75,92.9432251556835,136.66752455973509
6040372340,6040334790,6040009760,6040009760,573.8,573.8,75429.0,75430.1,6324,0,0,2,48,1170,11.0,11.0,10.519565402370791,0.22084245479706271,15.535779492499842,0.2160239478236054,1.0,0.0,9.097668667006227,2018.0,2026.0,5.0,3.0,-53.38299325610198,-14.653126308285673,38.72986694781631,-58.632768756703015,9.655110194320718,68.28787895102373,7.75,81.50683118058683,120.3730484976716
6040389870,6040372330,6040009760,6040009760,697.8,697.8,48641.3,48641.7,6326,0,0,2,49,1171,10.0,10.0,4.681253579217502,0.6401285617247453,9.87983115553126,0.5140729799379181,1.0,0.0,7.707303446918562,2018.0,2026.0,5.0,3.0,-26.729505588514275,-31.422613525051702,-4.693107936537427,-37.750831880223345,-26.93110505396453,10.819726826258815,7.75,36.270903844450466,76.55009492170696
6040389860,6040372330,6040009760,6040009760,698.0,698.0,11510.5,89132.4,6327,0,0,1,50,1172,3.0,3.0,14.548204235413051,0.15521783998790875,20.794806853343832,0.0956447835986305,1.0,0.0,9.651867422056974,2018.0,2026.0,5.0,3.0,-66.89861210950005,0.5393985521853418,67.4380106616854,-77.36612207276033,26.512112366203393,103.87823443896373,7.75,112.72119914091427,161.12061162207542
6040401900,6040389860,6040009760,6040009760,875.1,875.1,51975.8,51976.0,6328,0,0,2,51,1173,10.0,10.0,4.973949782378295,0.644669476798725,9.248846014395928,0.5317401703309894,1.0,0.0,4.562546615126038,2018.0,2026.0,5.0,3.0,-28.421781407474214,-30.833646026050758,-2.411864618576544,-39.24323411557664,-29.593652901560677,9.649581214015964,7.75,38.53874848495708,71.66114776383431
6040401890,6040389860,6040009760,6040009760,875.3,875.3,25645.9,25645.9,6329,0,0,1,52,1174,7.0,7.0,10.840362944989948,0.3766424425330805,15.047373295306986,0.34609354499867606,1.0,0.0,3.940263569896364,2018.0,2026.0,5.0,3.0,-52.59081023999464,-6.652407231971239,45.9384030080234,-60.37972128754851,-2.0388788420746287,58.34084244547388,7.75,83.99240830751965,116.58881978293984
6040009770,0,6040009770,6040009770,0.0,0.0,287165.3,287165.3,6330,0,1,0,53,1175,38.0,38.0,11.518310793415807,0.08479377279220907,14.251242628693326,0.004195460260448162,0.8856843498157809,0.0,5.6643736375383344,2018.0,2026.0,5.0,3.0,-67.7314350676294,-15.179630946314196,52.55180412131521,-65.32197345549646,6.740021980031229,72.06199543552769,7.75,89.24522805028539,110.42030565147739
6040011780,0,6040011780,6040011780,0.0,0.0,211924.9,637199.3,6341,0,0,1,54,1176,34.0,34.0,10.210747563678801,0.20001605158737387,11.49298370407005,0.011025462292357152,0.9908153515121817,0.0,6.381500458773967,2018.0,2026.0,5.0,3.0,-52.24521299422609,-7.521042188784141,44.72417080544194,-40.1082441888074,8.953661371989083,49.06190556079648,7.75,79.11407421002329,89.04899078033743
6040510750,6040011780,6040011780,6040011780,1153.8,1153.8,77450.9,77451.6,6342,0,0,2,55,1177,15.0,15.0,-1.551281013604278,0.8968983110918987,3.4293099241909353,0.7959472579454114,1.0,0.0,6.767089156697077,2018.0,2026.0,5.0,3.0,20.223854300716063,-46.84342552007402,-67.06727982079008,3.6670066372078125,-43.0813994171938,-46.74840605440161,7.75,-12.019507921971545,26.570697017003006
6040510890,6040011780,6040011780,6040011780,1154.0,1154.0,41315.6,347822.7,6343,0,0,1,56,1178,9.0,9.0,2.4141348676856254,0.807305470919414,2.3980512193098154,0.728105119246598,1.0,0.0,3.1731536905424145,2018.0,2026.0,5.0,3.0,-1.2554572738073149,-27.268483861946255,-26.01302658813894,11.453407477044195,-28.878749898691552,-40.33215737573575,7.75,18.70500116509328,18.58038316398844
6040562020,6040510890,6040011780,6040011780,1428.5,1428.5,37079.6,272102.7,6345,0,0,1,57,1179,7.0,7.0,6.921193757191013,0.592665416145746,9.12659618415018,0.5560349173239038,1.0,0.0,3.3186691382778113,2018.0,2026.0,5.0,3.0,21.814373774320796,-20.776105645892603,-42.5904794202134,15.105455415878515,-29.89523311750335,-45.00068853338186,7.75,53.62622404613434,70.7139416869131
6040562010,6040510890,6040011780,6040011780,1428.5,1428.5,34406.2,34406.2,6344,0,0,2,58,1180,7.0,7.0,5.089925003057729,0.7144534504888279,9.101906636808334,0.5693178443433189,1.0,0.0,4.648090336438479,2018.0,2026.0,5.0,3.0,30.710270463792817,-28.19379081813314,-58.90406128192596,15.768553958766471,-36.36907472556246,-52.13762868432893,7.75,39.43733814826386,70.52264416746772
6040595200,6040562020,6040011780,6040011780,1618.1,1618.1,52028.0,204214.2,6347,0,0,1,59,1181,11.0,11.0,9.4301299218506,0.41947130688975093,12.41286645097258,0.3904221681090175,1.0,0.0,4.6788295907726845,2018.0,2026.0,5.0,3.0,21.30619202230779,-16.485081216629187,-37.79127323893698,9.791526328367471,-32.90059519346067,-42.69212152182814,7.75,73.06575682090951,96.17635059891144
6040595210,6040562020,6040011780,6040011780,1618.1,1618.1,30808.9,30808.9,6346,0,0,2,60,1182,7.0,7.0,6.082328771726289,0.6040222960722975,7.598984697962643,0.5746585915396215,1.0,0.0,2.454919724437993,2018.0,2026.0,5.0,3.0,25.441945182316566,-29.992772799126794,-55.434717981443356,20.24533951654807,-38.943998418959005,-59.189337935507076,7.75,47.12659938120574,58.87782804992274
6040639920,6040595200,6040011780,6040011780,1928.6,1928.6,107020.1,107020.1,6349,0,0,1,61,1183,18.0,18.0,-8.148702340826347,0.398508863347458,-4.662163484100583,0.6988035221071213,1.0,0.0,3.2087159420442384,2018.0,2026.0,5.0,3.0,61.562072914055385,-65.85544498768952,-127.4175179017449,40.33347231618562,-77.18446294807781,-117.51793526426343,7.75,-63.13710506376061,-36.1229915400538
6040639910,6040595200,6040011780,6040011780,1928.7,1928.7,45168.1,45168.8,6348,0,0,2,62,1184,8.0,8.0,0.9734119765590208,0.9146351400625599,4.243358899424405,0.7266041105868682,1.0,0.0,4.639534958599433,2018.0,2026.0,5.0,3.0,35.36788939077627,-29.610330723418613,-64.97822011419488,11.007464688086435,-53.228803913657714,-64.23626860174414,7.75,7.542110591819381,32.878044313130914
6040011790,0,6040011790,6040011790,0.0,0.0,157643.6,157643.6,6351,0,1,0,63,1185,23.0,23.0,12.168628114188387,0.1102028411989649,10.796897267428074,0.011064464971203567,0.9419091057779948,0.0,5.427490996237698,2018.0,2026.0,5.0,3.0,-54.021464998002784,-1.9023722664639848,52.1190927315388,-30.862117336259434,0.4869197086627774,31.349037044922213,7.75,94.28396321191823,83.65563112066106
6040012580,0,6040012580,6040012580,0.0,0.0,55394.0,55394.0,6352,0,0,1,64,1186,11.0,11.0,8.310096493812136,0.37721213273603016,7.904652252813333,0.19181447225264558,0.9934679703638227,0.0,1.4900738078314624,2018.0,2026.0,5.0,3.0,-22.846009949738214,-16.941826632787627,5.904183316950586,-10.283257777803678,-27.829690843240524,-17.546433065436844,7.75,64.38760596163819,61.24617625040858
6040012590,0,6040012590,6040012590,0.0,0.0,41325.6,41325.6,6353,0,1,0,65,1187,11.0,11.0,9.482652322631072,0.36782814380358786,8.366915138987798,0.18443762039512093,0.9134051043010047,0.0,2.502023130615158,2018.0,2026.0,5.0,3.0,-17.52232920408332,-17.472553874909064,0.0497753291742562,-5.734357429258178,-23.08400516407273,-17.349647734814553,7.75,73.47270656549195,64.82784351358103
6040012790,0,6040012790,6040012790,0.0,0.0,70980.9,70981.5,6354,0,0,1,66,1188,13.0,13.0,3.849018866795504,0.7247887492384988,5.5610254803804775,0.6485146400637105,1.0,0.0,3.2467847975006756,2018.0,2026.0,5.0,3.0,15.316495471133289,-40.57654012075481,-55.89303559188809,10.069334798506343,-45.027844994200315,-55.097179792706655,7.75,29.822651315622934,43.08748010808146
6040012800,0,6040012800,6040012800,0.0,0.0,66863.6,66863.6,6355,0,1,0,67,1189,11.0,11.0,9.330602195507225,0.4016862402502133,12.08261090308862,0.17595303362716144,0.8258449943276479,0.0,4.858616097233747,2018.0,2026.0,5.0,3.0,-10.07355258639796,-21.622178348289804,-11.548625761891843,-25.7047606427208,-10.712256322218439,14.992504320502361,7.75,72.2946042800423,93.61749173371881
6040013420,0,6040013420,6040013420,0.0,0.0,82935.9,82937.2,6356,0,0,1,68,1190,14.0,14.0,-0.9751645226727845,0.9170447883369446,5.174922437542728,0.6244352116896813,0.9831269118700767,0.0,6.472098356791942,2018.0,2026.0,5.0,3.0,22.227986257982387,-49.1944515526478,-71.42243781063019,1.5175834410260252,-43.647918289199275,-45.1655017302253,7.75,-7.555689525431842,40.09590827719622
6040013430,0,6040013430,6040013430,0.0,0.0,21133.6,21133.6,6357,0,1,0,69,1191,5.0,5.0,6.427770768971968,0.4498632823318897,9.491698968405625,0.3536927158062579,0.8038413737465608,0.0,5.071153299225357,2018.0,2026.0,5.0,3.0,-16.623612199558675,-24.573061129584257,-7.949448930025582,-28.60424712060899,-40.34584769993725,-11.741600579328264,7.75,49.80312464391696,73.54280104199294
6040013750,0,6040013750,6040013750,0.0,0.0,57233.3,57234.2,6358,0,0,1,70,1192,10.0,10.0,-3.6381375157667577,0.5751720415513886,0.302104670176389,0.9565803049939825,0.8780294421516431,0.0,5.184719370700071,2018.0,2026.0,5.0,3.0,26.490295186440317,-37.8623061694145,-64.35260135585482,13.806130654054481,-36.63356995829037,-50.43970061234485,7.75,-28.188717781300273,2.3407425505795505
6040013760,0,6040013760,6040013760,0.0,0.0,22525.3,22525.3,6359,0,1,0,71,1193,7.0,7.0,-1.639344148967126,0.7970820624000226,,,0.15110236141929567,0.0,6.195716707266084,2018.0,2026.0,5.0,3.0,7.572373300155926,-33.33191267523144,-40.90428597538737,,,,7.75,-12.701831462223044,
6040014330,0,6040014330,6040014330,0.0,0.0,94497.1,94497.1,6411,0,1,0,72,1194,20.0,20.0,-0.6376780005328166,0.9066036486808914,-0.3643356967677569,0.9090432079863391,0.6951316167782506,0.0,4.582895745607352,2018.0,2026.0,5.0,3.0,39.509999264652514,-3.7740517146437624,-43.284050979296275,46.73206085286375,22.21337052138905,-24.518690331474698,7.75,-4.9408042204185385,-2.8229158709178703
6040015560,0,6040015560,6040015560,0.0,0.0,71807.3,71807.9,6412,0,0,1,73,1195,14.0,14.0,14.423022835856084,0.1887313505958754,15.475025215180498,0.0007044746389007492,0.9668224711235297,0.0,3.3288317110412575,2018.0,2026.0,5.0,3.0,-30.689599591465942,70.7825620148107,101.47216160627664,-41.8511717076875,81.69111311041729,123.54228481810479,7.75,111.75127891984317,119.90231720454706
6040015570,0,6040015570,6040015570,0.0,0.0,24361.6,24361.6,6413,0,1,0,74,1196,6.0,6.0,11.292258214172698,0.32419227140612616,13.6462306711839,0.03351730105933956,0.9691888732384805,0.0,1.5704811537177001,2018.0,2026.0,5.0,3.0,-48.31245388382139,62.89358160898717,111.20603549280855,-63.45105719874554,80.8622632381816,144.31332043692714,7.75,87.4937460536858,105.7326017780984
6040015940,0,6040015940,6040015940,0.0,0.0,56212.3,56212.3,6414,0,0,1,75,1197,11.0,11.0,-5.614038649676949,0.5248975652832293,-1.1418350957797072,0.8132516599377155,0.7440178824090095,0.0,4.176832732796227,2018.0,2026.0,5.0,3.0,-0.6396547979669662,-4.870881802463681,-4.231227004496715,-12.24628320319823,33.13259070148643,45.37887390468466,7.75,-43.498232384902856,-8.847072747588149
6040015950,0,6040015950,6040015950,0.0,0.0,39407.1,39407.1,6415,0,1,0,76,1198,11.0,11.0,-12.22416074799565,0.13057982109274363,,,0.4936990626776298,0.0,10.525226099872127,2018.0,2026.0,5.0,3.0,36.91992562151134,-27.919419958549195,-64.83934558006054,,,,7.75,-94.71423659637972,
6040016720,0,6040016720,6040016720,0.0,0.0,71073.9,71073.9,6416,0,0,1,77,1199,14.0,14.0,-13.636638961066694,0.14540892682655665,-6.282887098367896,0.08341380401263611,0.961128453662166,0.0,7.086192054426211,2018.0,2026.0,5.0,3.0,40.9010609316109,-26.17427483850098,-67.07533577011188,5.345155760373609,8.547848915716505,3.202693155342897,7.75,-105.65828407890143,-48.68054890727213
6040016730,0,6040016730,6040016730,0.0,0.0,495.6,495.6,6417,0,1,0,78,1200,1.0,1.0,-16.054335521679103,0.12847770295816424,-9.151557589747659,0.02938944807267866,1.0,0.0,11.133868509848234,2018.0,2026.0,5.0,3.0,53.675572123378515,-47.749460910757385,-101.42503303413591,5.052443570652445,-24.797146055481047,-29.849589626133493,7.75,-124.39088166010093,-70.90734559612834
6040016760,0,6040016760,6040016760,0.0,0.0,266133.3,266133.3,6418,0,0,1,79,1201,36.0,36.0,-2.0359962096133,0.8092592049185255,-0.5918422709662821,0.8264216317792604,0.9946982123887677,0.0,3.781788130938782,2018.0,2026.0,5.0,3.0,25.179738298212477,20.654984893493562,-4.524753404718915,7.934766022720952,33.83659711827656,25.901831095555607,7.75,-15.775138324998327,-4.585663591607333
6040016770,0,6040016770,6040016770,0.0,0.0,12638.9,12638.9,6419,0,1,0,80,1202,5.0,5.0,-16.274442433676292,0.13855691517287183,-11.459983359662473,0.006445174163877174,1.0,0.0,8.369856137803023,2018.0,2026.0,5.0,3.0,56.290526120649176,-56.494007939102424,-112.78453405975159,11.280641158175047,-36.77009004538626,-48.05073120356131,7.75,-126.09629592691009,-88.79330022681671
6040016970,0,6040016970,6040016970,0.0,0.0,148491.5,2594298.3,6421,0,0,1,81,1203,25.0,25.0,-18.324186246912188,0.11727561108937364,-15.970628251027762,0.0023981585158492,1.0,0.0,4.769729868019539,2018.0,2026.0,5.0,3.0,68.70895353615012,-66.75301329388134,-135.46196683003146,34.875501864687536,-59.82471586652005,-94.70021773120759,7.75,-141.97795230324843,-123.74230787243961
6040870380,6040016970,6040016970,6040016970,471.0,471.0,160808.5,2249533.0,6423,0,0,1,82,1204,27.0,27.0,-21.97454743081771,0.04612287641691238,-16.98074225498234,4.5118390588779596e-06,1.0,0.0,8.542392196935822,2018.0,2026.0,5.0,3.0,62.07857204408833,-36.14419138877479,-98.22276343286313,25.787919493557514,-43.226172748135525,-69.01409224169304,7.75,-170.2613805043508,-131.56879009336078
6040870370,6040016970,6040016970,6040016970,471.2,471.2,225844.1,225844.4,6422,0,0,2,83,1205,31.0,31.0,-26.589797237648682,0.051168261963279414,-21.751149502134417,9.605383783629517e-05,1.0,0.0,8.64638011568749,2018.0,2026.0,5.0,3.0,73.31880047039601,-51.76490053826583,-125.08370100866185,47.31370109670991,-68.63580048143172,-115.94950157814162,7.75,-206.02087934988577,-168.53046705281426
6040814820,6040870380,6040016970,6040016970,1090.7,1090.7,1159401.1,1159401.1,6424,0,0,2,84,1206,123.0,123.0,-16.72824628301606,0.28173513253003624,-14.434061128061998,0.019593564901360622,1.0,0.0,5.135953540537558,2018.0,2026.0,5.0,3.0,117.53502824388008,-33.620929065010436,-151.15595730889052,82.70632447959224,-45.67497281896592,-128.38129729855817,7.75,-129.6124215768253,-111.83680490736607
6040814830,6040870380,6040016970,6040016970,1090.9,1090.9,275288.6,951736.7,6425,0,0,1,85,1207,42.0,42.0,-12.064409024428787,0.2173576015408752,-11.037524968432681,0.060707187957936413,1.0,0.0,3.8037141939087733,2018.0,2026.0,5.0,3.0,91.09598328298894,-2.625358039410905,-93.72134132239984,70.39001023629963,9.177148793489653,-61.21286144280998,7.75,-93.47646143499924,-85.5200428765626
6040752460,6040814830,6040016970,6040016970,2176.6,2176.6,207662.9,574726.6,6427,0,0,1,86,1208,31.0,31.0,-25.84859392146841,0.32203631455611487,-23.2431918405455,0.15168579535104623,0.980287562957176,0.0,5.2463991019390575,2018.0,2026.0,5.0,3.0,157.31237370422423,-79.53570259542305,-236.8480762996473,125.79266247931669,-80.19897116410745,-205.99163364342414,7.75,-200.27794879604545,-180.0909867453628
6040752470,6040814830,6040016970,6040016970,2176.8,2176.8,101740.9,101740.9,6426,0,0,2,87,1209,19.0,19.0,-20.075261379303967,0.16578564201177406,-16.370591126462955,0.09675210397582214,1.0,0.0,4.73510862363047,2018.0,2026.0,5.0,3.0,125.12790775726577,-47.47063086545548,-172.59853862272126,106.9959989659374,-37.65889914579278,-144.65489811173018,7.75,-155.54548857886442,-126.84126731797444
6040709810,6040752460,6040016970,6040016970,2576.2,2576.2,223583.8,223583.8,6428,0,0,2,88,1210,32.0,32.0,-8.253189684198695,0.40098312125449687,-4.5391881836999595,0.6616006870282897,1.0,0.0,5.493611254832293,2018.0,2026.0,5.0,3.0,82.35776668817232,-26.240524436635678,-108.598291124808,45.54792781655452,-26.177767785617146,-71.72569560217167,7.75,-63.94668530125204,-35.17016443496478
6040709820,6040752460,6040016970,6040016970,2576.4,2576.4,143481.5,143484.0,6429,0,0,1,89,1211,22.0,22.0,-12.983940000905346,0.26459643319362436,-9.525286093052951,0.20550082014481702,1.0,0.0,3.698566970784595,2018.0,2026.0,5.0,3.0,93.5396698708939,-41.56489755846771,-135.10456742936162,66.69295846791547,-43.33709839421979,-110.03005686213527,7.75,-100.60109569489974,-73.80303803789145
6040016980,0,6040016980,6040016980,0.0,0.0,19412.8,19412.8,6430,0,1,0,90,1212,6.0,6.0,-13.31513467649777,0.0700499443691495,-8.474132594852291,0.0010422892620421302,1.0,0.0,9.020363575239765,2018.0,2026.0,5.0,3.0,53.12047308748326,-36.40695971430315,-89.5274328017864,1.4295220088831004,-22.142677572966324,-23.572199581849425,7.75,-103.16723103213879,-65.65857698407115
6040017370,0,6040017370,6040017370,0.0,0.0,1.8,1.8,6511,0,1,0,91,1213,,,,,,,,,,,,,,,,,,,,,,
6040017380,0,6040017380,6040017380,0.0,0.0,86109.0,86110.0,6512,0,0,1,92,1214,17.0,17.0,-13.188538537301074,0.04260343493130916,-13.638925888200388,2.217890425587477e-07,1.0,0.0,6.187718505759338,2018.0,2026.0,5.0,3.0,64.93112380296459,-47.38351175249725,-112.31463555546185,21.56698810980948,-47.873927693224495,-69.44091580303397,7.75,-102.1863492417852,-105.6760034595677
6040017390,0,6040017390,6040017390,0.0,0.0,1780.4,1780.4,6513,0,1,0,93,1215,1.0,1.0,-10.15840989576397,0.08591477681429587,-5.826095622235183,0.03943018430844981,1.0,0.0,6.25996514399807,2018.0,2026.0,5.0,3.0,45.537323743104935,-18.241050926347572,-63.778374669452504,-8.295224675791772,-8.256046986409423,0.039177689382349,7.75,-78.708555797432,-45.14127477323907
6040017530,0,6040017530,6040017530,0.0,0.0,17421.2,17421.2,6514,0,0,1,94,1216,6.0,6.0,-6.886598603036772,0.23369095287855873,-4.572856139545106,0.12512582802071753,1.0,0.0,4.281670020265919,2018.0,2026.0,5.0,3.0,42.45406104616469,-7.371443018290275,-49.82550406445496,-9.325606607963724,3.254300074198717,12.579906682162441,7.75,-53.35817671894337,-35.43102772050007
6040017540,0,6040017540,6040017540,0.0,0.0,17652.6,17652.6,6515,0,1,0,95,1217,5.0,5.0,-3.4212504208553156,0.5522363757987583,-1.7938618402315996,0.6330765108510207,1.0,0.0,4.674320146985979,2018.0,2026.0,5.0,3.0,33.019515169391234,11.843245459959869,-21.176269709431367,-9.711491413656976,23.67321462382503,33.384706037482005,7.75,-26.50825103633277,-13.89905272513464
6040017970,0,6040017970,6040017970,0.0,0.0,10322.1,10322.1,6516,0,0,1,96,1218,3.0,3.0,-6.151425148231301,0.15949971972948734,-8.118910407433102,0.0011859288959960123,1.0,0.0,4.054773616660435,2018.0,2026.0,5.0,3.0,47.56255548715365,-21.079031528115568,-68.64158701526922,17.18112374667796,-18.483739470165595,-35.66486321684356,7.75,-47.66196624091604,-62.90627365649741
6040017980,0,6040017980,6040017980,0.0,0.0,11733.6,11733.6,6517,0,1,0,97,1219,3.0,3.0,-7.410482272411606,0.026079109173768714,-10.828276631245648,1.1069266385136622e-06,0.6310313347843686,0.0,5.811351689245826,2018.0,2026.0,5.0,3.0,52.159369509099065,-38.74049954048095,-90.89986904958002,31.931363106769954,-32.62775486984848,-64.55911797661844,7.75,-57.4172890648182,-83.89876212573631
6040018280,0,6040018280,6040018280,0.0,0.0,9896.9,9897.0,6518,0,0,1,98,1220,5.0,5.0,-10.645970682363382,0.007923760157755186,-15.556803230950536,3.66071499275391e-12,0.9422608348334858,0.0,7.336154265373049,2018.0,2026.0,5.0,3.0,67.51314344592126,-48.22004431006665,-115.7331877559879,52.18394137588913,-54.45745855401012,-106.64139992989925,7.75,-82.48623417135762,-120.53594289826151
6040018290,0,6040018290,6040018290,0.0,0.0,43879.3,43879.3,6519,0,1,0,99,1221,9.0,9.0,-16.136179116128908,1.3715133731981363e-06,-19.39919230181662,5.044955999163776e-10,0.8690074508512898,0.0,4.394644680676455,2018.0,2026.0,5.0,3.0,83.95700470559832,-67.94475420436609,-151.90175890996443,68.04565873619113,-79.07776168869889,-147.12342042489,7.75,-125.02501546514664,-150.30722577451346
6040018850,0,6040018850,6040018850,0.0,0.0,27381.9,294183.0,6521,0,0,1,100,1222,7.0,7.0,-15.857964006095743,3.129838424341518e-09,-14.32303160127263,3.438734643943225e-07,1.0,0.0,3.1692810600739616,2018.0,2026.0,5.0,3.0,73.8650367107103,-59.53588037852099,-133.40091708923129,49.61877751445142,-54.700119877653655,-104.31889739210507,7.75,-122.869372039017,-110.97653506256412
6040933820,6040018850,6040018850,6040018850,357.5,357.5,41850.9,41850.9,6522,0,0,2,101,1223,12.0,12.0,-8.950313491786378,0.08002730786112663,-7.90760875667686,0.07981357397572257,1.0,0.0,2.0874786801217526,2018.0,2026.0,5.0,3.0,62.749732021542954,-32.26439785383119,-95.01412987537415,50.199768122869315,-29.77640257604706,-79.97617069891638,7.75,-69.34808263314292,-61.26908359040524
6040933800,6040018850,6040018850,6040018850,357.7,357.7,58969.4,251775.8,6523,0,0,1,102,1224,13.0,13.0,-22.47591309005599,0.00012508784517390104,-21.7301161832515,0.0004571232659715784,1.0,0.0,3.4391353716461714,2018.0,2026.0,5.0,3.0,110.63024353842619,-70.44419452719036,-181.07443806561656,88.16954733301425,-58.775915030449475,-146.94546236346372,7.75,-174.14602065669666,-168.36749842190758
6040913910,6040933800,6040018850,6040018850,799.8,799.8,78538.3,189763.5,6525,0,0,1,103,1225,14.0,14.0,-28.903768605947565,0.005819199055024123,-29.104095726582205,0.002573190458156079,1.0,0.0,2.0742309620170247,2018.0,2026.0,5.0,3.0,119.06903679966464,-76.90799293872999,-195.97702973839463,109.7801743819809,-83.38209279894708,-193.16226718092798,7.75,-223.94980192972378,-225.50196004442887
6040913900,6040933800,6040018850,6040018850,800.0,800.0,31857.6,31857.6,6524,0,0,2,104,1226,7.0,7.0,-22.88592485958759,0.032227009012473794,-23.592313644069662,0.0536359012158473,1.0,0.0,2.4772131192624385,2018.0,2026.0,5.0,3.0,118.69422724078372,-57.11021721602777,-175.8044444568115,111.39911829756184,-56.291114801102424,-167.69023309866427,7.75,-177.32284011672246,-182.79602358033443
6040877660,6040913910,6040018850,6040018850,1325.4,1325.4,55089.2,55089.2,6526,0,0,2,105,1227,9.0,9.0,-21.517214655396646,0.00017024281713885804,-23.535273322687043,1.5455113907649572e-06,1.0,0.0,3.026763198333352,2018.0,2026.0,5.0,3.0,69.44992957496363,-47.64026672021234,-117.09019629517597,58.02195385810903,-65.16467125151333,-123.18662510962236,7.75,-166.7179123197057,-182.35406845504266
6040877590,6040913910,6040018850,6040018850,1325.5,1325.5,7387.9,67995.1,6527,0,0,1,106,1228,4.0,4.0,-23.015288473093598,0.0015974301639489943,-22.004958196902386,0.0006610997005078748,1.0,0.0,2.6539194565538162,2018.0,2026.0,5.0,3.0,78.741664978473,-50.85418406470899,-129.595849043182,70.1524931377395,-61.992758469173566,-132.14525160691306,7.75,-178.32516462383268,-170.49700670016085
6040862860,6040877590,6040018850,6040018850,1502.9,1502.9,37026.0,37026.0,6529,0,0,1,107,1229,9.0,9.0,-16.26830131097782,6.454343856822486e-05,-15.825473178917257,1.1804436808578902e-05,1.0,0.0,3.8597634724337677,2018.0,2026.0,5.0,3.0,47.64958656498231,-23.87404727800501,-71.52363384298732,34.18802180082855,-33.96437721689107,-68.15239901771963,7.75,-126.04871378526278,-122.6176292849715
6040862810,6040877590,6040018850,6040018850,1503.0,1503.0,27497.9,27497.9,6528,0,0,2,108,1230,8.0,8.0,-17.889806026943944,0.00020964952770369976,-16.359409423332608,0.00020278237056175423,1.0,0.0,3.1521572718338873,2018.0,2026.0,5.0,3.0,53.33140230419417,-26.746342285958196,-80.07774459015236,46.20211374301027,-32.862225993161424,-79.06433973617169,7.75,-138.61232322040073,-126.75463016572562
6040018860,0,6040018860,6040018860,0.0,0.0,9572.6,9572.6,6531,0,1,0,109,1231,3.0,3.0,-13.141149632228228,1.727954002235182e-07,-11.974069461817308,9.73287431567384e-09,0.7354119812763332,0.0,3.3529480395277393,2018.0,2026.0,5.0,3.0,66.0310155104885,-55.89275832931222,-121.92377383980073,41.32785971411497,-53.6681940523012,-94.99605376641617,7.75,-101.81917442629948,-92.77649986842707
6040019090,0,6040019090,6040019090,0.0,0.0,136083.0,136083.0,6532,0,0,1,110,1232,24.0,24.0,-5.001871508555009,0.08477696384641518,-3.089021874740987,0.12040358433423268,0.9658249373479301,0.0,2.3382682548425637,2018.0,2026.0,5.0,3.0,28.665597290093395,-24.255301089903032,-52.92089837999643,16.070912066455257,-24.05057429908764,-40.12148636554289,7.75,-38.75508930653163,-23.934105148574933
6040019100,0,6040019100,6040019100,0.0,0.0,45420.8,45420.8,6533,0,1,0,111,1233,12.0,12.0,-15.23300540180148,1.0402955403202218e-08,-14.297164273514415,6.561869185132844e-06,0.7672242117614947,0.0,4.169530727376794,2018.0,2026.0,5.0,3.0,59.42041855789614,-52.6383950594907,-112.05881361738685,54.37183131977093,-37.89603179555501,-92.26786311532595,7.75,-118.02711919807855,-110.77611196179548
6040020000,0,6040020000,6040020000,0.0,0.0,137937.7,137937.7,6534,0,0,1,112,1234,23.0,23.0,-16.631385557762197,1.7023925211615193e-10,-17.98388291238873,7.062570562475636e-10,0.998728855946748,0.0,1.9356656486101338,2018.0,2026.0,5.0,3.0,55.50344479973711,-54.6809777091712,-110.18442250890831,57.970159067480914,-46.042983654427246,-104.01314272190817,7.75,-128.86193327437925,-139.34124200427135
6040020010,0,6040020010,6040020010,0.0,0.0,29898.9,29898.9,6535,0,1,0,113,1235,10.0,10.0,-17.525520027767527,3.373591987104699e-09,-20.55887379598713,3.044088869424699e-08,0.8324670483586568,0.0,4.058903126330158,2018.0,2026.0,5.0,3.0,63.48894647390821,-55.17980083115223,-118.66874730506044,71.28502285218397,-47.00090951193102,-118.28593236411498,7.75,-135.78979241227134,-159.2925745178469
6040020950,0,6040020950,6040020950,0.0,0.0,30054.3,30054.3,6536,0,0,1,114,1236,9.0,9.0,-37.395115899150056,3.4802058923826664e-17,-40.360255538163116,2.2965832681745253e-17,1.0,0.0,4.093136851228368,2018.0,2026.0,5.0,3.0,133.6034757354858,-130.6681578495619,-264.2716335850477,139.9870101310368,-124.71274416135903,-264.6997542923958,7.75,-289.7417604232571,-312.7160114250558
6040020960,0,6040020960,6040020960,0.0,0.0,102532.6,102532.6,6537,0,1,0,115,1237,17.0,17.0,-52.48312298571753,3.8169502970335003e-14,-55.15635682881796,3.0604549623504327e-18,0.9636611080541434,0.0,3.5330655737779257,2018.0,2026.0,5.0,3.0,185.8235853448721,-182.64902645060158,-368.47261179547365,195.17569985802464,-180.5126894314523,-375.68838928947696,7.75,-406.6454156046013,-427.3579461343048
6040021210,0,6040021210,6040021210,0.0,0.0,28902.3,28902.3,6538,0,0,1,116,1238,6.0,6.0,-82.80119439137127,5.290192548707712e-10,-83.30544799241194,6.558410529807701e-11,1.0,0.0,13.986991912767335,2018.0,2026.0,5.0,3.0,278.263298997939,-258.3861597898411,-536.6494587877801,288.31831167759753,-237.9310377417709,-526.2493494193684,7.75,-641.5534021289,-645.4604183943212
6040021220,0,6040021220,6040021220,0.0,0.0,53134.7,53134.7,6539,0,1,0,117,1239,11.0,11.0,-41.717660552945674,1.3540470027366362e-11,-40.42456704127946,1.437070151441763e-13,0.9940473782562422,0.0,1.9680175795163295,2018.0,2026.0,5.0,3.0,135.15437305559004,-113.19367828674721,-248.34805134233727,136.58877823780657,-102.72977902702983,-239.3185572648364,7.75,-323.23334528360374,-313.2143045224391
6040021870,0,6040021870,6040021870,0.0,0.0,92301.8,92301.8,6611,0,1,0,118,1240,16.0,16.0,-76.37070408989143,6.671546376982242e-18,-61.32383881700966,1.0165780042097736e-13,0.9031982547791845,0.0,40.15029127223333,2018.0,2026.0,5.0,3.0,248.44144264475034,-243.1031735442183,-491.54461618896863,207.66964410640048,-197.101563336489,-404.7712074428895,7.75,-591.729206226948,-475.144322661567
6040023980,0,6040023980,6040023980,0.0,0.0,14020.2,14020.2,6612,0,0,1,119,1241,4.0,4.0,-103.32414812737827,1.6027977582339504e-15,-96.39348101105183,5.55698677925157e-17,1.0,0.0,37.815740625901086,2018.0,2026.0,5.0,3.0,346.1603784208454,-391.58988747234065,-737.750265893186,329.66818388679,-349.59322706682616,-679.2614109536162,7.75,-800.5676637932389,-746.8680390452477
6040023990,0,6040023990,6040023990,0.0,0.0,2987.0,2987.0,6613,0,1,0,120,1242,2.0,2.0,-99.78114346924069,9.261975895789011e-17,-105.80129771725751,5.466913740900544e-10,1.0,0.0,3.4283272057943255,2018.0,2026.0,5.0,3.0,333.82702212776894,-393.8323114486637,-727.6593335764326,368.3304931615868,-387.1412853826223,-755.4717785442091,7.75,-773.116046592611,-819.7609104444593
6040024060,0,6040024060,6040024060,0.0,0.0,29292.3,29292.3,6614,0,0,1,121,1243,7.0,7.0,-67.34168518709014,3.7544177102611207e-22,-53.59700127700807,1.0078954180009462e-06,1.0,0.0,62.89054246548248,2018.0,2026.0,5.0,3.0,230.0417739906974,-250.80566474459428,-480.8474387352917,192.43574973130634,-161.74417550577058,-354.17992523707693,7.75,-521.7713048034636,-415.27587573972033
6040024070,0,6040024070,6040024070,0.0,0.0,39207.8,39207.8,6615,0,1,0,122,1244,9.0,9.0,-65.18888473211953,4.026730144215238e-24,-56.94507102641401,4.3710707597178807e-10,0.896855533843556,0.0,45.98941270639999,2018.0,2026.0,5.0,3.0,216.02863965300944,-238.59649547363014,-454.6251351266396,191.16828957574756,-201.2612197663701,-392.4295093421176,7.75,-505.09115343435536,-441.2171143182797
6040025130,0,6040025130,6040025130,0.0,0.0,12294.2,12294.2,6616,0,0,1,123,1245,4.0,4.0,-34.28558574660663,6.88265869886705e-23,-37.4668406355536,1.7178617544905147e-06,1.0,0.0,2.9243012835840725,2018.0,2026.0,5.0,3.0,116.60957957930059,-113.20502162598727,-229.81460120528786,133.82327234496762,-100.20040635420945,-234.02367869917708,7.75,-265.6487547238789,-290.29749212489173
6040025140,0,6040025140,6040025140,0.0,0.0,13028.0,13028.0,6617,0,1,0,124,1246,5.0,5.0,-18.812390564590427,1.3195814871587482e-15,-24.97925691323893,7.701293936272862e-06,0.7932864434018753,0.0,2.7445749916847877,2018.0,2026.0,5.0,3.0,59.0088879427655,-50.01575825051592,-109.02464619328143,88.62705584158564,-50.13900934759223,-138.76606518917788,7.75,-145.76061683173418,-193.54222331133792
6040025410,0,6040025410,6040025410,0.0,0.0,13162.2,13162.2,6618,0,0,1,125,1247,6.0,6.0,-8.825911174477616,1.0590885902958971e-05,-11.937305096122735,0.004190402550703156,0.9589154136253022,0.0,2.909516882556048,2018.0,2026.0,5.0,3.0,19.858911355266734,-20.703860776877942,-40.56277213214467,36.12054243391283,-1.4045426056749573,-37.525085039587786,7.75,-68.38419883305039,-92.49164523484556
6040025420,0,6040025420,6040025420,0.0,0.0,49783.1,49783.1,6619,0,1,0,126,1248,11.0,11.0,-2.661948228899064,0.4769126813910413,-4.7019765006441645,0.03726260910850912,0.8584427912979686,0.0,2.115714131801518,2018.0,2026.0,5.0,3.0,-8.099161135342436,-11.093320278427152,-2.9941591430847154,-16.376708800279822,-13.214966868106558,3.161741932173264,7.75,-20.62508826224326,-36.431467479323715
6040026140,0,6040026140,6040026140,0.0,0.0,60207.6,60207.6,6621,0,1,0,127,1249,10.0,10.0,2.6628179245462107,0.6233780004121275,2.4636133807546123,0.34854011980052974,0.8807816996933694,0.0,2.125209969501216,2018.0,2026.0,5.0,3.0,6.083138561533689,-15.455317985666325,-21.538456547200013,-35.436940610941825,-27.088693425735002,8.348247185206823,7.75,20.63182676650452,19.088366509337586
6040026750,0,6040026750,6040026750,0.0,0.0,24251.9,24252.2,6622,0,0,1,128,1250,8.0,8.0,11.557393826832005,0.1991789583023156,12.340943095777158,0.009579905544326766,0.8761327774980024,0.0,2.256682754542678,2018.0,2026.0,5.0,3.0,4.281854240861081,7.100148164689519,2.8182939238284375,-25.02050171798839,6.355958889576723,31.376460607565114,7.75,89.54804799434518,95.61907997549449
6040026760,0,6040026760,6040026760,0.0,0.0,15445.1,15445.1,6623,0,1,0,129,1251,5.0,5.0,16.63123765506342,0.1761855441227415,16.64618503288517,0.03504585218250753,1.0,0.0,1.842723389454267,2018.0,2026.0,5.0,3.0,4.275034284999758,23.760886593337148,19.48585230833739,-18.328136392316548,24.765396032854202,43.09353242517075,7.75,128.86078730685688,128.9766013499385
6040026990,0,6040026990,6040026990,0.0,0.0,21104.8,21105.1,6624,0,0,1,130,1252,6.0,6.0,9.78429281005969,0.3337871214333658,11.022623616128232,0.13305775346055534,1.0,0.0,3.50018940814744,2018.0,2026.0,5.0,3.0,24.816660586877553,19.770023015456076,-5.046637571421478,-3.9784094887650108,27.19703034248012,31.17543983124513,7.75,75.80985257349465,85.40458544460752
6040027000,0,6040027000,6040027000,0.0,0.0,121075.8,121075.8,6625,0,1,0,131,1253,21.0,21.0,-12.570656550938422,0.0067901080878140195,-14.713156407022883,0.0023037379043912604,0.9106175796586355,0.0,3.7865490125926202,2018.0,2026.0,5.0,3.0,42.31326117058178,-23.664313401660706,-65.97757457224249,30.94913549542349,-29.47476959276504,-60.42390508818853,7.75,-97.39892686969401,-113.99926798596786
6040028290,0,6040028290,6040028290,0.0,0.0,18467.3,18467.3,6626,0,0,1,132,1254,6.0,6.0,-15.081416064084108,4.6156947624458397e-07,-12.717978378315463,1.851782728785024e-06,1.0,0.0,6.4609609968142,2018.0,2026.0,5.0,3.0,41.03907129207359,-25.952309521497252,-66.99138081357084,29.472944432289374,-20.501380331784127,-49.9743247640735,7.75,-116.85258716319788,-98.5403937320541
6040028300,0,6040028300,6040028300,0.0,0.0,77887.8,77887.8,6627,0,1,0,133,1255,13.0,13.0,-14.473934312597372,6.15275912533427e-08,-13.827903954527967,9.279125222581449e-08,0.9985241455923236,0.0,1.7102495460249405,2018.0,2026.0,5.0,3.0,33.174575316019784,-37.05386088406726,-70.22843620008705,30.94254653841462,-34.70086834122653,-65.64341487964116,7.75,-112.14574703531981,-107.14022776540493
6040029040,0,6040029040,6040029040,0.0,0.0,36060.2,36060.2,6628,0,0,1,134,1256,9.0,9.0,-11.254599019501075,5.738832006542375e-05,-11.326291800003697,5.762439009527208e-05,0.9520318451958806,0.0,1.471549446481366,2018.0,2026.0,5.0,3.0,20.883748580418313,-33.17921451536918,-54.062963095787495,23.163666239472185,-34.882270528096875,-58.04593676756906,7.75,-87.20195817984407,-87.7574422833962
6040029050,0,6040029050,6040029050,0.0,0.0,40638.6,40638.6,6629,0,1,0,135,1257,8.0,8.0,-8.603780800950638,0.007765309481490375,-8.67099362945,0.006041603397989343,0.7740758958089149,0.0,1.1895314209480299,2018.0,2026.0,5.0,3.0,14.47137309233751,-35.2943322539275,-49.76570534626501,16.401232959952548,-43.24225694189669,-59.643489901849236,7.75,-66.66310654809119,-67.18387945610816
6040029280,0,6040029280,6040029280,0.0,0.0,292389.6,292389.6,6710,0,1,0,136,1258,46.0,46.0,-1.8054034333551654,0.4613025863732303,-2.142418433133948,0.39848979092855713,0.7746616417210687,0.0,4.97324473040613,2018.0,2026.0,5.0,3.0,7.346516331386913,8.8998741154436,1.5533577840566872,-2.717657040414548,-7.940630918498404,-5.222973878083856,7.75,-13.9884783474199,-16.59971024166755
6040032290,0,6040032290,6040032290,0.0,0.0,209847.8,209847.8,6720,0,1,0,137,1259,37.0,37.0,2.246945807882638,0.3039017772588459,-0.3000858882514046,0.8847858443622113,0.88589278726868,0.0,3.074255166594042,2018.0,2026.0,5.0,3.0,-2.669055052753206,25.395230930716366,28.06428598346957,14.196904484778424,11.045404922632088,-3.151499562146336,7.75,17.409600646975676,-2.3251007905584533
6040034810,0,6040034810,6040034810,0.0,0.0,11222.6,11222.6,6140,0,1,0,138,1260,3.0,3.0,16.323913076864784,0.3035428240099588,15.53619096618073,0.028826441876285375,0.9657560065891697,0.0,2.397237627617499,2018.0,2026.0,5.0,3.0,-22.28677296394905,1.2204421142154172,23.507215078164467,-5.198993759395208,5.337758965125226,10.536752724520433,7.75,126.47960029439382,120.37623664419293
6040035460,0,6040035460,6040035460,0.0,0.0,13704.8,13704.8,6540,0,1,0,139,1261,,,,,,,,,,,,,,,,,,,,,,
6040035990,0,6040035990,6040035990,0.0,0.0,74850.8,74850.8,6610,0,1,0,140,1262,11.0,11.0,-26.90939018579375,5.424120112840987e-09,-21.449580968701213,1.6089559743123706e-06,0.5100553322605259,0.0,5.166243055099376,2018.0,2026.0,5.0,3.0,80.41505332307786,-22.42131046087574,-102.8363637839536,77.58544452685923,-22.642744219759873,-100.22818874661911,7.75,-208.49712313701934,-166.19387855283898
6040040020,0,6040040020,6040040020,0.0,0.0,150.3,150.3,6630,0,1,0,141,1263,,,,,,,,,,,,,,,,,,,,,,
6040040110,0,6040040110,6040040110,0.0,0.0,8476.5,8476.5,6730,0,1,0,142,1264,,,,,,,,,,,,,,,,,,,,,,
6040040460,0,6040040460,6040040460,0.0,0.0,308235.5,308235.5,6440,2,0,1,143,1265,40.0,40.0,-25.98410405684293,0.0677650576166649,-23.46112078995763,0.002822094352510508,1.0,0.0,5.1073955582279975,2018.0,2026.0,5.0,3.0,81.84330431843773,-50.286014031146,-132.12931834958374,74.90024192505706,-68.65525395555876,-143.5554958806158,7.75,-201.32789727820807,-181.77952590165665
6040040470,0,6040040470,6040040470,0.0,0.0,326937.3,326937.3,6640,2,0,1,144,1266,48.0,48.0,-13.886635295273619,0.00936299783136669,-11.184607212540216,0.001849152378335215,1.0,0.0,5.2706003708161635,2018.0,2026.0,5.0,3.0,46.31917843162036,-38.64323448072809,-84.96241291234844,28.803862269087187,-42.53114483363451,-71.33500710272169,7.75,-107.59528510780108,-86.65965341954501
6040040500,0,6040040500,6040040500,0.0,0.0,131645.8,131645.8,6530,2,0,1,145,1267,21.0,21.0,-12.471294032925837,7.28058913155951e-08,-10.246727894717617,1.06877379502852e-05,0.9971314164791313,0.0,3.4507229252152176,2018.0,2026.0,5.0,3.0,45.79084550687351,-42.24501723198731,-88.03586273886083,40.38297575069816,-29.646184008054316,-70.02915975875247,7.75,-96.62905438242332,-79.39285405078948
6040040510,0,6040040510,6040040510,0.0,0.0,193456.8,193456.8,6510,2,0,1,146,1268,27.0,27.0,-22.843018431324143,0.030318948687482552,-23.87359762373916,5.8750222524140144e-05,1.0,0.0,4.492551383102942,2018.0,2026.0,5.0,3.0,107.43574081936936,-74.56188632597461,-181.99762714534398,94.14476347785819,-72.0376914280414,-166.1824549058996,7.75,-176.99039605926717,-184.97544496969698
6040040530,6040018850,6040040530,6040018850,0.0,1.0,35292.5,35292.5,6520,2,0,2,147,1269,10.0,10.0,-15.487280103804661,0.01940291280644571,-15.76748820045205,0.013471931542314106,1.0,0.0,1.5215644739159528,2018.0,2026.0,5.0,3.0,93.65728402936666,-46.47827398211923,-140.1355580114859,82.56547678341548,-52.09845843245767,-134.66393521587315,7.75,-119.9972695243455,-122.16835484539166
3040000010,0,3040000010,3040000010,0.0,0.0,117255.2,117255.2,3110,0,1,0,1,1270,19.0,19.0,-7.996197178274017,3.6477165634714626e-05,-4.172470964143891,0.04334134859251205,0.9728426554058691,0.0,12.06884514142973,2018.0,2026.0,5.0,3.0,40.83195759328898,-47.657314070997586,-88.48927166428658,20.094939976340576,12.512811045277113,-7.582128931063464,7.75,-61.95547711024085,-32.328796245112144
3040001840,0,3040001840,3040001840,0.0,0.0,58705.0,2467589.3,3121,0,0,1,2,1271,12.0,12.0,-9.804077245937005,0.002777567391087313,-7.8742341636381,0.0001494779138561643,1.0,0.0,9.675437104277906,2018.0,2026.0,5.0,3.0,57.98488220061374,-32.9974483393491,-90.98233053996285,25.371760072685117,-19.182666652044606,-44.55442672472972,7.75,-75.96314471184593,-61.01049331443073
3040203170,3040001840,3040001840,3040001840,275.7,275.7,130410.0,130410.0,3122,0,0,2,3,1272,23.0,23.0,-6.237019914221608,0.18527334315163815,-6.313214588699516,0.002255642023340328,1.0,0.0,7.672874592189789,2018.0,2026.0,5.0,3.0,51.37777722586203,-16.63504586032657,-68.0128230861886,34.60443770412253,-20.776213221237516,-55.380650925360044,7.75,-48.325164564673926,-48.91552987274369
3040203310,3040001840,3040001840,3040001840,275.8,275.8,101348.5,2278501.5,3123,0,0,1,4,1273,18.0,18.0,-4.531355634737519,0.37751692845875195,-4.428202394199161,0.09769364775164456,1.0,0.0,8.092027701431851,2018.0,2026.0,5.0,3.0,40.78293412003376,-1.858507569336596,-42.64144168937035,19.620841789502617,-12.205940991792843,-31.82678278129546,7.75,-35.10947692349673,-34.31023347182376
3040387130,3040203310,3040001840,3040001840,1187.0,1187.0,153305.5,1139612.0,3125,0,0,1,5,1274,25.0,25.0,-7.070102915031936,0.30165399368814777,-6.4437587292636564,0.07653775118509988,1.0,0.0,5.179572400126454,2018.0,2026.0,5.0,3.0,63.440198923364775,10.407799593579574,-53.0323993297852,43.644995712713715,-7.051409996816164,-50.69640570952988,7.75,-54.77998973180117,-49.9270012424809
3040386960,3040203310,3040001840,3040001840,1187.2,1187.2,1038714.1,1038714.1,3124,0,0,2,6,1275,113.0,113.0,1.7350817891275003,0.5554417248037647,-1.0585563949834658,0.6090951154864249,1.0,0.0,6.135468022538721,2018.0,2026.0,5.0,3.0,27.72507527198031,24.673038195116032,-3.052037076864277,17.507248396016983,0.778710627450959,-16.728537768566024,7.75,13.443617969146684,-8.20181956961864
3040481930,3040387130,3040001840,3040001840,1847.1,1847.1,399732.6,399732.6,3126,0,0,2,7,1276,50.0,50.0,-6.08174607881038,0.5830174415633823,-8.918935255609405,0.14190279053876623,1.0,0.0,7.264059994828856,2018.0,2026.0,5.0,3.0,65.27140454874515,15.021775651918665,-50.249628896826486,67.17808622460153,-7.6336883362569425,-74.81177456085847,7.75,-47.12208460789426,-69.1049603651598
3040481940,3040387130,3040001840,3040001840,1847.3,1847.3,86285.5,600578.8,3127,0,0,1,8,1277,16.0,16.0,0.3422649241532518,0.9781833055035122,-3.0611296995798902,0.5823440291754806,1.0,0.0,8.490455642584054,2018.0,2026.0,5.0,3.0,52.571757446169805,25.16913246696521,-27.402624979204596,43.1435941405672,16.85668916006262,-26.286904980504584,7.75,2.6519089263619513,-23.717993291748364
3040496590,3040481940,3040001840,3040001840,2228.1,2228.1,251793.5,251793.5,3128,0,0,2,9,1278,37.0,37.0,5.823793806823991,0.22173921509853384,3.510512372155727,0.0678054921383104,1.0,0.0,6.891346215091123,2018.0,2026.0,5.0,3.0,20.298224453440742,8.952306869630059,-11.345917583810683,11.073350818487887,15.729789288688808,4.656438470200921,7.75,45.123440036445984,27.19986314360221
3040496490,3040481940,3040001840,3040001840,2228.3,2228.3,696392.9,696392.9,3129,0,0,1,10,1279,92.0,92.0,0.5064598301996028,0.9469381220950304,-4.130869563874224,0.3522343287337569,1.0,0.0,6.800126448471668,2018.0,2026.0,5.0,3.0,44.15834518488235,22.916002251796595,-21.242342933085755,34.1972957513932,0.9914271792775237,-33.205868572115676,7.75,3.9241103886786477,-32.00646369819043
3040001850,0,3040001850,3040001850,0.0,0.0,15307.8,15307.8,3131,0,1,0,11,1280,7.0,7.0,-8.056404702449669,0.017140390325075167,-4.3117363493624765,0.03665978900683551,1.0,0.0,6.578546107099032,2018.0,2026.0,5.0,3.0,47.75584782134344,-26.575352648189476,-74.33120046953292,11.491774192418854,-1.8755188205570594,-13.367293012975914,7.75,-62.42197209564015,-33.407840845163065
3040002000,0,3040002000,3040002000,0.0,0.0,54542.3,54542.9,3132,0,0,1,12,1281,10.0,10.0,-4.662747295203256,0.24325777248477579,-4.351789041215248,0.05646971097799462,1.0,0.0,8.327146699155858,2018.0,2026.0,5.0,3.0,31.018059117859973,-17.01409968218933,-48.0321588000493,8.017726960351045,-2.3372159482068753,-10.35494290855792,7.75,-36.12751497720798,-33.718173816944976
3040002010,0,3040002010,3040002010,0.0,0.0,27785.2,27785.2,3133,0,1,0,13,1282,9.0,9.0,-12.253042115203773,2.1994308492782033e-05,-8.859989799521614,1.950448229098143e-06,1.0,0.0,10.297967625058973,2018.0,2026.0,5.0,3.0,54.970022102546366,-56.170919996501766,-111.14094209904813,49.25344640287584,6.872215477235879,-42.38123092563996,7.75,-94.93801282964183,-68.64824403188547
3040002560,0,3040002560,3040002560,0.0,0.0,111252.9,111252.9,3134,0,0,1,14,1283,18.0,18.0,-4.6616579470288775,0.178456019626324,-5.890878698148114,0.0031508216741263032,1.0,0.0,7.5285760133407065,2018.0,2026.0,5.0,3.0,27.253521806547987,-26.956110957844107,-54.2096327643921,21.57476531030304,-6.802995232465231,-28.37776054276827,7.75,-36.11907457930657,-45.643221672167456
3040002570,0,3040002570,3040002570,0.0,0.0,3761.6,3761.6,3135,0,1,0,15,1284,3.0,3.0,-10.60157000385964,0.0001438759458152922,-10.438360039587174,5.786807499949357e-05,1.0,0.0,7.760001128694456,2018.0,2026.0,5.0,3.0,44.389508430220005,-57.29859627772644,-101.68810470794645,44.6151188821008,3.9036532390638334,-40.711465643036966,7.75,-82.14221248712603,-80.87764246962821
3040002680,0,3040002680,3040002680,0.0,0.0,150290.9,150290.9,3136,0,0,1,16,1285,23.0,23.0,-3.681262768805645,0.1964930812811395,-6.823024129716032,0.0014103282410124942,1.0,0.0,4.601382669996724,2018.0,2026.0,5.0,3.0,21.693712054397857,-35.033587514103125,-56.72729956850098,24.486314984466226,-19.058007361931836,-43.54432234639806,7.75,-28.522857318877417,-52.86559421518513
3040002690,0,3040002690,3040002690,0.0,0.0,3383.9,3383.9,3137,0,1,0,17,1286,4.0,4.0,-12.486603327009226,7.263682000887905e-06,-11.41041847987087,2.740544702980125e-05,1.0,0.0,4.2912908428541785,2018.0,2026.0,5.0,3.0,50.259609796203186,-68.30872125749906,-118.56833105370225,52.7423094080678,11.090542012628882,-41.65176739543892,7.75,-96.74767259530762,-88.40926570303782
3040002870,0,3040002870,3040002870,0.0,0.0,24517.7,24517.7,3138,0,0,1,18,1287,6.0,6.0,-13.087246580982018,8.604933863412413e-06,-10.935645071744098,0.0005596139306639024,1.0,0.0,3.3094268935857554,2018.0,2026.0,5.0,3.0,52.09321091244906,-78.66322214898229,-130.75643306143135,54.196964352244514,13.8820188624403,-40.31494548980422,7.75,-101.40152723936787,-84.73066544294538
3040002880,0,3040002880,3040002880,0.0,0.0,46488.9,46488.9,3139,0,1,0,19,1288,13.0,13.0,-12.332672677320321,3.846164546562643e-07,-13.371943332136496,1.2193195796105218e-08,1.0,0.0,5.162870611576856,2018.0,2026.0,5.0,3.0,52.291467376379686,-76.39727486642154,-128.68874224280123,61.98661211505271,-6.876867686381274,-68.86347980143398,7.75,-95.55499979963453,-103.6073911839734
3040003790,0,3040003790,3040003790,0.0,0.0,94410.0,94410.0,3210,0,1,0,20,1289,18.0,18.0,-12.110143864469316,1.594299516621047e-05,-12.732661847972935,4.307700867810999e-05,1.0,0.0,4.263156218528291,2018.0,2026.0,5.0,3.0,49.10186260979659,-90.45354108409073,-139.5554036938873,52.56508164842366,-6.998506276261094,-59.563587924684754,7.75,-93.83082035988546,-98.65416298360961
3040004740,0,3040004740,3040004740,0.0,0.0,158026.3,2489752.0,3221,0,0,1,21,1290,30.0,30.0,-5.020258227282503,0.0672405566924937,-5.790685981198877,0.008072839508367506,1.0,0.0,2.8900398242174448,2018.0,2026.0,5.0,3.0,20.412690352731182,-57.79400744243077,-78.20669779516194,33.9237542754178,29.801808670745,-4.121945604672799,7.75,-38.89755176785622,-44.86691670579828
3040216320,3040004740,3040004740,3040004740,662.4,662.4,117980.1,1875384.6,3223,0,0,1,22,1291,20.0,20.0,3.0594151981603304,0.2058111116300004,-3.7595344228932888,0.06636216743934796,1.0,0.0,4.260071318242915,2018.0,2026.0,5.0,3.0,6.331704307627065,-8.931550745849407,-15.263255053476472,25.282301857382453,-11.796329566353952,-37.078631423736404,7.75,23.704709132905503,-29.1293153094812
3040215990,3040004740,3040004740,3040004740,662.4,662.4,456459.7,456464.2,3222,0,0,2,23,1292,58.0,58.0,3.768078062095231,0.08867403011903231,-6.654244498167362,0.0016771818557051192,1.0,0.0,12.584567203798706,2018.0,2026.0,5.0,3.0,0.4747634887447486,-14.238112514521996,-14.712876003266745,33.114786324023044,-17.62346707145392,-50.73825339547696,7.75,29.19551243183985,-51.55786975992782
3040369320,3040216320,3040004740,3040004740,1252.7,1252.7,237680.1,237680.1,3224,0,0,2,24,1293,34.0,34.0,10.72900016583171,8.71821219618946e-06,-4.242079584302157,0.056243718232391715,1.0,0.0,18.775699695542148,2018.0,2026.0,5.0,3.0,-24.737434587752755,29.811960775168107,54.54939536292086,24.154099738618452,-1.6409660295435602,-25.79506576816201,7.75,83.12955638413071,-32.86813202895306
3040369500,3040216320,3040004740,3040004740,1252.9,1252.9,125789.1,1519703.0,3225,0,0,1,25,1294,22.0,22.0,8.070284832496181,2.298147714444096e-06,4.117347497544046,0.02482592298113459,1.0,0.0,9.26910644684975,2018.0,2026.0,5.0,3.0,-14.706542520282468,18.124973095104153,32.83151561538662,2.9888279767844015,12.062212948397354,9.073384971612953,7.75,62.5295169773147,31.90169313634401
3040483880,3040369500,3040004740,3040004740,1817.4,1817.4,754572.8,1034536.1,3227,0,0,1,26,1295,93.0,93.0,9.313012505696628,0.05341227374069176,4.640504688711774,0.015496765039590235,1.0,0.0,9.19453502939227,2018.0,2026.0,5.0,3.0,-45.62211595597033,29.116782102287413,74.73889805825775,-22.10981747391597,21.75783812443068,43.86765559834665,7.75,72.15831729259811,35.95517664354366
3040483980,3040369500,3040004740,3040004740,1817.6,1817.6,364437.2,364437.2,3226,0,0,2,27,1296,46.0,46.0,2.4711110204807483,0.44963264568846356,2.5452541115204816,0.36367638892957294,1.0,0.0,4.155442957282116,2018.0,2026.0,5.0,3.0,-6.610231093142735,34.368178177036526,40.97840927017926,5.359529992190705,24.624501918174673,19.264971925983968,7.75,19.146459104614696,19.720928502677516
3040679750,3040483880,3040004740,3040004740,4238.8,4238.8,151160.3,151160.3,3229,0,0,1,28,1297,26.0,26.0,2.9099585821217238,0.6885367424271175,4.153642654793907,0.13437949323335413,1.0,0.0,4.695114929285147,2018.0,2026.0,5.0,3.0,-21.728078733993705,-19.385341908082992,2.3427368259107126,-13.295430786710165,6.086306762908639,19.381737549618805,7.75,22.546701676672082,32.1829122876571
3040679760,3040483880,3040004740,3040004740,4238.9,4238.9,139561.9,139561.9,3228,0,0,2,29,1298,20.0,20.0,4.442401899445836,0.2614112765603327,3.2287474412411497,0.07553262867991786,1.0,0.0,5.101169260182161,2018.0,2026.0,5.0,3.0,-12.649319019452694,-7.309071967720642,5.340247051732052,-6.836132351437714,4.469046587540958,11.30517893897867,7.75,34.42025291014844,25.016715287371536
3040004750,0,3040004750,3040004750,0.0,0.0,20288.8,20288.8,3230,0,1,0,30,1299,6.0,6.0,-7.440966242706713,0.009094216540389539,-11.760757320884771,0.008997215793876594,1.0,0.0,7.362756942143386,2018.0,2026.0,5.0,3.0,34.67338638701668,-90.15171794505237,-124.82510433206905,45.27056615421692,12.515360930931498,-32.75520522328542,7.75,-57.653482455468854,-91.12373228775881
3040005240,0,3040005240,3040005240,0.0,0.0,5204.3,5204.3,3311,0,1,0,31,1300,3.0,3.0,6.605712873931419,0.010882287323968145,0.16477275014461412,0.9767498176684029,1.0,0.0,5.5057006723816055,2018.0,2026.0,5.0,3.0,-8.645744845963662,-29.757854616597587,-21.112109770633925,7.588905028855852,73.97309245364373,66.38418742478788,7.75,51.181841021836874,1.2766786664182286
3040005440,0,3040005440,3040005440,0.0,0.0,169628.0,169628.7,3312,0,0,1,32,1301,26.0,26.0,-5.257951500602366,0.008076631641285732,-8.035408052050641,0.0205306850399543,1.0,0.0,3.781394435683595,2018.0,2026.0,5.0,3.0,32.217503056874435,-64.07859842911314,-96.29610148598758,52.78286434658205,40.6863160752202,-12.096548271361854,7.75,-40.73922723259329,-62.259287576463564
3040005450,0,3040005450,3040005450,0.0,0.0,38890.2,38890.2,3313,0,1,0,33,1302,9.0,9.0,1.9240810960122987,0.362559682051531,3.267717542605089,0.3371251326007048,1.0,0.0,4.2322928556824175,2018.0,2026.0,5.0,3.0,8.727549576478275,24.49020055269624,15.762650976217966,10.414942979376804,86.39829840357491,75.98335542419811,7.75,14.90800684932185,25.318660220595216
3040006250,0,3040006250,3040006250,0.0,0.0,123853.6,123854.8,3314,0,0,1,34,1303,21.0,21.0,-6.027766487380239,0.0005961744039365165,-7.05997464805249,0.0008380729994727184,1.0,0.0,3.8241851476177047,2018.0,2026.0,5.0,3.0,41.67929680427963,-5.562731773606948,-47.24202857788658,45.71798392221912,18.72803080556137,-26.989953116657748,7.75,-46.70384437860665,-54.701514726868034
3040006260,0,3040006260,3040006260,0.0,0.0,88967.6,88967.6,3315,0,1,0,35,1304,19.0,19.0,-13.262853219002038,8.142566501300731e-11,-14.901421262293704,7.217167293883614e-10,0.9773437886931369,0.0,5.223574147201912,2018.0,2026.0,5.0,3.0,78.00564902765427,-53.22210391609914,-131.22775294375342,81.52770780784948,-42.36165465713544,-123.88936246498491,7.75,-102.76214814449217,-115.45796624857272
3040007880,0,3040007880,3040007880,0.0,0.0,300828.5,300828.5,3316,0,0,1,36,1305,38.0,38.0,-1.706502283669458,0.316186281120182,-7.1895841347511045,2.3603221058754686e-05,1.0,0.0,3.0591878871276053,2018.0,2026.0,5.0,3.0,18.722904607398455,-33.34775487021255,-52.070659477611,38.29046999984585,-1.0657776750403247,-39.35624767488617,7.75,-13.222180596261648,-55.705744288420604
3040007890,0,3040007890,3040007890,0.0,0.0,190648.2,190648.2,3317,0,1,0,37,1306,29.0,29.0,-3.6118937551464487,0.016646125388726514,-4.4997501373294915,0.0038687509152842154,0.9998272718085908,0.0,3.3532624049906907,2018.0,2026.0,5.0,3.0,18.659079019200522,-50.21999205326237,-68.87907107246289,25.76198598506261,-16.760896289894276,-42.522882274956885,7.75,-27.98537803439959,-34.86459380874048
3040008610,0,3040008610,3040008610,0.0,0.0,217722.2,217722.9,3318,0,0,1,38,1307,34.0,34.0,-4.2058983131337895,0.023627327902662094,-7.344958283925514,0.0002074609207347053,1.0,0.0,3.254395282116085,2018.0,2026.0,5.0,3.0,24.08247554484297,-52.042278268641475,-76.12475381348445,33.76690702904039,-31.92352685443592,-65.69043388347632,7.75,-32.587795280406915,-56.90960148804711
3040008620,0,3040008620,3040008620,0.0,0.0,937.7,937.7,3319,0,1,0,39,1308,2.0,2.0,1.415212511995053,0.5400929722935446,4.289778893211749,0.06499795428277363,1.0,0.0,4.016902625012174,2018.0,2026.0,5.0,3.0,19.950886526237163,-23.603937305444294,-43.55482383168146,13.389446630894525,0.6335355677491835,-12.755911063145343,7.75,10.965233152487338,33.237711889908965
3040008670,0,3040008670,3040008670,0.0,0.0,23514.2,23514.2,3410,0,1,0,40,1309,6.0,6.0,4.858383387113321,0.03422582443440621,5.472034986638384,0.017631752134418206,1.0,0.0,3.233436240930483,2018.0,2026.0,5.0,3.0,20.481433982174494,25.640849390597463,5.159415408422969,12.461263980001345,29.253095051767303,16.79183107176596,7.75,37.643326449091575,42.3979712859319
3040009130,0,3040009130,3040009130,0.0,0.0,295321.4,2453575.0,3421,0,0,1,41,1310,38.0,38.0,-0.4573240705986378,0.7939243617590589,-4.510010806383722,0.010460456901644846,1.0,0.0,4.845431747924273,2018.0,2026.0,5.0,3.0,11.706842318578278,-23.73750863256299,-35.44435095114127,26.233898973132874,-4.444930082573013,-30.678829055705886,7.75,-3.5434007386561124,-34.94409468053644
3040264560,3040009130,3040009130,3040009130,1299.1,1299.1,57771.3,1703181.0,3423,0,0,1,42,1311,11.0,11.0,0.5647643149481896,0.8417633027704877,-4.32622007638215,0.022601390936141243,1.0,0.0,8.352869776108825,2018.0,2026.0,5.0,3.0,5.866070914796277,-25.77674649382422,-31.642817408620495,28.57116027525955,-8.355156903882284,-36.92631717914183,7.75,4.375860400556815,-33.52006246724568
3040264710,3040009130,3040009130,3040009130,1299.3,1299.3,455235.5,455235.5,3422,0,0,2,43,1312,61.0,61.0,-0.287290983952289,0.9420400217616759,-7.602316176767097,1.015615202135468e-05,1.0,0.0,8.693487727501623,2018.0,2026.0,5.0,3.0,0.923399588834972,-41.41501127915155,-42.338410867986525,24.653263977939815,-42.37873976642505,-67.03200374436486,7.75,-2.225964365735737,-58.9036407399066
3040299300,3040264560,3040009130,3040009130,1555.2,1555.2,728197.5,728242.7,3424,0,0,2,44,1313,78.0,78.0,1.0400873238137311,0.5420088021428524,-4.221517823992006,0.0003623898663390442,0.9985970027577258,0.0,5.677040968914183,2018.0,2026.0,5.0,3.0,6.116217381760632,-7.973364715071225,-14.089582096831856,19.621901951718264,-39.53383947526079,-59.155741426979056,7.75,8.05871903187641,-32.70881708938364
3040299510,3040264560,3040009130,3040009130,1555.3,1555.3,151702.1,917135.4,3425,0,0,1,45,1314,25.0,25.0,-1.0861651543662099,0.7673699603855204,-6.103609362119535,0.008001965438456594,1.0,0.0,7.725052199021264,2018.0,2026.0,5.0,3.0,19.784694805164257,-24.50738072965375,-44.29207553481801,40.42311873102933,-15.61537522928595,-56.03849396031528,7.75,-8.415735487628677,-47.291483900885105
3040411580,3040299510,3040009130,3040009130,2418.3,2418.3,208374.7,208376.0,3426,0,0,2,46,1315,30.0,30.0,0.7678040962563712,0.6995166990246747,-1.8931336647696497,0.5418130867189966,1.0,0.0,3.2679189414416676,2018.0,2026.0,5.0,3.0,-4.4700889816760565,-6.452045376271415,-1.9819563945953584,3.7434113989572815,-10.57546679797177,-14.31887819692905,7.75,5.949036529515484,-14.6682225086875
3040411570,3040299510,3040009130,3040009130,2418.4,2418.4,126399.8,557028.5,3427,0,0,1,47,1316,22.0,22.0,1.7659835134397959,0.6390723584848433,-5.295610352804935,0.005702591243439137,1.0,0.0,9.688735624668912,2018.0,2026.0,5.0,3.0,-0.07065990495412393,-31.707491062010103,-31.63683115705598,25.77646960918637,-41.679474404498315,-67.45594401368469,7.75,13.68304816710369,-41.03101245294447
3040441670,3040411570,3040009130,3040009130,3092.1,3092.1,197267.1,197267.1,3428,0,0,2,48,1317,28.0,28.0,5.9320187170126815,0.04842696056425959,-3.211774739259776,0.1030274695066778,1.0,0.0,14.810047169807383,2018.0,2026.0,5.0,3.0,-32.005262087268065,-0.2940634708483761,31.71119861641969,-3.767348119809074,-29.069701653408277,-25.302353533599202,7.75,45.96197938164514,-24.88520879426466
3040441450,3040411570,3040009130,3040009130,3092.2,3092.2,233378.4,233378.4,3429,0,0,1,49,1318,34.0,34.0,1.6589252229966276,0.43836853303972473,0.9602518686523531,0.56918684991914,1.0,0.0,3.938004185226004,2018.0,2026.0,5.0,3.0,-14.681662500176198,-2.34865306673506,12.333009433441138,-10.219458927041615,-9.71612758237867,0.5033313446629446,7.75,12.853547929036157,7.440144526450813
3040009140,0,3040009140,3040009140,0.0,0.0,9994.4,9994.4,3430,0,1,0,50,1319,5.0,5.0,2.8038868698440575,0.28455657831165904,2.174507801182193,0.2912077036238823,1.0,0.0,4.284280992279138,2018.0,2026.0,5.0,3.0,25.393214326770345,47.21054084297668,21.817326516206332,18.028057687787012,45.36811502727673,27.340057339489718,7.75,21.724845562378324,16.848342443109118
3040009320,0,3040009320,3040009320,0.0,0.0,48105.4,48105.4,3511,0,1,0,51,1320,11.0,11.0,1.1675290465039847,0.5966054383440325,-0.3190589767074057,0.8558989930980078,1.0,0.0,3.6085504056242375,2018.0,2026.0,5.0,3.0,24.861777545143507,29.38514262015582,4.523365075012311,19.3883627131808,29.348257154812526,9.959894441631725,7.75,9.04615250268659,-2.4721065135714118
3040009670,0,3040009670,3040009670,0.0,0.0,233391.7,233392.9,3512,0,0,1,52,1321,33.0,33.0,1.0001359939390433,0.4939893674099842,-4.003674839333066,0.005065147723946568,1.0,0.0,2.7630663586662148,2018.0,2026.0,5.0,3.0,17.732014173674546,-2.921251883191729,-20.653266056866276,23.041769892118406,-6.131411311391772,-29.17318120351018,7.75,7.749171424633793,-31.020943998117943
3040009680,0,3040009680,3040009680,0.0,0.0,112852.1,112852.1,3513,0,1,0,53,1322,14.0,14.0,-2.6195433014326674,0.1690988355230645,-4.0961524844243,0.024206895112411777,1.0,0.0,6.9229273525069255,2018.0,2026.0,5.0,3.0,41.53722057342817,8.938934113883692,-32.59828645954448,19.27535284089226,-19.626703779959687,-38.90205662085195,7.75,-20.296529892003967,-31.737471679454536
3040010470,0,3040010470,3040010470,0.0,0.0,341236.6,341236.6,3514,0,0,1,54,1323,45.0,45.0,-0.2021038849740826,0.86642084830325,-4.19983887890638,0.0003302170521138649,1.0,0.0,4.181368363165692,2018.0,2026.0,5.0,3.0,29.00436221497578,2.6031223211630627,-26.40123989381272,21.530655381812725,-37.29889379078168,-58.82954917259441,7.75,-1.565924693981256,-32.540846070650396
3040010480,0,3040010480,3040010480,0.0,0.0,8710.9,8710.9,3515,0,1,0,55,1324,4.0,4.0,-1.8862456047493756,0.251540766489186,-1.7500306559198044,0.0718368589447844,1.0,0.0,8.92898683284206,2018.0,2026.0,5.0,3.0,51.60205705282723,8.624626385124143,-42.97743066770308,23.446876482955382,-9.329625539669962,-32.776502022625344,7.75,-14.614853008735752,-13.559443548947424
3040010550,0,3040010550,3040010550,0.0,0.0,64313.7,64313.7,3516,0,0,1,56,1325,14.0,14.0,-2.101736843029564,0.4190853872271848,-3.370098474721985,0.07573071329194712,1.0,0.0,7.012267118413774,2018.0,2026.0,5.0,3.0,64.27486627902121,12.580238385202989,-51.69462789381822,45.80985224761473,-13.892621095157912,-59.70247334277264,7.75,-16.284504492193477,-26.111919735696695
3040010560,0,3040010560,3040010560,0.0,0.0,49076.2,49076.2,3517,0,1,0,57,1326,12.0,12.0,0.6611172646949717,0.7127984129248552,-1.236468554383027,0.2982704362838591,1.0,0.0,11.529892710485319,2018.0,2026.0,5.0,3.0,45.372332565734,3.9637217842194787,-41.40861078151452,22.307600432433865,-6.797370614416772,-29.104971046850636,7.75,5.122414398594852,-9.580303925815103
3040010910,0,3040010910,3040010910,0.0,0.0,652959.6,652963.8,3518,0,0,1,58,1327,75.0,75.0,3.0145143344541836,0.03943644123972999,-2.4840966620479854,0.020610747940241567,0.9999094486693522,0.0,3.7188926165075404,2018.0,2026.0,5.0,3.0,11.157515968496089,2.8626396511562313,-8.294876317339858,9.094717802638428,-8.359252629792758,-17.453970432431184,7.75,23.356811954840083,-19.247073384245855
3040010920,0,3040010920,3040010920,0.0,0.0,103407.8,103407.8,3519,0,1,0,59,1328,18.0,18.0,3.6715055045988407,0.08236645324886144,-2.273259930572417,0.20473853087144625,1.0,0.0,6.396563550817642,2018.0,2026.0,5.0,3.0,17.857420301936365,-25.30105866970958,-43.15847897164595,39.4839190524353,11.903869964821572,-27.580049087613723,7.75,28.447256887103954,-17.613485567474168
3040011770,0,3040011770,3040011770,0.0,0.0,38793.7,38793.7,3530,0,1,0,60,1329,9.0,9.0,3.2628323198917,0.16373171703249373,0.3915016118801802,0.8852458245829596,0.8899141169715425,0.0,5.630866144102916,2018.0,2026.0,5.0,3.0,25.471660750221872,-21.433867550654412,-46.905528300876284,48.869856906844326,43.26109114778237,-5.608765759061953,7.75,25.280808939886413,3.033400579386475
3040012270,0,3040012270,3040012270,0.0,0.0,365882.2,365882.2,3541,0,1,0,61,1330,43.0,43.0,4.169360749066691,0.036393478856953404,0.5772053556813401,0.7532217474481612,0.9459030601626126,0.0,3.123676529673474,2018.0,2026.0,5.0,3.0,25.958000336195045,-1.8625165782916753,-27.82051691448672,46.91340344384436,21.855897261095322,-25.057506182749037,7.75,32.304697932535895,4.472255048810931
3040013900,0,3040013900,3040013900,0.0,0.0,137432.2,137432.2,3542,0,1,0,62,1331,25.0,25.0,-0.4387979438663052,0.8253942186631255,-7.498716574741921,0.020719514880971856,0.7442622958109718,0.0,2.5111957403264618,2018.0,2026.0,5.0,3.0,33.97887268091068,12.489831562497004,-21.48904111841368,45.313044623181085,-87.83734514031154,-133.15038976349263,7.75,-3.399858127697861,-58.1009388268847
3040015900,0,3040015900,3040015900,0.0,0.0,143854.5,143854.5,3544,0,1,0,63,1332,24.0,24.0,1.5545178066747738,0.5134683165891576,-5.263592125313897,0.04598478601522499,0.9591876724959321,0.0,3.187021266223902,2018.0,2026.0,5.0,3.0,24.428593422499098,0.8134808208637049,-23.615112601635392,38.50715005510965,-57.975391905587266,-96.48254196069692,7.75,12.044586975741575,-40.78293145691534
3040017570,0,3040017570,3040017570,0.0,0.0,99630.6,99630.6,3545,0,1,0,64,1333,15.0,15.0,5.649656846797541,0.009215119742065592,-5.166383563572172,0.029490510508541238,1.0,0.0,4.3974409153397875,2018.0,2026.0,5.0,3.0,9.876169017659638,8.679985323456433,-1.1961836942032047,45.776185603120126,30.720853241159073,-15.055332361961053,7.75,43.774206369437486,-40.02974807641135
3040017830,0,3040017830,3040017830,0.0,0.0,276120.8,276120.8,3560,0,1,0,65,1334,47.0,47.0,4.011363307148159,0.06859499508512772,-1.6430434120921245,0.12611415414540547,0.8388969655139547,0.0,5.09384086088347,2018.0,2026.0,5.0,3.0,2.778505501056118,31.027260154128125,28.24875465307201,9.702746693929662,-23.8716442897291,-33.57439098365876,7.75,31.080515151894016,-12.730493788420842
3040020950,0,3040020950,3040020950,0.0,0.0,498.2,498.2,3310,0,1,0,66,1335,,,,,,,,,,,,,,,,,,,,,,
3040020970,0,3040020970,3040020970,0.0,0.0,36524.5,36524.5,3320,0,1,0,67,1336,7.0,7.0,-102.13398678693964,3.2988066971130146e-34,,,0.48994451379231674,0.0,60.192027306260314,2018.0,2026.0,5.0,3.0,346.0250686357112,-443.7011634913649,-789.7262321270762,,,,7.75,-791.3461536127014,
3040022480,0,3040022480,3040022480,0.0,0.0,38365.2,38365.2,3520,0,1,0,68,1337,9.0,9.0,2.2767828969873065,0.7390131548460915,,,0.44203051372932584,0.0,20.61276624157007,2018.0,2026.0,5.0,3.0,39.171720376436625,-85.90350825245362,-125.07522862889024,,,,7.75,17.640781926007058,
3040024010,0,3040024010,3040024010,0.0,0.0,4066.6,4066.6,3543,0,1,0,69,1338,1.0,1.0,-17.24296394953621,0.003864034934416082,,,0.0,0.0,,2018.0,2026.0,5.0,3.0,95.8888224363327,126.72143017252286,30.832607736190155,,,,7.75,-133.6005146534907,
3040024180,0,3040024180,3040024180,0.0,0.0,3831.9,3831.9,3550,0,1,0,70,1339,,,,,,,,,,,,,,,,,,,,,,
3040024310,0,3040024310,3040024310,0.0,0.0,302583.2,302583.2,3610,2,0,1,71,1340,38.0,38.0,-2.784176378442994,0.13413989670066745,-4.048755698037871,0.19948999454704427,1.0,0.0,6.007971286113392,2018.0,2026.0,5.0,3.0,12.04744414219766,-23.596743854031754,-35.64418799622941,25.427163672952798,-8.718657117041756,-34.14582078999455,7.75,-21.572126354534355,-31.37023579862334
3040024350,3040001840,3040024350,3040001840,0.0,1.0,172017.3,172017.3,3120,2,0,2,72,1341,25.0,25.0,0.8307779324388989,0.9334670607536043,-2.487897983335614,0.591589099107566,1.0,0.0,4.229307040669404,2018.0,2026.0,5.0,3.0,59.122719232688226,76.06519297544726,16.942473742759034,41.980493207774636,30.624855103652305,-11.355638104122331,7.75,6.436965226015288,-19.276526469102773
