HYBAS_ID,glacier_fraction
1060000010,0.0
1060000100,0.0
1060000110,0.0
1060000150,0.0
1060000160,0.0
1060000790,0.0
1060000800,0.0
1060001080,0.0
1060001090,0.0
1060001370,0.0
1060001380,0.0
1060001510,0.0
1060414030,0.0
1060414180,0.0
1060419690,0.0
1060419700,0.0
1060434880,0.0
1060434870,0.0
1060444680,0.0
1060444690,0.0
1060001520,0.0
1060002290,0.0
1060002300,0.0
1060002760,0.0
1060524930,0.0
1060525050,0.0
1060550700,0.0
1060550940,0.0
1060581710,0.0
1060581700,0.0
1060606710,0.0
1060606390,0.0
1060002770,0.0
1060002800,0.0
1060002810,0.0
1060003550,0.0
1060003560,0.0
1060003650,0.0
1060003660,0.0
1060003770,0.0
1060003780,0.0
1060003990,0.0
1060005140,0.0
1060005150,0.0
1060005300,0.0
1060005310,0.0
1060005340,0.0
1060005350,0.0
1060005420,0.0
1060005430,0.0
1060005720,0.0
1060005730,0.0
1060005860,0.0
1060005870,0.0
1060005880,0.0
1060005890,0.0
1060006520,0.0
1060006530,0.0
1060006850,0.0
1060006860,0.0
1060007000,0.0
1060007010,0.0
1060007060,0.0
1060007070,0.0
1060007260,0.0
1060881460,0.0
1060881810,0.0
1060867590,0.0
1060867420,0.0
1060861400,0.0
1060861260,0.0
1060845290,0.0
1060844930,0.0
1060007270,0.0
1060007290,0.0
1060007300,0.0
1060007370,0.0
1060007380,0.0
1060007390,0.0
1060007400,0.0
1060007450,0.0
1060007460,0.0
1060008100,0.0
1061144990,0.0
1061145090,0.0
1061139500,0.0
1061139430,0.0
1061131830,0.0
1061131990,0.0
1061126260,0.0
1061126140,0.0
1061125990,0.0
1061126130,0.0
1061132520,0.0
1061132340,0.0
1061115400,0.0
1061115240,0.0
1061102420,0.0
1061102430,0.0
1061106060,0.0
1061105930,0.0
1061137860,0.0
1061137960,0.0
1061094090,0.0
1061093940,0.0
1061101140,0.0
1061101150,0.0
1061087260,0.0
1061087250,0.0
1061118600,0.0
1061118440,0.0
1061081050,0.0
1061081110,0.0
1061113480,0.0
1061113150,0.0
1061110670,0.0
1061110660,0.0
1061060620,0.0
1061060510,0.0
1061060350,0.0
1061060500,0.0
1061056490,0.0
1061056400,0.0
1061102090,0.0
1061101960,0.0
1061045600,0.0
1061045350,0.0
1061046600,0.0
1061046480,0.0
1061047930,0.0
1061048150,0.0
1061047230,0.0
1061047240,0.0
1061038680,0.0
1061038740,0.0
1061035420,0.0
1061035300,0.0
1061107890,0.0
1061107680,0.0
1061045270,0.0
1061045390,0.0
1061020080,0.0
1061019780,0.0
1061014840,0.0
1061014970,0.0
1061014470,0.0
1061014460,0.0
1060994190,0.0
1060994030,0.0
1060986860,0.0
1060986690,0.0
1061020800,0.0
1061020700,0.0
1060992050,0.0
1060991900,0.0
1060960400,0.0
1060960390,0.0
1060982500,0.0
1060982060,0.0
1060979820,0.0
1060980040,0.0
1061022130,0.0
1061022270,0.0
1060973660,0.0
1060973650,0.0
1061013610,0.0
1061013460,0.0
1060914430,0.0
1060914420,0.0
1060957700,0.0
1060957990,0.0
1060949620,0.0
1060949630,0.0
1060929730,0.0
1060929860,0.0
1060918220,0.0
1060918230,0.0
1060901700,0.0
1060901710,0.0
1060008110,0.0
1060008130,0.0
1060008140,0.0
1060008150,0.0
1060008160,0.0
1060008330,0.0
1060008340,0.0
1060008360,0.0
1060008370,0.0
1060008470,0.0
1061198260,0.0
1061198010,0.0
1061190750,0.0
1061190870,0.0
1061178800,0.0
1061178790,0.0
1061170580,0.0
1061170490,0.0
1060008480,0.0
1060008570,0.0
1061213170,0.0
1061213080,0.0
1061209560,0.0
1061209710,0.0
1061192280,0.0
1061192210,0.0
1061184690,0.0
1061184680,0.0
1060008580,0.0
1060008640,0.0
1060008650,0.0
1060008720,0.0
1060008730,0.0
1060008740,0.0
1060008760,0.0
1060008880,0.0
1060008890,0.0
1060009010,0.0
1061251210,0.0
1061251160,0.0
1061250620,0.0
1061250500,0.0
1061242320,0.0
1061242250,0.0
1061223250,0.0
1061223240,0.0
1060009020,0.0
1060009130,0.0
1061270150,0.0
1061270040,0.0
1061274570,0.0
1061274370,0.0
1061281880,0.0
1061281980,0.0
1061268650,0.0
1061268520,0.0
1060009140,0.0
1060009170,0.0
1060009180,0.0
1060009450,0.0
1061299640,0.0
1061299770,0.0
1061299560,0.0
1061299550,0.0
1061309840,0.0
1061309980,0.0
1061307640,0.0
1061307750,0.0
1061304580,0.0
1061304630,0.0
1061285320,0.0
1061285400,0.0
1061315800,0.0
1061315850,0.0
1061289610,0.0
1061289620,0.0
1060009460,0.0
1060009660,0.0
1060009670,0.0
1060009680,0.0
1060009690,0.0
1060009800,0.0
1060009810,0.0
1060009880,0.0
1060009890,0.0
1060010030,0.0
1061358080,0.0
1061357890,0.0
1061355140,0.0
1061355040,0.0
1061376580,0.0
1061376650,0.0
1061381400,0.0
1061381260,0.0
1061363390,0.0
1061363500,0.0
1061389670,0.0
1061389520,0.0
1061392830,0.0
1061392920,0.0
1061360960,0.0
1061360840,0.0
1060010040,0.0
1060010180,0.0
1060010190,0.0
1060010290,0.0
1060010300,0.0
1060010400,0.0
1060010410,0.0
1060010560,0.0
1060010570,0.0
1060010590,0.0
1061404550,0.0
1061404670,0.0
1061404370,0.0
1061404490,0.0
1061408930,0.0
1061409020,0.0
1061416550,0.0
1061416440,0.0
1060010600,0.0
1060010730,0.0
1060010740,0.0
1060010870,0.0
1060010880,0.0
1060010980,0.0
1060010990,0.0
1060011020,0.0
1060011030,0.0
1060011120,0.0
1060011130,0.0
1060011180,0.0
1060011190,0.0
1060011420,0.0
1060011430,0.0
1060011500,0.0
1060011510,0.0
1060011530,0.0
1060011660,0.0
1061472390,0.0
1061472430,0.0
1061456130,0.0
1061455970,0.0
1061450800,0.0
1061450700,0.0
1061442640,0.0
1061442840,0.0
1061447780,0.0
1061447890,0.0
1061443690,0.0
1061443680,0.0
1061450340,0.0
1061450450,0.0
1061451050,0.0
1061451240,0.0
1061448890,0.0
1061448720,0.0
1061448180,0.0
1061448070,0.0
1061430860,0.0
1061430830,0.0
1061432280,0.0
1061432270,0.0
1061400520,0.0
1061400450,0.0
1061398950,0.0
1061398880,0.0
1061433290,0.0
1061433210,0.0
1061434080,0.0
1061434200,0.0
1061431960,0.0
1061431830,0.0
1061431950,0.0
1061431940,0.0
1061382440,0.0
1061382340,0.0
1061431680,0.0
1061431480,0.0
1061378410,0.0
1061378400,0.0
1061418940,0.0
1061418880,0.0
1061414170,0.0
1061414080,0.0
1061438780,0.0
1061438860,0.0
1061347100,0.0
1061347090,0.0
1061346000,0.0
1061346010,0.0
1061418680,0.0
1061418570,0.0
1061451560,0.0
1061451550,0.0
1061451570,0.0
1061451660,0.0
1061413720,0.0
1061413820,0.0
1061453310,0.0
1061453390,0.0
1061332580,0.0
1061332790,0.0
1061331730,0.0
1061331650,0.0
1061329800,0.0
1061329700,0.0
1061432600,0.0
1061432480,0.0
1061432330,0.0
1061432210,0.0
1061457490,0.0
1061457550,0.0
1061398860,0.0
1061398850,0.0
1061434720,0.0
1061434800,0.0
1061469220,0.0
1061469230,0.0
1061387160,0.0
1061387100,0.0
1061478700,0.0
1061478770,0.0
1061376970,0.0
1061376870,0.0
1061486100,0.0
1061486170,0.0
1061482720,0.0
1061482730,0.0
1061436360,0.0
1061436550,0.0
1061489860,0.0
1061489930,0.0
1061369690,0.0
1061369590,0.0
1061488130,0.0
1061488120,0.0
1061489040,0.0
1061489100,0.0
1061362510,0.0
1061362450,0.0
1061361730,0.0
1061361770,0.0
1061352970,0.0
1061352980,0.0
1061473950,0.0
1061473880,0.0
1061349260,0.0
1061349250,0.0
1061492450,0.0
1061492680,0.0
1061413460,0.0
1061413580,0.0
1061469870,0.0
1061469810,0.0
1061412570,0.0
1061412560,0.0
1061409070,0.0
1061409000,0.0
1061487890,0.0
1061487960,0.0
1061454200,0.0
1061454120,0.0
1061400740,0.0
1061400750,0.0
1061444220,0.0
1061444070,0.0
1061443520,0.0
1061443730,0.0
1061466490,0.0
1061466350,0.0
1061465980,0.0
1061465970,0.0
1061464580,0.0
1061464500,0.0
1061466020,0.0
1061465920,0.0
1061423960,0.0
1061423970,0.0
1061462160,0.0
1061462250,0.0
1061461010,0.0
1061460920,0.0
1061421520,0.0
1061421510,0.0
1061419950,0.0
1061420060,0.0
1061408100,0.0
1061408090,0.0
1061439080,0.0
1061439000,0.0
1061411030,0.0
1061411170,0.0
1061448860,0.0
1061448780,0.0
1061407740,0.0
1061407620,0.0
1061405290,0.0
1061405300,0.0
1061406010,0.0
1061406130,0.0
1061431380,0.0
1061431600,0.0
1061402640,0.0
1061402650,0.0
1061428730,0.0
1061428790,0.0
1061400920,0.0
1061400710,0.0
1061401920,0.0
1061401930,0.0
1061393110,0.0
1061393120,0.0
1061419860,0.0
1061419980,0.0
1061377550,0.0
1061377560,0.0
1061390070,0.0
1061390190,0.0
1061387390,0.0
1061387400,0.0
1061373490,0.0
1061373480,0.0
1061371050,0.0
1061371200,0.0
1061362570,0.0
1061362480,0.0
1061358980,0.0
1061359060,0.0
1061374620,0.0
1061374710,0.0
1060011670,0.0
1060011960,0.0
1061506850,0.0
1061506860,0.0
1061500460,0.0
1061500470,0.0
1061496310,0.0
1061496470,0.0
1061489720,0.0
1061489640,0.0
1060011970,0.0
1060012020,0.0
1060012030,0.0
1060012210,0.0
1061534760,0.0
1061534900,0.0
1061532410,0.0
1061532310,0.0
1061532180,0.0
1061532060,0.0
1061523840,0.0
1061523830,0.0
1060012220,0.0
1060012540,0.0
1060012550,0.0
1060012590,0.0
1061584690,0.0
1061584780,0.0
1061576130,0.0
1061576090,0.0
1061570450,0.0
1061570440,0.0
1061573310,0.0
1061573320,0.0
1061574470,0.0
1061574230,0.0
1061555840,0.0
1061555850,0.0
1061555260,0.0
1061555170,0.0
1061555240,0.0
1061555160,0.0
1061555620,0.0
1061555630,0.0
1061550360,0.0
1061550240,0.0
1061580710,0.0
1061580860,0.0
1061549800,0.0
1061549880,0.0
1061548230,0.0
1061548150,0.0
1061548260,0.0
1061548220,0.0
1061586850,0.0
1061586860,0.0
1061548760,0.0
1061548750,0.0
1061552540,0.0
1061552590,0.0
1061556110,0.0
1061556200,0.0
1061561320,0.0
1061561400,0.0
1061563470,0.0
1061563540,0.0
1061567790,0.0
1061567610,0.0
1061569210,0.0
1061569100,0.0
1061571680,0.0
1061571670,0.0
1061577000,0.0
1061576990,0.0
1060012600,0.0
1060012680,0.0
1061588340,0.0
1061588240,0.0
1061589390,0.0
1061589470,0.0
1061592240,0.0
1061592210,0.0
1061593770,0.0
1061593730,0.0
1060012690,0.0
1060012810,0.0
1061607370,0.0
1061607320,0.0
1061608210,0.0
1061608280,0.0
1061608200,0.0
1061608140,0.0
1061606180,0.0
1061606140,0.0
1060012820,0.0
1060013070,0.0
1060013080,0.0
1060013200,0.0
1060013210,0.0
1060013420,0.0
1060013430,0.0
1060013640,0.0
1060013650,0.0
1060013820,0.0
1060013830,0.0
1060013950,0.0
1060013960,0.0
1060014220,0.0
1061655840,0.0
1061655790,0.0
1061656010,0.0
1061656050,0.0
1061651690,0.0
1061651670,0.0
1061648810,0.0
1061648820,0.0
1060014230,0.0
1060014370,0.0
1060014380,0.0
1060014490,0.0
1061659210,0.0
1061659170,0.0
1061656620,0.0
1061656580,0.0
1061655770,0.0
1061655760,0.0
1061649450,0.0
1061649410,0.0
1060014500,0.0
1060014920,0.0
1061659690,0.0
1061659700,0.0
1061658890,0.0
1061658860,0.0
1061658610,0.0
1061658560,0.0
1061657830,0.0
1061657810,0.0
1060014930,0.0
1060015030,0.0
1060015390,0.0
1060015400,0.0
1060015560,0.0
1061647410,0.0
1061647450,0.0
1061650850,0.0
1061650860,0.0
1061651660,0.0
1061651680,0.0
1061652910,0.0
1061652920,0.0
1060015570,0.0
1060015630,0.0
1060015640,0.0
1060015720,0.0
1060015730,0.0
1060015850,0.0
1061620260,0.0
1061620200,0.0
1061619810,0.0
1061619820,0.0
1061621990,0.0
1061622030,0.0
1061627730,0.0
1061627810,0.0
1061611700,0.0
1061611780,0.0
1061627170,0.0
1061627150,0.0
1061624340,0.0
1061624400,0.0
1061624310,0.0
1061624330,0.0
1061597840,0.0
1061597880,0.0
1061594930,0.0
1061594910,0.0
1061626200,0.0
1061626210,0.0
1061628080,0.0
1061628070,0.0
1061633620,0.0
1061633610,0.0
1061624500,0.0
1061624550,0.0
1061609270,0.0
1061609210,0.0
1061608780,0.0
1061608790,0.0
1061628580,0.0
1061628600,0.0
1061604190,0.0
1061604130,0.0
1061601910,0.0
1061601980,0.0
1061601560,0.0
1061601500,0.0
1061601200,0.0
1061601190,0.0
1061642610,0.0
1061642620,0.0
1061610160,0.0
1061610240,0.0
1061599550,0.0
1061599560,0.0
1061598120,0.0
1061598190,0.0
1061609120,0.0
1061609220,0.0
1061595830,0.0
1061595840,0.0
1061633070,0.0
1061633030,0.0
1061604150,0.0
1061604160,0.0
1061606860,0.0
1061606830,0.0
1061593940,0.0
1061593810,0.0
1061594040,0.0
1061593930,0.0
1061605400,0.0
1061605350,0.0
1061630290,0.0
1061630260,0.0
1061589670,0.0
1061589660,0.0
1061647100,0.0
1061647110,0.0
1061629430,0.0
1061629370,0.0
1061598130,0.0
1061598070,0.0
1061628750,0.0
1061628760,0.0
1061577690,0.0
1061577700,0.0
1061583540,0.0
1061583550,0.0
1061591940,0.0
1061591990,0.0
1061629090,0.0
1061629140,0.0
1061623250,0.0
1061623270,0.0
1061619510,0.0
1061619430,0.0
1061638560,0.0
1061638580,0.0
1061596060,0.0
1061596130,0.0
1061615380,0.0
1061615340,0.0
1061571360,0.0
1061571250,0.0
1061627910,0.0
1061627970,0.0
1061561940,0.0
1061561850,0.0
1061627310,0.0
1061627250,0.0
1061640090,0.0
1061640050,0.0
1061616230,0.0
1061616280,0.0
1061630360,0.0
1061630310,0.0
1061605900,0.0
1061605830,0.0
1061605700,0.0
1061605620,0.0
1061641340,0.0
1061641370,0.0
1061613490,0.0
1061613580,0.0
1061610030,0.0
1061609960,0.0
1061609680,0.0
1061609570,0.0
1061608460,0.0
1061608480,0.0
1061608870,0.0
1061608860,0.0
1061632810,0.0
1061632800,0.0
1060015860,0.0
1060016760,0.0
1060016770,0.0
1060016850,0.0
1060016860,0.0
1060017350,0.0
1060017360,0.0
1060017390,0.0
1060017400,0.0
1060017450,0.0
1060017460,0.0
1060017510,0.0
1060017520,0.0
1060017690,0.0
1060017700,0.0
1060017790,0.0
1060017800,0.0
1060018110,0.0
1060018120,0.0
1061455380,0.0
1061455270,0.0
1061440140,0.0
1061440050,0.0
1061417260,0.0
1061417180,0.0
1061415100,0.0
1061415020,0.0
1060018130,0.0
1060018310,0.0
1060018320,0.0
1060018410,0.0
1060018420,0.0
1060018860,0.0
1060018870,0.0
1060019010,0.0
1060019020,0.0
1060019180,0.0
1060019190,0.0
1060019270,0.0
1060019280,0.0
1060019420,0.0
1061327980,0.0
1061327880,0.0
1061331240,0.0
1061331300,0.0
1061331160,0.0
1061331170,0.0
1061330230,0.0
1061330270,0.0
1061334620,0.0
1061334460,0.0
1061340390,0.0
1061340470,0.0
1061343940,0.0
1061344010,0.0
1061369030,0.0
1061369020,0.0
1060019430,0.0
1060019510,0.0
1060019520,0.0
1060019540,0.0
1060019550,0.0
1060019670,0.0
1060019680,0.0
1060019800,0.0
1060019810,0.0
1060020040,0.0
1061262460,0.0
1061262550,0.0
1061251800,0.0
1061251910,0.0
1061244040,0.0
1061244140,0.0
1061228520,0.0
1061228680,0.0
1061213630,0.0
1061213640,0.0
1061208960,0.0
1061208950,0.0
1061210800,0.0
1061210720,0.0
1061190270,0.0
1061190280,0.0
1061208120,0.0
1061208130,0.0
1061214380,0.0
1061214450,0.0
1061186520,0.0
1061186690,0.0
1061216790,0.0
1061216800,0.0
1061181540,0.0
1061181530,0.0
1061204710,0.0
1061204610,0.0
1061174950,0.0
1061174960,0.0
1061173010,0.0
1061173020,0.0
1061227910,0.0
1061227970,0.0
1061204520,0.0
1061204380,0.0
1061163830,0.0
1061163840,0.0
1061161070,0.0
1061161060,0.0
1061224190,0.0
1061224260,0.0
1061156960,0.0
1061156950,0.0
1061228580,0.0
1061228590,0.0
1061142780,0.0
1061142670,0.0
1061142510,0.0
1061142520,0.0
1061141720,0.0
1061141650,0.0
1061232740,0.0
1061232820,0.0
1061136300,0.0
1061136100,0.0
1061141030,0.0
1061140930,0.0
1061235130,0.0
1061235260,0.0
1061129350,0.0
1061129360,0.0
1061263920,0.0
1061264080,0.0
1061235290,0.0
1061235380,0.0
1061151800,0.0
1061151860,0.0
1061216900,0.0
1061216820,0.0
1061129900,0.0
1061129970,0.0
1061117180,0.0
1061117290,0.0
1061104960,0.0
1061104850,0.0
1061230560,0.0
1061230570,0.0
1061094280,0.0
1061094270,0.0
1061248590,0.0
1061248600,0.0
1061150800,0.0
1061150920,0.0
1061087420,0.0
1061100400,0.0
1061087330,0.0
1061100270,0.0
1061114980,0.0
1061114910,0.0
1061103490,0.0
1061103500,0.0
1061254280,0.0
1061254350,0.0
1061098280,0.0
1061098480,0.0
1061076430,0.0
1061076490,0.0
1061112710,0.0
1061112840,0.0
1061152060,0.0
1061151960,0.0
1061094100,0.0
1061093980,0.0
1061262300,0.0
1061262370,0.0
1061273230,0.0
1061273240,0.0
1061232980,0.0
1061232910,0.0
1061052780,0.0
1061052770,0.0
1061094640,0.0
1061094560,0.0
1061275740,0.0
1061275790,0.0
1061106510,0.0
1061106360,0.0
1061276800,0.0
1061276810,0.0
1061034680,0.0
1061034520,0.0
1061306850,0.0
1061306840,0.0
1061056210,0.0
1061056200,0.0
1061284960,0.0
1061284990,0.0
1061050270,0.0
1061050080,0.0
1061017710,0.0
1061017700,0.0
1061092670,0.0
1061092270,0.0
1061014600,0.0
1061014520,0.0
1061079150,0.0
1061079100,0.0
1061042150,0.0
1061041980,0.0
1061034120,0.0
1061034020,0.0
1061033180,0.0
1061033020,0.0
1061013250,0.0
1061013000,0.0
1061040940,0.0
1061040930,0.0
1061015610,0.0
1061015760,0.0
1061266800,0.0
1061266660,0.0
1061115180,0.0
1061115330,0.0
1061039780,0.0
1061039890,0.0
1061005480,0.0
1061005270,0.0
1061272590,0.0
1061272660,0.0
1061125060,0.0
1061125130,0.0
1061132570,0.0
1061132580,0.0
1061067090,0.0
1061067180,0.0
1060987530,0.0
1060987540,0.0
1061062580,0.0
1061062840,0.0
1061131320,0.0
1061131410,0.0
1060973210,0.0
1060973330,0.0
1061037320,0.0
1061037650,0.0
1061330970,0.0
1061330750,0.0
1061040200,0.0
1061040300,0.0
1061039680,0.0
1061039530,0.0
1061336080,0.0
1061336210,0.0
1061026640,0.0
1061026630,0.0
1060943210,0.0
1060943220,0.0
1060941430,0.0
1060941120,0.0
1061176330,0.0
1061176340,0.0
1061103220,0.0
1061103290,0.0
1061182210,0.0
1061182220,0.0
1060980700,0.0
1060980710,0.0
1061020780,0.0
1061020640,0.0
1061204990,0.0
1061204750,0.0
1060953630,0.0
1060953350,0.0
1060948880,0.0
1060949040,0.0
1061012010,0.0
1061011930,0.0
1061115010,0.0
1061114860,0.0
1061058580,0.0
1061058690,0.0
1061055500,0.0
1061055510,0.0
1061120480,0.0
1061120530,0.0
1060924210,0.0
1060924020,0.0
1061052940,0.0
1061053070,0.0
1061108800,0.0
1061108810,0.0
1061259940,0.0
1061259950,0.0
1061266120,0.0
1061266020,0.0
1061273600,0.0
1061273520,0.0
1061279010,0.0
1061279020,0.0
1061252260,0.0
1061252490,0.0
1061283140,0.0
1061283130,0.0
1061053930,0.0
1061053990,0.0
1061288340,0.0
1061288290,0.0
1061261170,0.0
1061261230,0.0
1061298090,0.0
1061298210,0.0
1061266370,0.0
1061266540,0.0
1061265610,0.0
1061265730,0.0
1061305120,0.0
1061304910,0.0
1061305100,0.0
1061305200,0.0
1061259210,0.0
1061259200,0.0
1061275230,0.0
1061275240,0.0
1061254700,0.0
1061254840,0.0
1061253300,0.0
1061253370,0.0
1061303810,0.0
1061303830,0.0
1061279440,0.0
1061279450,0.0
1061279920,0.0
1061279740,0.0
1061306680,0.0
1061306570,0.0
1061315930,0.0
1061315940,0.0
1061229850,0.0
1061229990,0.0
1061250790,0.0
1061250830,0.0
1061321070,0.0
1061321000,0.0
1061248240,0.0
1061248250,0.0
1061253310,0.0
1061253200,0.0
1061306990,0.0
1061307000,0.0
1061242840,0.0
1061242930,0.0
1061240260,0.0
1061240250,0.0
1061262760,0.0
1061262900,0.0
1061236480,0.0
1061236390,0.0
1061196240,0.0
1061196250,0.0
1061262240,0.0
1061262110,0.0
1061269750,0.0
1061269860,0.0
1061359530,0.0
1061359350,0.0
1061376470,0.0
1061376560,0.0
1061372490,0.0
1061372630,0.0
1061371000,0.0
1061370930,0.0
1061366570,0.0
1061366720,0.0
1061360240,0.0
1061360130,0.0
1061356480,0.0
1061356420,0.0
1061349680,0.0
1061349620,0.0
1061333530,0.0
1061333640,0.0
1060020050,0.0
1060020240,0.0
1061219000,0.0
1061218890,0.0
1061218420,0.0
1061218510,0.0
1061231510,0.0
1061231380,0.0
1061233350,0.0
1061233260,0.0
1060020250,0.0
1060020420,0.0
1060020430,0.0
1060020450,0.0
1060020460,0.0
1060020490,0.0
1060020500,0.0
1060020520,0.0
1060020530,0.0
1060020570,0.0
1061157490,0.0
1061157500,0.0
1061163480,0.0
1061163540,0.0
1061145820,0.0
1061145730,0.0
1061174130,0.0
1061174140,0.0
1061189380,0.0
1061189480,0.0
1061147340,0.0
1061147350,0.0
1061194400,0.0
1061194580,0.0
1061150960,0.0
1061150970,0.0
1061142480,0.0
1061142370,0.0
1061131530,0.0
1061131610,0.0
1061131180,0.0
1061131190,0.0
1061126010,0.0
1061126020,0.0
1061166660,0.0
1061166550,0.0
1061171460,0.0
1061171580,0.0
1061115250,0.0
1061115150,0.0
1061180900,0.0
1061180810,0.0
1060020580,0.0
1060021110,0.0
1060021120,0.0
1060021220,0.0
1060021230,0.0
1060021340,0.0
1061086920,0.0
1061087020,0.0
1061087490,0.0
1061087770,0.0
1061087520,0.0
1061087270,0.0
1061089420,0.0
1061089480,0.0
1060021350,0.0
1060021440,0.0
1060021450,0.0
1060021500,0.0
1061032360,0.0
1061032520,0.0
1061026530,0.0
1061026390,0.0
1061018050,0.0
1061018240,0.0
1061002200,0.0
1061002060,0.0
1060981230,0.0
1060981240,0.0
1061004170,0.0
1061004180,0.0
1060967880,0.0
1060967890,0.0
1060955790,0.0
1060955650,0.0
1060021510,0.0
1060021570,0.0
1060021580,0.0
1060021620,0.0
1060021630,0.0
1060021650,0.0
1060021660,0.0
1060021840,0.0
1060021850,0.0
1060021910,0.0
1060984420,0.0
1060984030,0.0
1060975410,0.0
1060975230,0.0
1060984600,0.0
1060984430,0.0
1060994700,0.0
1060994690,0.0
1060021920,0.0
1060021940,0.0
1060022420,0.0
1060909890,0.0
1060909900,0.0
1060892990,0.0
1060893000,0.0
1060898890,0.0
1060899140,0.0
1060901260,0.0
1060901410,0.0
1060870170,0.0
1060870030,0.0
1060908430,0.0
1060908560,0.0
1060911240,0.0
1060911340,0.0
1060909040,0.0
1060908780,0.0
1060834440,0.0
1060834450,0.0
1060845560,0.0
1060846020,0.0
1060818680,0.0
1060818550,0.0
1060827040,0.0
1060827030,0.0
1060887720,0.0
1060888070,0.0
1060824180,0.0
1060824330,0.0
1060874630,0.0
1060874640,0.0
1060796720,0.0
1060796910,0.0
1060871910,0.0
1060871740,0.0
1060789310,0.0
1060789070,0.0
1060800710,0.0
1060800490,0.0
1060869800,0.0
1060869610,0.0
1060866770,0.0
1060866660,0.0
1060770660,0.0
1060770420,0.0
1060789720,0.0
1060789900,0.0
1060760290,0.0
1060760280,0.0
1060755820,0.0
1060755960,0.0
1060838280,0.0
1060838500,0.0
1060747640,0.0
1060747470,0.0
1060839560,0.0
1060839280,0.0
1060736270,0.0
1060736280,0.0
1060742280,0.0
1060742220,0.0
1060734850,0.0
1060734840,0.0
1060741300,0.0
1060741380,0.0
1060840560,0.0
1060840690,0.0
1060815680,0.0
1060815550,0.0
1060813980,0.0
1060813740,0.0
1060722720,0.0
1060722570,0.0
1060721820,0.0
1060722080,0.0
1060844850,0.0
1060844860,0.0
1060716960,0.0
1060717330,0.0
1060690930,0.0
1060690740,0.0
1060683160,0.0
1060683040,0.0
1060845810,0.0
1060845800,0.0
1060694130,0.0
1060694020,0.0
1060702120,0.0
1060702470,0.0
1060772320,0.0
1060772330,0.0
1060669460,0.0
1060669470,0.0
1060664060,0.0
1060664070,0.0
1060832310,0.0
1060832320,0.0
1060683690,0.0
1060683680,0.0
1060680300,0.0
1060680480,0.0
1060677950,0.0
1060677960,0.0
1060668450,0.0
1060668760,0.0
1060675160,0.0
1060674840,0.0
1060664260,0.0
1060664510,0.0
1060682530,0.0
1060682770,0.0
1060685270,0.0
1060685280,0.0
1060654890,0.0
1060654650,0.0
1060653100,0.0
1060652940,0.0
1060661720,0.0
1060661610,0.0
1060618060,0.0
1060618050,0.0
1060638800,0.0
1060638670,0.0
1060685770,0.0
1060685930,0.0
1060819570,0.0
1060819720,0.0
1060639660,0.0
1060639500,0.0
1060663240,0.0
1060663070,0.0
1060686840,0.0
1060686640,0.0
1060635020,0.0
1060635010,0.0
1060635920,0.0
1060635780,0.0
1060633290,0.0
1060633630,0.0
1060591320,0.0
1060591200,0.0
1060663920,0.0
1060663820,0.0
1060630170,0.0
1060630460,0.0
1060627770,0.0
1060627760,0.0
1060735340,0.0
1060735460,0.0
1060629450,0.0
1060629230,0.0
1060646990,0.0
1060646830,0.0
1060684350,0.0
1060684660,0.0
1060554560,0.0
1060554330,0.0
1060623780,0.0
1060623930,0.0
1060537490,0.0
1060537360,0.0
1060671770,0.0
1060671590,0.0
1060540500,0.0
1060540490,0.0
1060577750,0.0
1060577760,0.0
1060535880,0.0
1060535890,0.0
1060576380,0.0
1060576390,0.0
1060630290,0.0
1060630450,0.0
1060526060,0.0
1060526050,0.0
1060521670,0.0
1060521680,0.0
1060515770,0.0
1060515500,0.0
1060514180,0.0
1060514020,0.0
1060516540,0.0
1060516740,0.0
1060515010,0.0
1060514840,0.0
1060514190,0.0
1060514410,0.0
1060550760,0.0
1060550540,0.0
1060514030,0.0
1060513910,0.0
1060493710,0.0
1060493700,0.0
1060513230,0.0
1060513090,0.0
1060517760,0.0
1060517670,0.0
1060551560,0.0
1060551770,0.0
1060507780,0.0
1060508000,0.0
1060504510,0.0
1060504370,0.0
1060488290,0.0
1060488520,0.0
1060535180,0.0
1060535280,0.0
1060494450,0.0
1060494300,0.0
1060530310,0.0
1060530180,0.0
1060481530,0.0
1060481440,0.0
1060463740,0.0
1060463750,0.0
1060488940,0.0
1060488740,0.0
1060455710,0.0
1060455610,0.0
1060564960,0.0
1060564740,0.0
1060548230,0.0
1060548380,0.0
1060490010,0.0
1060490080,0.0
1060449980,0.0
1060449970,0.0
1060564200,0.0
1060564370,0.0
1060582960,0.0
1060582950,0.0
1060434740,0.0
1060434750,0.0
1060424750,0.0
1060424570,0.0
1060603890,0.0
1060603880,0.0
1060407770,0.0
1060407760,0.0
1060603340,0.0
1060603030,0.0
1060613290,0.0
1060613280,0.0
1060641670,0.0
1060641660,0.0
1060651900,0.0
1060652110,0.0
1060626590,0.0
1060626740,0.0
1060637340,0.0
1060637190,0.0
1060682900,0.0
1060683010,0.0
1060689850,0.0
1060690130,0.0
1060710240,0.0
1060710380,0.0
1060696660,0.0
1060696830,0.0
1060715100,0.0
1060715340,0.0
1060734820,0.0
1060734990,0.0
1060722200,0.0
1060721770,0.0
1060737100,0.0
1060737110,0.0
1060765500,0.0
1060765350,0.0
1060746370,0.0
1060746520,0.0
1060752670,0.0
1060752530,0.0
1060771040,0.0
1060771030,0.0
1060780900,0.0
1060780550,0.0
1060761260,0.0
1060761270,0.0
1060772870,0.0
1060773070,0.0
1060779970,0.0
1060780240,0.0
1060788650,0.0
1060788800,0.0
1060808350,0.0
1060808340,0.0
1060795400,0.0
1060795610,0.0
1060812300,0.0
1060812730,0.0
1060815490,0.0
1060815330,0.0
1060824110,0.0
1060824120,0.0
1060807450,0.0
1060807440,0.0
1060022430,0.0
1060022910,0.0
1060022920,0.0
1060023020,0.0
1060960280,0.0
1060960290,0.0
1060956780,0.0
1060956560,0.0
1060958900,0.0
1060959150,0.0
1060922160,0.0
1060921990,0.0
1060023030,0.0
1060023050,0.0
1060963920,0.0
1060964040,0.0
1060940410,0.0
1060940420,0.0
1060912640,0.0
1060912850,0.0
1060857660,0.0
1060857450,0.0
1060023060,0.0
1060023130,0.0
1060023140,0.0
1060023300,0.0
1060981750,0.0
1060981760,0.0
1060961650,0.0
1060961430,0.0
1060933920,0.0
1060934080,0.0
1060926840,0.0
1060926830,0.0
1060915980,0.0
1060915990,0.0
1060910430,0.0
1060910320,0.0
1060894830,0.0
1060894730,0.0
1060894030,0.0
1060893840,0.0
1060879680,0.0
1060879690,0.0
1060873650,0.0
1060873640,0.0
1060869270,0.0
1060869050,0.0
1060842700,0.0
1060842500,0.0
1060894490,0.0
1060894710,0.0
1060821060,0.0
1060820780,0.0
1060877640,0.0
1060877440,0.0
1060816410,0.0
1060816220,0.0
1060803510,0.0
1060803360,0.0
1060811290,0.0
1060811590,0.0
1060792830,0.0
1060792840,0.0
1060779020,0.0
1060779010,0.0
1060816040,0.0
1060816030,0.0
1060772590,0.0
1060772440,0.0
1060786860,0.0
1060786690,0.0
1060758080,0.0
1060757790,0.0
1060744190,0.0
1060744040,0.0
1060754970,0.0
1060754850,0.0
1060727980,0.0
1060727820,0.0
1060739920,0.0
1060740240,0.0
1060699440,0.0
1060699250,0.0
1060729970,0.0
1060729980,0.0
1060725210,0.0
1060725050,0.0
1060709030,0.0
1060709280,0.0
1060692590,0.0
1060692600,0.0
1060673260,0.0
1060673050,0.0
1060662470,0.0
1060662370,0.0
1060658410,0.0
1060658280,0.0
1060023310,0.0
1060023450,0.0
1060023460,0.0
1060023660,0.0
1060023670,0.0
1060023770,0.0
1060023780,0.0
1060023840,0.0
1060023850,0.0
1060023890,0.0
1060927290,0.0
1060927150,0.0
1060921980,0.0
1060922130,0.0
1060866310,0.0
1060866090,0.0
1060829040,0.0
1060828900,0.0
1060023900,0.0
1060023950,0.0
1060982530,0.0
1060982320,0.0
1060966570,0.0
1060966320,0.0
1060945000,0.0
1060944990,0.0
1060878740,0.0
1060878440,0.0
1060023960,0.0
1060024070,0.0
1060979190,0.0
1060979060,0.0
1060970290,0.0
1060970130,0.0
1060906360,0.0
1060906750,0.0
1060882980,0.0
1060882810,0.0
1060024080,0.0
1060024310,0.0
1060024320,0.0
1060024620,0.0
1060024630,0.0
1060024680,0.0
1060024690,0.0
1060024770,0.0
1060024780,0.0
1060024830,0.0
1060024840,0.0
1060024870,0.0
1060024880,0.0
1060025000,0.0
1060025010,0.0
1060025050,0.0
1060025060,0.0
1060025450,0.0
1060025460,0.0
1060025690,0.0
1060025700,0.0
1060025940,0.0
1060025950,0.0
1060026210,0.0
1060026220,0.0
1060026230,0.0
1060026240,0.0
1060026360,0.0
1060026370,0.0
1060026440,0.0
1060026450,0.0
1060026610,0.0
1060026620,0.0
1060026800,0.0
1060680870,0.0
1060681050,0.0
1060688220,0.0
1060688450,0.0
1060684620,0.0
1060684490,0.0
1060698370,0.0
1060698240,0.0
1060026820,0.0
1060027020,0.0
1060027030,0.0
1060027040,0.0
1060027050,0.0
1060027100,0.0
1060027110,0.0
1060027160,0.0
1060027170,0.0
1060027410,0.0
1060571730,0.0
1060571900,0.0
1060565160,0.0
1060565270,0.0
1060598860,0.0
1060598850,0.0
1060608900,0.0
1060608980,0.0
1060615840,0.0
1060615950,0.0
1060613910,0.0
1060614080,0.0
1060583270,0.0
1060583100,0.0
1060606570,0.0
1060606740,0.0
1060631860,0.0
1060632050,0.0
1060633360,0.0
1060633540,0.0
1060644790,0.0
1060644920,0.0
1060591690,0.0
1060591530,0.0
1060667360,0.0
1060667560,0.0
1060619070,0.0
1060619390,0.0
1060574880,0.0
1060574670,0.0
1060689180,0.0
1060689420,0.0
1060677890,0.0
1060677900,0.0
1060550330,0.0
1060550720,0.0
1060671560,0.0
1060671150,0.0
1060704900,0.0
1060704770,0.0
1060537610,0.0
1060537320,0.0
1060576090,0.0
1060575970,0.0
1060729710,0.0
1060729940,0.0
1060562730,0.0
1060562490,0.0
1060646230,0.0
1060646360,0.0
1060560730,0.0
1060560870,0.0
1060634970,0.0
1060634800,0.0
1060771380,0.0
1060771370,0.0
1060027420,0.0
1060027430,0.0
1060027440,0.0
1060566060,0.0
1060566500,0.0
1060567970,0.0
1060568190,0.0
1060567990,0.0
1060567830,0.0
1060555050,0.0
1060555060,0.0
1060027450,0.0
1060027490,0.0
1060027500,0.0
1060027530,0.0
1060027540,0.0
1060027570,0.0
1060027580,0.0
1060027610,0.0
1060027620,0.0
1060027630,0.0
1060027640,0.0
1060027650,0.0
1060027660,0.0
1060027690,0.0
1060027700,0.0
1060027730,0.0
1060027740,0.0
1060027790,0.0
1060027800,0.0
1060027830,0.0
1060461120,0.0
1060460950,0.0
1060449790,0.0
1060449740,0.0
1060435580,0.0
1060435850,0.0
1060420830,0.0
1060420980,0.0
1060027840,0.0
1060027920,0.0
1060027930,0.0
1060027980,0.0
1060027990,0.0
1060028080,0.0
1060028090,0.0
1060028180,0.0
1060028190,0.0
1060028480,0.0
1060028490,0.0
1060028700,0.0
1060241300,0.0
1060241480,0.0
1060246640,0.0
1060246790,0.0
1060242890,0.0
1060242900,0.0
1060241910,0.0
1060242010,0.0
1060289910,0.0
1060289920,0.0
1060238610,0.0
1060238790,0.0
1060231070,0.0
1060231340,0.0
1060274610,0.0
1060274490,0.0
1060028710,0.0
1060028960,0.0
1060201520,0.0
1060201610,0.0
1060174430,0.0
1060174330,0.0
1060172190,0.0
1060172100,0.0
1060143480,0.0
1060143410,0.0
1060028970,0.0
1060029050,0.0
1060029060,0.0
1060029180,0.0
1060029190,0.0
1060029200,0.0
1060029210,0.0
1060029350,0.0
1060029360,0.0
1060029430,0.0
1060111820,0.0
1060111810,0.0
1060120110,0.0
1060119920,0.0
1060121400,0.0
1060121550,0.0
1060115090,0.0
1060115140,0.0
1060029440,0.0
1060029700,0.0
1060097780,0.0
1060097770,0.0
1060097790,0.0
1060097740,0.0
1060099260,0.0
1060099320,0.0
1060099860,0.0
1060099870,0.0
1060029710,0.0
1060029810,0.0
1060030220,0.0
1060095040,0.0
1060095030,0.0
1060096520,0.0
1060096550,0.0
1060098580,0.0
1060098630,0.0
1060100170,0.0
1060099970,0.0
1060030230,0.0
1060030250,0.0
1060030260,0.0
1060030310,0.0
1060030320,0.0
1060030350,0.0
1060030360,0.0
1060030400,0.0
1060030410,0.0
1060030450,0.0
1060086750,0.0
1060086680,0.0
1060088080,0.0
1060088070,0.0
1060089320,0.0
1060089430,0.0
1060090480,0.0
1060090530,0.0
1060030460,0.0
1060030760,0.0
1060030770,0.0
1060030840,0.0
1060030850,0.0
1060030980,0.0
1060030990,0.0
1060031080,0.0
1060031090,0.0
1060031290,0.0
1060031300,0.0
1060031570,0.0
1060031580,0.0
1060031860,0.0
1060032150,0.0
1060032160,0.0
1060032170,0.0
1060032180,0.0
1060032600,0.0
1060032610,0.0
1060032670,0.0
1060032680,0.0
1060032850,0.0
1060032860,0.0
1060032940,0.0
1060032950,0.0
1060033670,0.0
1060033680,0.0
1060034030,0.0
1060034040,0.0
1060034170,0.0
1060034260,0.0
1060204030,0.0
1060204020,0.0
1060252790,0.0
1060252990,0.0
1060264990,0.0
1060264770,0.0
1060312490,0.0
1060312580,0.0
1060349490,0.0
1060349680,0.0
1060366090,0.0
1060366100,0.0
1060396850,0.0
1060396980,0.0
1060388770,0.0
1060388760,0.0
1060412130,0.0
1060412230,0.0
1060440910,0.0
1060440600,0.0
1060424800,0.0
1060424660,0.0
1060441940,0.0
1060442060,0.0
1060454180,0.0
1060454360,0.0
1060506690,0.0
1060506700,0.0
1060514520,0.0
1060514530,0.0
1060513570,0.0
1060513450,0.0
1060512360,0.0
1060512190,0.0
1060525270,0.0
1060525390,0.0
1060552070,0.0
1060552060,0.0
1060535340,0.0
1060535490,0.0
1060538390,0.0
1060538630,0.0
1060547310,0.0
1060547470,0.0
1060545590,0.0
1060545580,0.0
1060573070,0.0
1060573190,0.0
1060582330,0.0
1060581970,0.0
1060465730,0.0
1060465540,0.0
1060599020,0.0
1060599140,0.0
1060595570,0.0
1060595620,0.0
1060610940,0.0
1060610780,0.0
1060485260,0.0
1060485360,0.0
1060638900,0.0
1060638890,0.0
1060508990,0.0
1060509140,0.0
1060526810,0.0
1060526970,0.0
1060535240,0.0
1060535370,0.0
1060531400,0.0
1060531620,0.0
1060542330,0.0
1060542340,0.0
1060538430,0.0
1060538700,0.0
1060537760,0.0
1060537590,0.0
1060554250,0.0
1060554260,0.0
1060539960,0.0
1060539790,0.0
1060562830,0.0
1060562670,0.0
1060559690,0.0
1060559700,0.0
1060564930,0.0
1060565060,0.0
1060601200,0.0
1060601190,0.0
1060645140,0.0
1060645320,0.0
1060641180,0.0
1060641580,0.0
1060648450,0.0
1060648030,0.0
1060649730,0.0
1060649720,0.0
1060643620,0.0
1060643630,0.0
1060664470,0.0
1060664460,0.0
1060658910,0.0
1060658920,0.0
1060653000,0.0
1060652730,0.0
1060651670,0.0
1060652040,0.0
1060677120,0.0
1060677130,0.0
1060657020,0.0
1060657010,0.0
1060664700,0.0
1060664840,0.0
1060650230,0.0
1060650000,0.0
1060664480,0.0
1060664580,0.0
1060652570,0.0
1060652560,0.0
1060674440,0.0
1060674110,0.0
1060716260,0.0
1060716270,0.0
1060645360,0.0
1060645590,0.0
1060728710,0.0
1060728700,0.0
1060703080,0.0
1060703250,0.0
1060688160,0.0
1060688170,0.0
1060695420,0.0
1060695430,0.0
1060696250,0.0
1060696470,0.0
1060704290,0.0
1060704170,0.0
1060665640,0.0
1060665870,0.0
1060713000,0.0
1060713180,0.0
1060716250,0.0
1060716350,0.0
1060773750,0.0
1060773760,0.0
1060734740,0.0
1060734730,0.0
1060673410,0.0
1060673860,0.0
1060783650,0.0
1060783860,0.0
1060675820,0.0
1060675420,0.0
1060798250,0.0
1060798240,0.0
1060800150,0.0
1060800160,0.0
1060692800,0.0
1060692900,0.0
1060716900,0.0
1060716640,0.0
1060762830,0.0
1060762820,0.0
1060810340,0.0
1060809910,0.0
1060823900,0.0
1060823700,0.0
1060823510,0.0
1060823290,0.0
1060745340,0.0
1060745130,0.0
1060779130,0.0
1060778870,0.0
1060843040,0.0
1060843030,0.0
1060845900,0.0
1060846100,0.0
1060791180,0.0
1060791350,0.0
1060844660,0.0
1060844900,0.0
1060840030,0.0
1060840290,0.0
1060841720,0.0
1060841580,0.0
1060841440,0.0
1060841230,0.0
1060840450,0.0
1060840470,0.0
1060819640,0.0
1060819440,0.0
1060837630,0.0
1060837890,0.0
1060848400,0.0
1060848180,0.0
1060856340,0.0
1060856140,0.0
1060832440,0.0
1060832080,0.0
1060851850,0.0
1060852010,0.0
1060869460,0.0
1060869450,0.0
1060883500,0.0
1060883510,0.0
1060873210,0.0
1060873200,0.0
1060827490,0.0
1060827240,0.0
1060883520,0.0
1060883230,0.0
1060805400,0.0
1060805160,0.0
1060837870,0.0
1060837610,0.0
1060886140,0.0
1060885810,0.0
1060817220,0.0
1060816780,0.0
1060909250,0.0
1060909260,0.0
1060820900,0.0
1060820590,0.0
1060921740,0.0
1060921730,0.0
1060822950,0.0
1060823130,0.0
1060803990,0.0
1060803980,0.0
1060820440,0.0
1060820630,0.0
1060824850,0.0
1060824630,0.0
1060861870,0.0
1060861680,0.0
1060810820,0.0
1060810660,0.0
1060949070,0.0
1060949080,0.0
1060804740,0.0
1060804960,0.0
1060891420,0.0
1060891190,0.0
1060954500,0.0
1060954680,0.0
1060913830,0.0
1060913840,0.0
1060801660,0.0
1060801450,0.0
1060965920,0.0
1060965910,0.0
1060962960,0.0
1060962950,0.0
1060784010,0.0
1060783830,0.0
1060879500,0.0
1060880020,0.0
1060854290,0.0
1060854480,0.0
1060978730,0.0
1060978570,0.0
1060774210,0.0
1060774200,0.0
1060988630,0.0
1060988620,0.0
1060999130,0.0
1060999120,0.0
1060765790,0.0
1060766070,0.0
1060864580,0.0
1060864590,0.0
1061001800,0.0
1061001550,0.0
1060740970,0.0
1060740960,0.0
1060872120,0.0
1060872280,0.0
1061024120,0.0
1061024110,0.0
1061017230,0.0
1061016870,0.0
1060745140,0.0
1060744980,0.0
1060989620,0.0
1060989610,0.0
1061033490,0.0
1061033480,0.0
1060762390,0.0
1060762260,0.0
1060748980,0.0
1060748970,0.0
1061051360,0.0
1061051160,0.0
1061051660,0.0
1061051510,0.0
1061041420,0.0
1061041490,0.0
1061053880,0.0
1061053830,0.0
1061065520,0.0
1061065600,0.0
1060694510,0.0
1060694920,0.0
1061060600,0.0
1061060260,0.0
1060642580,0.0
1060642400,0.0
1061089880,0.0
1061089870,0.0
1061111290,0.0
1061111280,0.0
1061090170,0.0
1061090060,0.0
1061103800,0.0
1061103810,0.0
1061103440,0.0
1061103570,0.0
1061108670,0.0
1061108830,0.0
1061108020,0.0
1061108160,0.0
1061108520,0.0
1061108170,0.0
1061113110,0.0
1061113260,0.0
1061147770,0.0
1061147780,0.0
1061150150,0.0
1061150250,0.0
1061156230,0.0
1061156190,0.0
1061135470,0.0
1061135480,0.0
1061102730,0.0
1061102620,0.0
1061142320,0.0
1061142140,0.0
1061143610,0.0
1061143550,0.0
1061092470,0.0
1061092480,0.0
1061159450,0.0
1061159540,0.0
1061159550,0.0
1061168170,0.0
1061168160,0.0
1061186570,0.0
1061186560,0.0
1061192020,0.0
1061192100,0.0
1061172840,0.0
1061172900,0.0
1061196940,0.0
1061197040,0.0
1061168800,0.0
1061168580,0.0
1061197770,0.0
1061197870,0.0
1061190440,0.0
1061190600,0.0
1060034270,0.0
1060034490,0.0
1060034610,0.0
1060034900,0.0
1060035090,0.0
1060035180,0.0
1060035400,0.0
1061568190,0.0
1061568120,0.0
1061568700,0.0
1061568720,0.0
1061567020,0.0
1061566930,0.0
1061559160,0.0
1061559150,0.0
1060035410,0.0
1060035590,0.0
1061543120,0.0
1061543240,0.0
1061540470,0.0
1061540590,0.0
1061538940,0.0
1061538890,0.0
1061537190,0.0
1061537110,0.0
1060035600,0.0
1060036020,0.0
1061508640,0.0
1061508680,0.0
1061510180,0.0
1061510190,0.0
1061512210,0.0
1061512180,0.0
1061518210,0.0
1061518050,0.0
1060036030,0.0
1060036110,0.0
1060036120,0.0
1060036300,0.0
1060036310,0.0
1060036440,0.0
1060036450,0.0
1060036750,0.0
1060036760,0.0
1060036860,0.0
1061449370,0.0
1061449380,0.0
1061454680,0.0
1061454760,0.0
1061459660,0.0
1061459750,0.0
1061472870,0.0
1061472960,0.0
1060036870,0.0
1060037100,0.0
1060037110,0.0
1060037300,0.0
1060037310,0.0
1060038190,0.0
1060038200,0.0
1060038540,0.0
1060038550,0.0
1060038790,0.0
1060038800,0.0
1060038850,0.0
1060038860,0.0
1060039250,0.0
1060039260,0.0
1060039460,0.0
1060039470,0.0
1060039540,0.0
1060039550,0.0
1060039620,0.0
1060039630,0.0
1060039660,0.0
1060039670,0.0
1060039740,0.0
1060039750,0.0
1060039780,0.0
1060039790,0.0
1060039840,0.0
1060039850,0.0
1060040000,0.0
1060040010,0.0
1060040020,0.0
1060040030,0.0
1060040040,0.0
1060040050,0.0
1060040110,0.0
1060040140,0.0
1060040160,0.0
1060040180,0.0
1060040190,0.0
1060695540,0.0
1060695700,0.0
1060695300,0.0
1060695310,0.0
1060703540,0.0
1060703530,0.0
1060707270,0.0
1060707490,0.0
1060717370,0.0
1060717480,0.0
1060716780,0.0
1060716590,0.0
1061923540,0.0
1060672000,0.0
1060671990,0.0
1060670570,0.0
1060670330,0.0
1060668640,0.0
1060668630,0.0
1060734180,0.0
1060734190,0.0
1060649830,0.0
1060649820,0.0
1060754730,0.0
1060754660,0.0
1060646270,0.0
1060646280,0.0
1060761890,0.0
1060761520,0.0
1060776780,0.0
1060776920,0.0
1060700730,0.0
1060700890,0.0
1060694150,0.0
1060694390,0.0
1060793590,0.0
1060793790,0.0
1060604410,0.0
1060604420,0.0
1060827990,0.0
1060828000,0.0
1060708880,0.0
1060709340,0.0
1060701060,0.0
1060700720,0.0
1060814990,0.0
1060814780,0.0
1060856860,0.0
1060856870,0.0
1060702140,0.0
1060701840,0.0
1060703130,0.0
1060702830,0.0
1060840230,0.0
1060840410,0.0
1060845830,0.0
1060845840,0.0
1060852600,0.0
1060852870,0.0
1060861210,0.0
1060861310,0.0
1060865860,0.0
1060865850,0.0
1060871760,0.0
1060871950,0.0
1060911040,0.0
1060911250,0.0
1060874100,0.0
1060874090,0.0
1060878050,0.0
1060878150,0.0
1060901650,0.0
1060901820,0.0
1060786750,0.0
1060786760,0.0
1060780080,0.0
1060780300,0.0
1060847310,0.0
1060847160,0.0
1060840790,0.0
1060840780,0.0
1060919310,0.0
1060919490,0.0
1060773250,0.0
1060773240,0.0
1060928380,0.0
1060928560,0.0
1060768020,0.0
1060768030,0.0
1060841840,0.0
1060841680,0.0
1060823470,0.0
1060823460,0.0
1060830240,0.0
1060830770,0.0
1060738820,0.0
1060738620,0.0
1060749160,0.0
1060748790,0.0
1060964540,0.0
1060964690,0.0
1060787750,0.0
1060787740,0.0
1060800540,0.0
1060800780,0.0
1060803730,0.0
1060803960,0.0
1060736640,0.0
1060736730,0.0
1060735080,0.0
1060735260,0.0
1060730750,0.0
1060730580,0.0
1060772150,0.0
1060772140,0.0
1060701270,0.0
1060701280,0.0
1060677450,0.0
1060677620,0.0
1060652970,0.0
1060652800,0.0
1060040200,0.0
1061528920,0.0
1061528930,0.0
1061528860,0.0
1061528270,0.0
1061527440,0.0
1061527330,0.0
1061530290,0.0
1061530360,0.0
1061533130,0.0
1061533240,0.0
1061529910,0.0
1061529850,0.0
1061528150,0.0
1061528110,0.0
1061548450,0.0
1061548460,0.0
1061516890,0.0
1061517020,0.0
1061518990,0.0
1061519140,0.0
1061550490,0.0
1061550590,0.0
1061556000,0.0
1061556100,0.0
1061558350,0.0
1061558360,0.0
1061515680,0.0
1061515780,0.0
1061549840,0.0
1061550000,0.0
1061560110,0.0
1061560140,0.0
1061512160,0.0
1061512150,0.0
1061565360,0.0
1061565440,0.0
1061551920,0.0
1061551850,0.0
1061522340,0.0
1061522260,0.0
1061518250,0.0
1061518160,0.0
1061513460,0.0
1061513450,0.0
1061490340,0.0
1061490490,0.0
1061520550,0.0
1061520660,0.0
1061482000,0.0
1061482070,0.0
1061477560,0.0
1061477470,0.0
1061479650,0.0
1061479540,0.0
1061478080,0.0
1061477980,0.0
1061474490,0.0
1061474590,0.0
1061453630,0.0
1061453620,0.0
1061503440,0.0
1061503430,0.0
1061446870,0.0
1061446860,0.0
1061460440,0.0
1061460430,0.0
1061508710,0.0
1061508700,0.0
1061422790,0.0
1061422800,0.0
1061515190,0.0
1061515390,0.0
1061435100,0.0
1061435110,0.0
1061517460,0.0
1061517560,0.0
1061429650,0.0
1061429580,0.0
1061398230,0.0
1061398150,0.0
1060040210,0.0
1060552200,0.0
1060552040,0.0
1060552190,0.0
1060552380,0.0
1060555410,0.0
1060555020,0.0
1060558800,0.0
1060558510,0.0
1060549880,0.0
1060550270,0.0
1060554840,0.0
1060555010,0.0
1060579110,0.0
1060579170,0.0
1060548270,0.0
1060548120,0.0
1060594820,0.0
1060594590,0.0
1060559540,0.0
1060559240,0.0
1060598700,0.0
1060598690,0.0
1060607030,0.0
1060607020,0.0
1060571070,0.0
1060571080,0.0
1060617640,0.0
1060617650,0.0
1060525950,0.0
1060525800,0.0
1060621430,0.0
1060621420,0.0
1060518960,0.0
1060518950,0.0
1060630320,0.0
1060630060,0.0
1060630330,0.0
1060630540,0.0
1060637070,0.0
1060637060,0.0
1060645670,0.0
1060645680,0.0
1060649980,0.0
1060650090,0.0
1060651800,0.0
1060652010,0.0
1060648000,0.0
1060647650,0.0
1060665140,0.0
1060665330,0.0
1060668980,0.0
1060669180,0.0
1060658340,0.0
1060658460,0.0
1060674240,0.0
1060674380,0.0
1060040220,0.0
1060192080,0.0
1060192070,0.0
1060210260,0.0
1060210380,0.0
1060274920,0.0
1060275130,0.0
1060276860,0.0
1060276700,0.0
1060277520,0.0
1060277450,0.0
1060297470,0.0
1060297460,0.0
1060313260,0.0
1060313270,0.0
1060335500,0.0
1060335490,0.0
1060040230,0.0
1060463930,0.0
1060463920,0.0
1060459380,0.0
1060459220,0.0
1060454520,0.0
1060454270,0.0
1060454120,0.0
1060453980,0.0
1060440690,0.0
1060440700,0.0
1060407790,0.0
1060407800,0.0
1060395730,0.0
1060395580,0.0
1060377060,0.0
1060377180,0.0
1060369780,0.0
1060369790,0.0
1060335290,0.0
1060335110,0.0
1060325980,0.0
1060325990,0.0
1060314580,0.0
1060314690,0.0
1060040240,0.0
1061494900,0.0
1061494810,0.0
1061494710,0.0
1061494890,0.0
1061494200,0.0
1061493850,0.0
1061492870,0.0
1061492810,0.0
1061491160,0.0
1061491120,0.0
1061488360,0.0
1061488260,0.0
1061486420,0.0
1061486320,0.0
1061492510,0.0
1061492420,0.0
1061481860,0.0
1061481760,0.0
1061480810,0.0
1061480990,0.0
1061487460,0.0
1061487510,0.0
1061464940,0.0
1061464930,0.0
1060040250,0.0
1060271770,0.0
1060271780,0.0
1060307850,0.0
1060307860,0.0
1060319070,0.0
1060318970,0.0
1060371880,0.0
1060372010,0.0
1060040260,0.0
1061060130,0.0
1061059910,0.0
1061065950,0.0
1061066110,0.0
1061067870,0.0
1061067800,0.0
1061069620,0.0
1061069480,0.0
1061033970,0.0
1061033960,0.0
1061081660,0.0
1061081540,0.0
1061031870,0.0
1061031990,0.0
1061000360,0.0
1061000550,0.0
1060971570,0.0
1060971580,0.0
1060963480,0.0
1060963200,0.0
1060927250,0.0
1060927240,0.0
1060890730,0.0
1060890470,0.0
1060040270,0.0
1060965550,0.0
1060965780,0.0
1060989140,0.0
1060989280,0.0
1060972120,0.0
1060971950,0.0
1060938680,0.0
1060938670,0.0
1060040280,0.0
1060538380,0.0
1060538610,0.0
1060543490,0.0
1060543340,0.0
1060542610,0.0
1060542300,0.0
1060593400,0.0
1060593390,0.0
1060040290,0.0
1060344320,0.0
1060344160,0.0
1060371920,0.0
1060372040,0.0
1060383360,0.0
1060383470,0.0
1060423890,0.0
1060423630,0.0
1060040300,0.0
1060184040,0.0
1060184270,0.0
1060152750,0.0
1060152630,0.0
1060148340,0.0
1060148230,0.0
1060128490,0.0
1060128500,0.0
1060040310,0.0
1060380290,0.0
1060380510,0.0
1060377690,0.0
1060377860,0.0
1060381400,0.0
1060381530,0.0
1060380310,0.0
1060380150,0.0
1060040320,0.0
1060769630,0.0
1060769620,0.0
1060769960,0.0
1060769850,0.0
1060757360,0.0
1060757370,0.0
1060850740,0.0
1060850580,0.0
1060040330,0.0
1060121470,0.0
1060121530,0.0
1060121460,0.0
1060121520,0.0
1060146800,0.0
1060146790,0.0
1060154870,0.0
1060154880,0.0
1060040340,0.0
1060100290,0.0
1060100270,0.0
1060100010,0.0
1060100110,0.0
1060098920,0.0
1060098990,0.0
1060102600,0.0
1060102550,0.0
1060040350,0.0
1060040360,0.0
1060705000,0.0
1060704670,0.0
1060706800,0.0
1060706990,0.0
1060702990,0.0
1060702840,0.0
1060691230,0.0
1060690820,0.0
1060040370,0.0
1061299320,0.0
1061299210,0.0
1061295640,0.0
1061295580,0.0
1061288050,0.0
1061287940,0.0
1061282640,0.0
1061282520,0.0
1060040380,0.0
1060568300,0.0
1060568310,0.0
1060568050,0.0
1060548470,0.0
1060545390,0.0
1060545400,0.0
1060538790,0.0
1060538800,0.0
1060040390,0.0
1061043850,0.0
1061043750,0.0
1061038590,0.0
1061038600,0.0
1061028490,0.0
1061028620,0.0
1060926500,0.0
1060926800,0.0
1060040400,0.0
1060472890,0.0
1060472710,0.0
1060472120,0.0
1060471760,0.0
1060475600,0.0
1060475430,0.0
1060479380,0.0
1060479390,0.0
1060040410,0.0
1060229630,0.0
1060229620,0.0
1060229110,0.0
1060229410,0.0
1060265410,0.0
1060265860,0.0
1060268510,0.0
1060268670,0.0
1060040420,0.0
1060247220,0.0
1060246940,0.0
1060268800,0.0
1060268810,0.0
1060291000,0.0
1060291150,0.0
1060291700,0.0
1060291860,0.0
1060040430,0.0
1060299240,0.0
1060299250,0.0
1060340190,0.0
1060340460,0.0
1060332710,0.0
1060332340,0.0
1060326200,0.0
1060326450,0.0
1060040440,0.0
1060040450,0.0
1060040460,0.0
1060131560,0.0
1060131680,0.0
1060139190,0.0
1060139290,0.0
1060170300,0.0
1060170290,0.0
1060176960,0.0
1060177150,0.0
1060040470,0.0
1060702280,0.0
1060702490,0.0
1060749530,0.0
1060749810,0.0
1060761680,0.0
1060761690,0.0
1060802020,0.0
1060801770,0.0
1060040480,0.0
1060040490,0.0
1060476620,0.0
1060476510,0.0
1060471840,0.0
1060471850,0.0
1060457140,0.0
1060457150,0.0
1060438440,0.0
1060438330,0.0
1060040500,0.0
1060190830,0.0
1060190730,0.0
1060187210,0.0
1060187420,0.0
1060181880,0.0
1060181890,0.0
1060165590,0.0
1060165450,0.0
1060040510,0.0
1060586870,0.0
1060587060,0.0
1060579980,0.0
1060579810,0.0
1060562940,0.0
1060563130,0.0
1060565950,0.0
1060565790,0.0
1060040520,0.0
1060176340,0.0
1060176330,0.0
1060171020,0.0
1060170920,0.0
1060149800,0.0
1060149810,0.0
1060130410,0.0
1060130340,0.0
1060040530,0.0
1060131340,0.0
1060131370,0.0
1060137460,0.0
1060137530,0.0
1060139660,0.0
1060139650,0.0
1060156540,0.0
1060156550,0.0
1060040540,0.0
1060105330,0.0
1060105340,0.0
1060105460,0.0
1060105530,0.0
1060116690,0.0
1060116790,0.0
1060122130,0.0
1060122140,0.0
1060040550,0.0
1060040560,0.0
1060310510,0.0
1060310630,0.0
1060315520,0.0
1060315620,0.0
1060328750,0.0
1060328880,0.0
1060336430,0.0
1060336220,0.0
1060040570,0.0
1060254070,0.0
1060254060,0.0
1060254210,0.0
1060254360,0.0
1060256930,0.0
1060256610,0.0
1060266150,0.0
1060266310,0.0
1060040580,0.0
1060040590,0.0
1060040600,0.0
1060171830,0.0
1060171930,0.0
1060189100,0.0
1060189110,0.0
1060235570,0.0
1060235580,0.0
1060241880,0.0
1060241960,0.0
1060040610,0.0
1060040620,0.0
1060243740,0.0
1060243450,0.0
1060245940,0.0
1060246070,0.0
1060261420,0.0
1060261430,0.0
1060268190,0.0
1060268200,0.0
1060040630,0.0
1060175290,0.0
1060175370,0.0
1060175820,0.0
1060175810,0.0
1060196460,0.0
1060196450,0.0
1060218410,0.0
1060218560,0.0
1060040640,0.0
1060040650,0.0
1060040660,0.0
1061016250,0.0
1061016240,0.0
1061017250,0.0
1061017030,0.0
1061022690,0.0
1061022540,0.0
1061029030,0.0
1061029040,0.0
1060040670,0.0
1060040680,0.0
1060040690,0.0
1060040700,0.0
1060040710,0.0
1060040720,0.0
1060040730,0.0
1060040740,0.0
1060040750,0.0
1060040760,0.0
1060040770,0.0
1060040780,0.0
1060040790,0.0
1060040800,0.0
1060040810,0.0
1060040820,0.0
1060040830,0.0
1060040840,0.0
1060040850,0.0
1060040860,0.0
1060040870,0.0
1060040880,0.0
1060040890,0.0
1060040900,0.0
1060040910,0.0
1060040920,0.0
1060040930,0.0
1060040940,0.0
1060040950,0.0
1060040960,0.0
1060040970,0.0
1060040980,0.0
1060040990,0.0
1060041000,0.0
1060041010,0.0
1060041020,0.0
1060041030,0.0
1060041040,0.0
1060041050,0.0
1060041060,0.0
1060041070,0.0
1060041080,0.0
1060041090,0.0
1060041100,0.0
1060041110,0.0
1060041120,0.0
1060041140,0.0
1060041150,0.0
1060041160,0.0
1060041170,0.0
1060041180,0.0
1060041190,0.0
1060041200,0.0
1060041210,0.0
1060041220,0.0
1060041230,0.0
1060041240,0.0
1060041250,0.0
1060041260,0.0
1060041270,0.0
1060041280,0.0
1060041290,0.0
1060041300,0.0
1060041310,0.0
1060041320,0.0
1060041330,0.0
1060041340,0.0
1060041350,0.0
1060041360,0.0
1060041370,0.0
1060041380,0.0
1060041390,0.0
1060041400,0.0
1060041410,0.0
1060041430,0.0
1060041440,0.0
1060041450,0.0
1060041470,0.0
1060041480,0.0
1060041490,0.0
1060041500,0.0
1060041510,0.0
1060041520,0.0
1060041530,0.0
1060041540,0.0
1060041550,0.0
1060041560,0.0
1060041570,0.0
1060041580,0.0
1060041590,0.0
1060041610,0.0
1060041620,0.0
1060041630,0.0
1060041640,0.0
1060041650,0.0
1060041660,0.0
1060041690,0.0
1060041710,0.0
1060041720,0.0
1060041740,0.0
1060041760,0.0
1060041770,0.0
1060041790,0.0
1060041800,0.0
1060041820,0.0
1060041830,0.0
1060041840,0.0
1060041850,0.0
1060041860,0.0
1060041870,0.0
1060041880,0.0
1060041900,0.0
1060041910,0.0
1060041930,0.0
1060041950,0.0
1060041960,0.0
1060041970,0.0
1060041980,0.0
1060041990,0.0
1060042000,0.0
1060042010,0.0
1060042020,0.0
1060042040,0.0
1060042050,0.0
1060042060,0.0
1060042070,0.0
1060042080,0.0
1060042090,0.0
1060042100,0.0
1060042130,0.0
1060042140,0.0
1060042150,0.0
1060042160,0.0
1060042170,0.0
1060042180,0.0
1060042190,0.0
1060042200,0.0
1060042220,0.0
1060042230,0.0
1060042240,0.0
1060042250,0.0
1060042260,0.0
1060042270,0.0
1060042280,0.0
1060042310,0.0
1060042320,0.0
1060042330,0.0
1060042340,0.0
1060042350,0.0
1060042360,0.0
1060042380,0.0
1060042390,0.0
1060042400,0.0
1060042410,0.0
1060042420,0.0
1060042440,0.0
1060042450,0.0
1060042460,0.0
1060042470,0.0
1060042490,0.0
1060042500,0.0
1060042510,0.0
1060042520,0.0
1060042550,0.0
1060042560,0.0
1060042570,0.0
1060042580,0.0
1060042590,0.0
1060042600,0.0
1060042610,0.0
1060042630,0.0
1060042640,0.0
1060042650,0.0
1060042660,0.0
1060042670,0.0
1060042680,0.0
1060042690,0.0
1060042700,0.0
1060042710,0.0
1060042720,0.0
1060042750,0.0
1060042770,0.0
1060042790,0.0
1060042800,0.0
1060042820,0.0
1060042830,0.0
1060042840,0.0
1060042860,0.0
1060042880,0.0
1060042900,0.0
1060042910,0.0
1060042920,0.0
1060042940,0.0
1060042950,0.0
1060042970,0.0
1060042980,0.0
1060043000,0.0
1060043020,0.0
1060043030,0.0
1060043040,0.0
1060043050,0.0
1060043060,0.0
1060043070,0.0
1060043080,0.0
1060043090,0.0
1060043100,0.0
1060043120,0.0
1060043130,0.0
1060043150,0.0
1060043160,0.0
1060043180,0.0
1060043210,0.0
1060043220,0.0
1060043250,0.0
1060043280,0.0
1060043290,0.0
1060043300,0.0
1060043330,0.0
1060043340,0.0
1060043350,0.0
1060043370,0.0
1060043380,0.0
1060043410,0.0
1060043420,0.0
1060043440,0.0
1060043450,0.0
1060043460,0.0
1060043470,0.0
1060043490,0.0
1060043500,0.0
1060043530,0.0
1060043540,0.0
1060043560,0.0
1060043570,0.0
1060043580,0.0
1060043590,0.0
1060043650,0.0
1060043660,0.0
1060043680,0.0
1060043690,0.0
1060043700,0.0
1060043710,0.0
1060043720,0.0
1060043740,0.0
1060043750,0.0
1060043760,0.0
1060043770,0.0
1060043820,0.0
1060043860,0.0
1060043890,0.0
1060043910,0.0
1060043930,0.0
1060043950,0.0
1060044010,0.0
1060044040,0.0
1060044050,0.0
1060044060,0.0
1060044070,0.0
1060044080,0.0
1060044090,0.0
1060044120,0.0
1060044150,0.0
1060044180,0.0
1060044210,0.0
1060044220,0.0
1060044230,0.0
1060044260,0.0
1060044270,0.0
1060044290,0.0
1060044300,0.0
1060044320,0.0
1060044340,0.0
1060044350,0.0
1060044370,0.0
1060044380,0.0
1060044400,0.0
1060044410,0.0
1060044420,0.0
1060044430,0.0
1060044470,0.0
1060044480,0.0
1060044520,0.0
1060044540,0.0
1060044560,0.0
1060044570,0.0
1060044610,0.0
1060044620,0.0
1060044640,0.0
1060044710,0.0
1060044720,0.0
1060044730,0.0
1060044740,0.0
1060044750,0.0
1060044830,0.0
1060044840,0.0
1060044850,0.0
1060044870,0.0
1060044910,0.0
1060044920,0.0
1060044940,0.0
1060044950,0.0
1060044980,0.0
1060045000,0.0
1060045010,0.0
1060045030,0.0
1060045070,0.0
1060045100,0.0
1060045110,0.0
1060045140,0.0
1060045150,0.0
1060045160,0.0
1060045170,0.0
1060045200,0.0
1060045210,0.0
1060045220,0.0
1060045270,0.0
1060045280,0.0
1060045330,0.0
1060045340,0.0
1060045360,0.0
1060045370,0.0
1060045390,0.0
1060045400,0.0
1060045410,0.0
1060045450,0.0
1060045460,0.0
1060045480,0.0
1060045490,0.0
1060045560,0.0
1060045580,0.0
1060045600,0.0
1060045650,0.0
1060045660,0.0
1060045670,0.0
1060045680,0.0
1060045720,0.0
1060045760,0.0
1060045800,0.0
1060045820,0.0
1060045840,0.0
1060045850,0.0
1060045870,0.0
1060045880,0.0
1060045960,0.0
1060046010,0.0
1060046130,0.0
1060046210,0.0
1060046220,0.0
1060046240,0.0
1060046250,0.0
1060046270,0.0
1060046330,0.0
1060046340,0.0
1060046350,0.0
1060046360,0.0
1060046390,0.0
1060046410,0.0
1060046430,0.0
1060046460,0.0
1060046470,0.0
1060046540,0.0
1060046550,0.0
1060046590,0.0
1060046640,0.0
1060046680,0.0
1060046700,0.0
1060046740,0.0
1060046750,0.0
1060046780,0.0
1060046800,0.0
1060046820,0.0
1060046870,0.0
1060046940,0.0
1060046950,0.0
1060047000,0.0
1060047030,0.0
1060047050,0.0
1060047060,0.0
1060047080,0.0
1060047090,0.0
1060047110,0.0
1060047120,0.0
1060047150,0.0
1060047160,0.0
1060047200,0.0
1060047310,0.0
1060047330,0.0
1060047390,0.0
1060047460,0.0
1060047500,0.0
1060047550,0.0
1060047600,0.0
1060047640,0.0
1060047760,0.0
1060047790,0.0
1060047890,0.0
1060047900,0.0
1060047930,0.0
1060048030,0.0
1060048180,0.0
1060048200,0.0
1060048420,0.0
1060048600,0.0
1060048620,0.0
1060048630,0.0
1060048660,0.0
1060048740,0.0
1060048760,0.0
1060048770,0.0
1060048790,0.0
1060048850,0.0
1060048860,0.0
1060048920,0.0
1060048990,0.0
1060049000,0.0
1060049080,0.0
1060049140,0.0
1060049160,0.0
1060049190,0.0
1060049240,0.0
1060049460,0.0
1060049590,0.0
1060049600,0.0
1060049610,0.0
1060049640,0.0
1060049660,0.0
1060049670,0.0
1060049710,0.0
1060049780,0.0
1060049850,0.0
1060049870,0.0
1060049900,0.0
1060050020,0.0
1060050150,0.0
1060050250,0.0
1060050450,0.0
1060050480,0.0
1060050630,0.0
1060051080,0.0
1060051330,0.0
1060051560,0.0
1060051750,0.0
1060051780,0.0
1060051860,0.0
1060052010,0.0
1060052070,0.0
1060052130,0.0
1060052270,0.0
1060052840,0.0
1060052920,0.0
1060052970,0.0
1060053040,0.0
1060053100,0.0
1060053260,0.0
1060053350,0.0
1060053460,0.0
1060053600,0.0
1060053710,0.0
1060053780,0.0
1060054010,0.0
1060054120,0.0
1060054160,0.0
1060054170,0.0
1060054250,0.0
1060054330,0.0
1060054470,0.0
1060054730,0.0
1060054740,0.0
1060054790,0.0
1060054840,0.0
1060055020,0.0
1060055130,0.0
1060055150,0.0
1060055170,0.0
1060055350,0.0
1060055420,0.0
1060055930,0.0
1060056050,0.0
1060056090,0.0
1060056590,0.0
1060056610,0.0
1060056760,0.0
1060057230,0.0
1060057260,0.0
1060057520,0.0
1060058290,0.0
1060058360,0.0
1060058480,0.0
1060058590,0.0
1060058720,0.0
1060058760,0.0
1060058800,0.0
1060058880,0.0
1060059750,0.0
1060059920,0.0
1060060030,0.0
1060060300,0.0
1060060780,0.0
1060061060,0.0
1060061100,0.0
1060061880,0.0
1060063650,0.0
1060064130,0.0
1060064750,0.0
1060065100,0.0
1060066200,0.0
1060066490,0.0
1060067050,0.0
1060068290,0.0
1060071560,0.0
1060073500,0.0
1060074640,0.0
1060075250,0.0
1060075520,0.0
1060076070,0.0
1060076200,0.0
1060076900,0.0
1060079850,0.0
8060000010,0.4035
8060000060,0.2267
8060000070,0.3593
8060000290,0.8277
8060000300,0.6069
8060000400,0.8648
8060000410,0.598
8060000670,0.8063
8060000680,0.249
8060000810,0.6219
8060274890,0.3384
8060274880,0.2983
8060260470,0.0975
8060260480,0.1638
8060263780,0.3976
8060263840,0.036
8060267640,0.4671
8060267770,0.6388
8060000820,0.3362
8060001750,0.2132
8060001760,0.0
8060001790,0.1397
8060001800,0.1098
8060002140,0.4406
8060002150,0.0
8060002160,0.1533
8060002170,0.0
8060002260,0.0
8060259450,0.0228
8060259380,0.1722
8060242630,0.0917
8060242620,0.0
8060241980,0.2228
8060241920,0.0022
8060229820,0.1531
8060229830,0.0583
8060002270,0.1705
8060002400,0.4085
8060002410,0.1567
8060003220,0.0168
8060003230,0.0236
8060003720,0.0
8060003730,0.0203
8060004160,0.0
8060004170,0.0
8060004200,0.0
8060004210,0.0
8060004280,0.0032
8060004290,0.0109
8060004350,0.038
8060004360,0.0
8060004410,0.0527
8060004420,0.0
8060004480,0.0
8060306870,0.0046
8060306880,0.0
8060303260,0.0
8060303220,0.0
8060297750,0.0
8060297740,0.0014
8060278910,0.0482
8060278870,0.0282
8060004490,0.0003
8060004910,0.0
8060285160,0.0
8060285170,0.0
8060275490,0.0
8060275630,0.0
8060272850,0.0
8060272800,0.0
8060258770,0.0
8060258870,0.0
8060256960,0.0
8060257060,0.0
8060254470,0.0616
8060254340,0.0
8060225700,0.0
8060225860,0.0498
8060224230,0.0932
8060224140,0.0308
8060004920,0.0
8060005050,0.0
8060005060,0.0
8060005150,0.0
8060005160,0.0
8060005190,0.0
8060005200,0.0
8060005250,0.0
8060005260,0.0
8060005510,0.0
8060248080,0.0
8060248210,0.0
8060248850,0.0
8060248700,0.0
8060246280,0.0
8060246290,0.0
8060236960,0.0
8060236950,0.0
8060183880,0.0
8060183760,0.0
8060187200,0.0
8060187150,0.0
8060186210,0.0
8060186220,0.0
8060182000,0.0
8060181840,0.0
8060176860,0.0
8060176870,0.0
8060176200,0.0
8060176060,0.0
8060186110,0.0
8060186150,0.0424
8060142260,0.0
8060142150,0.0
8060142510,0.0
8060142620,0.0
8060182480,0.0
8060182380,0.0
8060141820,0.0
8060141930,0.0
8060190880,0.0084
8060191000,0.0295
8060134390,0.0
8060134260,0.0
8060149600,0.0
8060149760,0.0
8060149770,0.0
8060149930,0.0
8060185450,0.0
8060185330,0.0
8060147380,0.0
8060147270,0.0
8060191670,0.057
8060191680,0.0
8060143060,0.0
8060142980,0.0002
8060141350,0.0
8060141480,0.0
8060141040,0.0
8060140910,0.0065
8060200390,0.0
8060200510,0.2011
8060200690,0.0
8060200840,0.0463
8060146840,0.0
8060146890,0.0
8060153970,0.0
8060154080,0.0
8060130480,0.0
8060130340,0.0
8060224880,0.2458
8060224890,0.0868
8060119700,0.0
8060119620,0.0
8060194110,0.0
8060194180,0.0
8060129020,0.0
8060129130,0.0
8060202520,0.0
8060202510,0.0
8060219290,0.0
8060219130,0.0
8060221500,0.0
8060221510,0.0
8060222000,0.0
8060222130,0.0
8060234860,0.1332
8060234870,0.0
8060214160,0.0
8060214100,0.0
8060231190,0.0
8060231240,0.0
8060240040,0.0
8060239840,0.0
8060230530,0.0
8060230650,0.0
8060212970,0.0
8060212940,0.0
8060252130,0.1294
8060252250,0.4124
8060228670,0.0
8060228740,0.0
8060213720,0.0
8060213590,0.0003
8060236260,0.0
8060236470,0.0
8060251940,0.0
8060251780,0.0
8060259520,0.0
8060259590,0.0
8060216310,0.0159
8060216240,0.0014
8060249210,0.0035
8060249330,0.0
8060274780,0.0
8060274770,0.0163
8060280670,0.0
8060280610,0.0
8060287740,0.0134
8060287840,0.0699
8060298170,0.1646
8060298100,0.0
8060005520,0.0
8060006000,0.0
8060006010,0.0
8060006230,0.0
8060006240,0.0
8060006850,0.0
8060006860,0.0
8060006940,0.0
8060006950,0.0
8060007020,0.0
8060132980,0.0
8060132810,0.0
8060128980,0.0
8060128840,0.0
8060130330,0.0
8060130250,0.0
8060137520,0.0
8060137590,0.0
8060007030,0.0
8060007180,0.0
8060112810,0.0
8060112750,0.0
8060111600,0.0
8060111760,0.0
8060110370,0.0
8060110500,0.0
8060111190,0.0
8060111120,0.0
8060007190,0.0
8060007630,0.0
8060007640,0.0
8060007690,0.0
8060007700,0.0
8060007830,0.0
8060007840,0.0
8060008020,0.0
8060008030,0.0
8060008230,0.0
8060008240,0.0
8060008380,0.0
8060089970,0.0
8060089980,0.0
8060090390,0.0
8060090400,0.0
8060096520,0.0
8060096530,0.0
8060097430,0.0
8060097530,0.0
8060008390,0.0
8060008470,0.0
8060008480,0.0
8060008510,0.0
8060008520,0.0
8060008550,0.0
8060008560,0.0
8060008630,0.0078
8060008640,0.0424
8060008900,0.0022
8060008970,0.0
8060008980,0.0
8060009130,0.0
8060009140,0.0
8060009240,0.0
8060009250,0.0
8060009460,0.0
8060009470,0.0
8060009560,0.0
8060112340,0.0
8060112350,0.0
8060122010,0.0
8060122100,0.0006
8060155680,0.0
8060155780,0.0
8060157910,0.0
8060158000,0.0017
8060160210,0.0
8060160330,0.0
8060159800,0.0
8060159890,0.0
8060148430,0.0
8060148510,0.0
8060164230,0.0
8060164290,0.0
8060183170,0.0
8060183070,0.0
8060194590,0.0
8060194580,0.0
8060196780,0.0
8060196880,0.0
8060170630,0.0
8060170460,0.0
8060155650,0.0
8060155550,0.0
8060155560,0.0
8060155470,0.0
8060231560,0.0
8060231700,0.0
8060148890,0.0
8060148880,0.0
8060147790,0.0
8060147670,0.0
8060243400,0.0
8060243490,0.0
8060150960,0.0
8060150880,0.0
8060147910,0.0
8060147850,0.0
8060162560,0.0
8060162570,0.0
8060252610,0.0
8060252760,0.0
8060254850,0.0
8060254970,0.0
8060152450,0.0
8060152640,0.0
8060176280,0.0
8060176270,0.0
8060264660,0.0
8060264760,0.0
8060270520,0.0
8060270510,0.0
8060191300,0.0
8060191160,0.0
8060261020,0.0
8060260870,0.0
8060261290,0.0
8060261410,0.0
8060185500,0.0
8060185510,0.0
8060265470,0.0
8060265410,0.0
8060269310,0.0
8060269450,0.0
8060286860,0.0
8060286910,0.0
8060259990,0.0
8060260060,0.0046
8060258940,0.0374
8060258800,0.0
8060272020,0.0
8060272130,0.0
8060271080,0.0
8060271000,0.0
8060298780,0.0
8060298770,0.0
8060296490,0.0
8060296400,0.0
8060266590,0.0
8060266430,0.0
8060264770,0.0
8060264670,0.0
8060262400,0.0
8060262310,0.0
8060304100,0.0
8060303960,0.0
8060241560,0.0115
8060241570,0.0
8060258570,0.0
8060258460,0.0
8060302210,0.0
8060302220,0.0123
8060294870,0.0
8060294970,0.0
8060306890,0.0
8060306980,0.0
8060252880,0.0
8060252780,0.0
8060245940,0.0
8060245770,0.0
8060261310,0.0
8060261430,0.0
8060298840,0.0
8060298910,0.0
8060309320,0.0083
8060309340,0.0
8060246160,0.0
8060246110,0.0
8060306950,0.0
8060306940,0.0
8060299210,0.0
8060299220,0.0
8060275180,0.0
8060275110,0.0
8060297380,0.0
8060297330,0.0
8060229150,0.0
8060229140,0.0
8060279860,0.0
8060279900,0.0
8060316070,0.0
8060316110,0.0
8060297770,0.0
8060297840,0.0061
8060226210,0.0
8060226220,0.0
8060308720,0.0
8060308670,0.0
8060283050,0.0
8060282950,0.0
8060293870,0.0
8060293820,0.0
8060292670,0.0
8060292590,0.0
8060197790,0.0
8060197650,0.0
8060287650,0.0
8060287560,0.0
8060307300,0.0
8060307380,0.0
8060286130,0.0
8060285990,0.0
8060311240,0.0
8060311330,0.0
8060311100,0.0
8060311060,0.0
8060201890,0.0
8060201750,0.0
8060302950,0.0
8060303080,0.0
8060202910,0.0
8060203090,0.0
8060303240,0.0
8060303200,0.0
8060327990,0.0
8060328000,0.0
8060315230,0.0
8060315160,0.0
8060315580,0.0
8060315650,0.0
8060328810,0.0
8060328820,0.0
8060193730,0.0
8060193680,0.0
8060314130,0.0
8060314150,0.0
8060305540,0.0
8060305580,0.0
8060328010,0.0
8060328070,0.0
8060189340,0.0
8060189330,0.0
8060305050,0.0
8060304890,0.0
8060327140,0.0
8060327190,0.0
8060325210,0.0
8060325250,0.0
8060320050,0.0
8060320060,0.0
8060325830,0.0
8060325760,0.0
8060323980,0.0
8060324030,0.0
8060331290,0.0
8060331230,0.0
8060331570,0.0
8060331600,0.0
8060328330,0.0
8060328340,0.0
8060331970,0.0
8060331980,0.0
8060338740,0.0
8060338780,0.0
8060340700,0.0
8060340710,0.0
8060335620,0.0
8060335660,0.0
8060342260,0.0
8060342280,0.0
8060338810,0.0
8060338830,0.0
8060338970,0.0008
8060339000,0.0
8060342750,0.0
8060342780,0.0
8060332620,0.0
8060332600,0.0
8060332200,0.0
8060332270,0.0019
8060331810,0.0
8060331910,0.0
8060341320,0.0362
8060341350,0.0
8060343130,0.0784
8060343100,0.0
8060331800,0.0
8060331740,0.0
8060332890,0.0
8060332940,0.0
8060333190,0.0
8060333260,0.001
8060332850,0.0
8060332820,0.0
8060332260,0.0
8060332210,0.0
8060327650,0.0045
8060327690,0.0
8060322730,0.0
8060322700,0.0275
8060009570,0.0
8060009890,0.0
8060009900,0.0
8060010040,0.0
8060104850,0.0
8060104840,0.0
8060105600,0.0
8060105550,0.0
8060109640,0.0
8060109650,0.0
8060125280,0.0
8060125380,0.0
8060010050,0.0
8060010200,0.0
8060010210,0.0
8060010430,0.0
8060010440,0.0
8060010700,0.0
8060010730,0.0
8060010740,0.0
8060010850,0.0
8060010860,0.0
8060010990,0.0
8060011000,0.0
8060011250,0.0
8060011260,0.0
8060011270,0.0
8060126470,0.0
8060126630,0.0
8060129850,0.0
8060130010,0.0
8060152090,0.0
8060152250,0.0
8060154280,0.0
8060154140,0.0
8060011280,0.0
8060011310,0.0
8060011320,0.0
8060011370,0.0
8060011380,0.0
8060011450,0.0
8060011460,0.0
8060011680,0.0
8060011690,0.0
8060011800,0.0
8060011810,0.0
8060011880,0.0
8060011890,0.0
8060011980,0.0
8060011990,0.0
8060012100,0.0
8060012110,0.0
8060012500,0.0
8060012510,0.0
8060012600,0.0
8060012610,0.0
8060012680,0.0
8060012690,0.0
8060012760,0.0
8060012770,0.0
8060012900,0.0
8060012910,0.0
8060013040,0.0
8060013050,0.0
8060013480,0.0
8060129330,0.0
8060129410,0.0
8060156310,0.0
8060156300,0.0
8060159820,0.0
8060160010,0.0
8060177260,0.0
8060177370,0.0
8060013490,0.0
8060013680,0.0
8060013690,0.0
8060013760,0.0
8060013770,0.0
8060014080,0.0
8060014090,0.0
8060014500,0.0
8060014510,0.0
8060014730,0.0
8060014740,0.0
8060014810,0.0
8060014820,0.0
8060014830,0.0
8060014840,0.0
8060015210,0.0
8060015220,0.0
8060015920,0.0
8060015930,0.0
8060016020,0.0
8060016030,0.0
8060016080,0.0
8060016090,0.0
8060016570,0.0
8060016580,0.0
8060016860,0.0
8060016890,0.0
8060016910,0.0
8060017300,0.0
8060017310,0.0
8060017600,0.0
8060017610,0.0
8060017800,0.0
8060017810,0.0
8060018080,0.0
8060018090,0.0
8060018120,0.0
8060201110,0.0
8060201080,0.0
8060211690,0.0
8060211650,0.0
8060229590,0.0
8060229750,0.0
8060190480,0.0
8060190630,0.0
8060192880,0.0
8060193020,0.0
8060243800,0.0
8060243620,0.0
8060199520,0.0
8060199600,0.0
8060226940,0.0
8060227070,0.0
8060211930,0.0
8060211920,0.0
8060281810,0.0
8060281800,0.0
8060261050,0.0
8060261040,0.0
8060239620,0.0
8060239530,0.0
8060018140,0.0
8060018730,0.0
8060018740,0.0
8060018810,0.0
8060018820,0.0
8060018830,0.0
8060018840,0.0
8060018890,0.0
8060018900,0.0
8060018950,0.0
8060018960,0.0
8060018970,0.0
8060282670,0.0
8060282510,0.0
8060283690,0.0
8060283540,0.0
8060290230,0.0
8060290300,0.0
8060293840,0.0
8060293900,0.0
8060018980,0.0
8060019080,0.0025
8060019610,0.0779
8060019790,0.0043
8060020220,0.0
8060020750,0.0
8060020760,0.0
8060022650,0.0
8060022890,0.0
8060023080,0.0
8060023090,0.0
8060023160,0.0
8060023170,0.0
8060023260,0.0
8060023270,0.0
8060023560,0.0
8060023570,0.0
8060024130,0.0
8060024230,0.0
8060024240,0.0
8060024290,0.0
8060024300,0.0
8060024340,0.0
8060024350,0.0
8060024670,0.0
8060024680,0.0
8060024850,0.0
8060024860,0.0
8060025160,0.0
8060025170,0.0
8060025650,0.0
8060025660,0.0
8060026280,0.0
8060026290,0.0
8060026320,0.0
8060026330,0.0
8060026580,0.0
8060026590,0.0
8060026830,0.0
8060026840,0.0
8060026850,0.0
8060026860,0.0
8060027540,0.0
8060027550,0.0
8060027600,0.0
8060027610,0.0
8060027930,0.0
8060027940,0.0
8060027950,0.0
8060027960,0.0
8060028180,0.0
8060028390,0.0
8060028930,0.0
8060029020,0.0
8060029030,0.0
8060029740,0.0
8060029750,0.0
8060029760,0.0
8060029770,0.0
8060030000,0.0
8060030010,0.0
8060030100,0.0
8060030130,0.0
8060030930,0.0
8060030970,0.0
8060031040,0.0
8060031050,0.0
8060031580,0.0
8060031590,0.0
8060032190,0.0
8060032200,0.0
8060032250,0.0
8060032260,0.0
8060032440,0.0
8060032840,0.0
8060033310,0.0
8060033320,0.0115
8060034090,0.0
8060034100,0.0
8060034170,0.0
8060034180,0.0
8060034210,0.0
8060034220,0.0
8060034350,0.0
8060034360,0.0
8060034410,0.0
8060034420,0.0655
8060034890,0.0483
8060034900,0.0042
8060035010,0.0148
8060035020,0.3091
8060036300,0.3995
8060036310,0.3122
8060036720,0.1658
8060036730,0.2281
8060038790,0.5377
8060038800,0.0
8060038860,0.4085
8060038870,0.0
8060039130,0.0102
8060039140,0.0169
8060040100,0.0
8060040110,0.0071
8060041620,0.0
8060041630,0.0
8060041740,0.0
8060041750,0.0
8060041920,0.0
8060041930,0.0
8060041980,0.0
8060142230,0.0
8060142120,0.0067
8060146880,0.0
8060146950,0.0
8060147990,0.0
8060148000,0.0
8060178540,0.0
8060178550,0.0
8060041990,0.0
8060042220,0.0028
8060042230,0.0
8060042460,0.0656
8060042470,0.0
8060042570,0.3154
8060042580,0.0
8060042710,0.1121
8060042720,0.0
8060042770,0.0002
8060042780,0.0
8060042910,0.0066
8060042920,0.0
8060043200,0.5044
8060043700,0.0
8060043890,0.0
8060044350,0.0
8060044560,0.0
8060045460,0.0
8060045500,0.0
8060045520,0.0
8060045610,0.0
8060045900,0.0
8060045910,0.0045
8060047650,0.0
8060047690,0.0
8060047730,0.0
8060048550,0.0
8060048860,0.0
8060049370,0.1128
8060049390,0.0
8060049610,0.0
8060049710,0.4968
8060049760,0.9999
8060049770,0.7301
8060049910,0.7199
8060049920,0.1491
8060050500,0.0
8060050510,0.0388
8060051210,0.3925
8060051220,0.6894
8060051550,0.3001
8060052070,0.4658
8060052080,0.4379
8060052550,0.3049
8060052560,0.0506
8060052780,0.6035
8060052790,0.2346
8060053040,0.2262
8060053050,0.0
8060053110,0.0
8060053140,0.2618
8060055670,0.5444
8060055680,0.0944
8060055790,0.7421
8060055800,0.3701
8060056630,0.5407
8060056640,0.1449
8060056650,0.7063
8060056660,0.5578
8060056830,0.5816
8060056840,0.0682
8060056990,0.5459
8060057000,0.2012
8060057510,0.3581
8060057520,0.0056
8060057550,0.3302
8060057560,0.3797
8060057950,0.8898
8060057960,0.5289
8060058090,0.911
8060058100,0.6315
8060058500,0.9985
8060058510,0.911
8060058610,0.9891
8060058620,0.7345
4060000010,0.0
4060000080,0.0
4060000090,0.0
4060000160,0.0
4060084980,0.0
4060084970,0.0
4060086140,0.0
4060086180,0.0
4060083620,0.0
4060083610,0.0
4060081530,0.0
4060081500,0.0
4060000170,0.0
4060000240,0.0
4060000250,0.0
4060000370,0.0
4060000380,0.0
4060000880,0.0
4060098950,0.0
4060098940,0.0
4060099720,0.0
4060099660,0.0
4060105110,0.0
4060105120,0.0
4060108300,0.0
4060108290,0.0
4060101200,0.0
4060101190,0.0
4060116430,0.0
4060116490,0.0
4060105220,0.0
4060105140,0.0
4060127570,0.0
4060127650,0.0
4060128810,0.0
4060128730,0.0
4060114670,0.0
4060114590,0.0
4060133180,0.0
4060133310,0.0
4060137850,0.0
4060137860,0.0
4060142630,0.0
4060142620,0.0
4060143220,0.0
4060143150,0.0
4060150570,0.0
4060150580,0.0
4060165380,0.0
4060165470,0.0
4060169390,0.0
4060169400,0.0
4060163110,0.0
4060163230,0.0
4060183970,0.0
4060183770,0.0
4060164440,0.0
4060164350,0.0
4060195690,0.0
4060195810,0.0
4060200170,0.0
4060200280,0.0
4060154000,0.0
4060154010,0.0
4060208190,0.0
4060208200,0.0
4060186730,0.0
4060186800,0.0
4060185230,0.0
4060185380,0.0
4060145280,0.0
4060145170,0.0
4060197470,0.0
4060197600,0.0
4060230540,0.0
4060230780,0.0
4060232560,0.0
4060232550,0.0
4060236600,0.0
4060236610,0.0
4060240510,0.0
4060240390,0.0
4060199150,0.0
4060199310,0.0
4060250390,0.0
4060250400,0.0
4060213920,0.0
4060214110,0.0
4060277330,0.0
4060277320,0.0
4060224150,0.0
4060224160,0.0
4060225210,0.0
4060225200,0.0
4060154410,0.0
4060154300,0.0
4060285020,0.0
4060285190,0.0
4060240740,0.0
4060240750,0.0
4060293880,0.0
4060294080,0.0
4060150480,0.0
4060150470,0.0
4060237430,0.0
4060237570,0.0
4060148980,0.0
4060148900,0.0
4060289300,0.0
4060289170,0.0
4060239010,0.0
4060239130,0.0
4060239850,0.0
4060239440,0.0
4060297340,0.0
4060297550,0.0
4060132510,0.0
4060132670,0.0
4060136250,0.0
4060136170,0.0
4060252610,0.0
4060252760,0.0
4060124280,0.0
4060124220,0.0
4060122930,0.0
4060123040,0.0
4060251820,0.0
4060251620,0.0
4060327900,0.0
4060328040,0.0
4060118490,0.0
4060118420,0.0
4060247250,0.0
4060247070,0.0
4060255230,0.0
4060255430,0.0
4060255220,0.0
4060255420,0.0
4060256070,0.0
4060255830,0.0
4060254430,0.0
4060254300,0.0
4060114800,0.0
4060114730,0.0
4060248760,0.0
4060248630,0.0
4060113950,0.0
4060113890,0.0
4060245080,0.0
4060244900,0.0
4060245070,0.0
4060244890,0.0
4060113050,0.0
4060112980,0.0
4060109410,0.0
4060109470,0.0
4060109760,0.0
4060109750,0.0
4060277280,0.0
4060277290,0.0
4060111150,0.0
4060247240,0.0
4060246920,0.0
4060111270,0.0
4060209190,0.0
4060209040,0.0
4060105280,0.0
4060105400,0.0
4060258090,0.0
4060257960,0.0
4060209160,0.0
4060209330,0.0
4060105440,0.0
4060105410,0.0
4060205640,0.0
4060205650,0.0
4060235400,0.0
4060235670,0.0
4060106910,0.0
4060106900,0.0
4060186180,0.0
4060186170,0.0
4060094650,0.0
4060094550,0.0
4060109820,0.0
4060109910,0.0
4060180330,0.0
4060180500,0.0
4060089990,0.0
4060090000,0.0
4060094870,0.0
4060094810,0.0
4060343050,0.0
4060343060,0.0
4060175950,0.0
4060175960,0.0
4060086510,0.0
4060086500,0.0
4060096600,0.0
4060096540,0.0
4060092770,0.0
4060092730,0.0
4060362090,0.0
4060362080,0.0
4060084820,0.0
4060084880,0.0
4060094220,0.0
4060094160,0.0
4060085010,0.0
4060085020,0.0
4060154700,0.0
4060154710,0.0
4060361100,0.0
4060361250,0.0
4060095270,0.0
4060095320,0.0
4060084520,0.0
4060084500,0.0
4060099780,0.0
4060099680,0.0
4060103710,0.0
4060103750,0.0
4060099870,0.0
4060099810,0.0
4060108030,0.0
4060108020,0.0
4060108480,0.0
4060108600,0.0
4060110480,0.0
4060110370,0.0
4060117240,0.0
4060117340,0.0
4060111700,0.0
4060111760,0.0
4060130920,0.0
4060130990,0.0
4060114350,0.0
4060114260,0.0
4060134400,0.0
4060134500,0.0
4060135410,0.0
4060135450,0.0
4060136400,0.0
4060136410,0.0
4060118450,0.0
4060118460,0.0
4060115890,0.0
4060115960,0.0
4060130190,0.0
4060130280,0.0
4060146480,0.0
4060146590,0.0
4060113480,0.0
4060113560,0.0
4060151740,0.0
4060151730,0.0
4060110620,0.0
4060110580,0.0
4060153710,0.0
4060153820,0.0
4060171480,0.0
4060171580,0.0
4060153400,0.0
4060153390,0.0
4060178010,0.0
4060178130,0.0
4060152640,0.0
4060152570,0.0
4060124380,0.0
4060124390,0.0
4060157380,0.0
4060157440,0.0
4060197770,0.0
4060197760,0.0
4060150760,0.0
4060150890,0.0
4060172830,0.0
4060172840,0.0
4060155960,0.0
4060155770,0.0
4060166050,0.0
4060166130,0.0
4060189160,0.0
4060189270,0.0
4060199020,0.0
4060198770,0.0
4060205980,0.0
4060205890,0.0
4060191410,0.0
4060191690,0.0
4060000890,0.0
4060001240,0.0
4060001250,0.0
4060001560,0.0
4060001570,0.0
4060001880,0.0
4060001890,0.0
4060002140,0.0
4060002150,0.0
4060002260,0.0
4060002270,0.0
4060002300,0.0
4060002310,0.0
4060002470,0.0
4060002480,0.0
4060002770,0.0
4060357970,0.0
4060357810,0.0
4060348050,0.0
4060348230,0.0
4060380840,0.0
4060380850,0.0
4060382530,0.0
4060382520,0.0
4060002780,0.0
4060003020,0.0
4060003940,0.0
4060003950,0.0
4060004100,0.0
4060004110,0.0
4060004500,0.0
4060004510,0.0
4060004680,0.0
4060004690,0.0
4060005050,0.0
4060005060,0.0
4060005090,0.0
4060005100,0.0
4060005120,0.0
4060005130,0.0
4060005410,0.0
4060005420,0.0
4060005540,0.0
4060005550,0.0
4060005710,0.0
4060449570,0.0
4060449580,0.0
4060423200,0.0
4060423090,0.0
4060419040,0.0
4060418870,0.0
4060404250,0.0
4060404490,0.0
4060005720,0.0
4060006520,0.0
4060006530,0.0
4060006570,0.0
4060414670,0.0
4060414540,0.0
4060389280,0.0
4060389100,0.0
4060370730,0.0
4060370560,0.0
4060362240,0.0
4060362250,0.0
4060348030,0.0
4060348020,0.0
4060327320,0.0
4060327110,0.0
4060320440,0.0
4060320450,0.0
4060311990,0.0
4060311910,0.0
4060332450,0.0
4060332620,0.0
4060332910,0.0
4060333000,0.0
4060314260,0.0
4060314110,0.0
4060327490,0.0
4060327650,0.0
4060006580,0.0
4060006620,0.0
4060006630,0.0
4060006670,0.0
4060006680,0.0
4060006750,0.0
4060006760,0.0
4060006840,0.0
4060006850,0.0
4060006940,0.0
4060007080,0.0
4060460860,0.0
4060460870,0.0
4060421080,0.0
4060420910,0.0
4060419170,0.0
4060419030,0.0
4060398360,0.0
4060398160,0.0
4060007090,0.0
4060007380,0.0
4060007400,0.0
4060007410,0.0
4060483160,0.0
4060483080,0.0
4060479550,0.0
4060479560,0.0
4060486110,0.0
4060486260,0.0
4060486970,0.0
4060486980,0.0
4060487710,0.0
4060487880,0.0
4060489140,0.0
4060488910,0.0
4060487620,0.0
4060487460,0.0
4060491290,0.0
4060491440,0.0
4060493260,0.0
4060493450,0.0
4060511760,0.0
4060511540,0.0
4060497590,0.0
4060497290,0.0
4060443420,0.0
4060443160,0.0
4060449240,0.0
4060449230,0.0
4060509830,0.0
4060509930,0.0
4060567380,0.0
4060567390,0.0
4060461150,0.0
4060461010,0.0
4060007420,0.0
4060007660,0.0
4060007670,0.0
4060007850,0.0
4060577130,0.0
4060577480,0.0
4060579160,0.0
4060579370,0.0
4060615410,0.0
4060615400,0.0
4060620090,0.0
4060620160,0.0
4060627250,0.0
4060627620,0.0
4060625630,0.0
4060625500,0.0
4060603740,0.0
4060603570,0.0
4060629690,0.0
4060629590,0.0
4060631880,0.0
4060631960,0.0
4060595190,0.0
4060594950,0.0
4060611300,0.0
4060611660,0.0
4060606020,0.0
4060606120,0.0
4060548370,0.0
4060548260,0.0
4060547240,0.0
4060547230,0.0
4060537000,0.0
4060537130,0.0
4060533700,0.0
4060533710,0.0
4060583100,0.0
4060582960,0.0
4060536060,0.0
4060535910,0.0
4060529780,0.0
4060529540,0.0
4060519310,0.0
4060519260,0.0
4060511750,0.0
4060511660,0.0
4060625230,0.0
4060625490,0.0
4060557350,0.0
4060557630,0.0
4060506690,0.0
4060506700,0.0
4060516600,0.0
4060516800,0.0
4060517870,0.0
4060517720,0.0
4060458870,0.0
4060458880,0.0
4060448990,0.0
4060448840,0.0
4060431380,0.0
4060431060,0.0
4060481200,0.0
4060481210,0.0
4060484020,0.0
4060484030,0.0
4060510650,0.0
4060510640,0.0
4060516040,0.0
4060516030,0.0
4060534090,0.0
4060534180,0.0
4060563950,0.0
4060564070,0.0
4060578830,0.0
4060578640,0.0
4060575750,0.0
4060575620,0.0
4060585650,0.0
4060585760,0.0
4060571560,0.0
4060571960,0.0
4060589340,0.0
4060589480,0.0
4060588650,0.0
4060588530,0.0
4060579340,0.0
4060578950,0.0
4060589470,0.0
4060589460,0.0
4060598730,0.0
4060598330,0.0
4060603550,0.0
4060603560,0.0
4060516010,0.0
4060516300,0.0
4060514580,0.0
4060514390,0.0242
4060646320,0.0
4060646500,0.0
4060660750,0.0
4060660740,0.0
4060628060,0.0
4060628280,0.0
4060620840,0.0
4060621070,0.0
4060614330,0.0
4060614190,0.0
4060007860,0.0
4060007940,0.0
4060007950,0.0
4060008060,0.0
4060008070,0.0
4060008100,0.0
4060008110,0.0
4060008720,0.0
4060008730,0.0
4060008820,0.0
4060008830,0.0
4060009080,0.0
4060009090,0.0
4060009170,0.0
4060638740,0.0
4060638900,0.0
4060641880,0.0
4060641680,0.0
4060641860,0.0
4060642010,0.0
4060615420,0.0
4060615290,0.0
4060009180,0.0
4060009280,0.0
4060009290,0.0
4060009880,0.0
4060694350,0.0
4060694190,0.0
4060696300,0.0
4060696170,0.0
4060713110,0.0
4060713100,0.0
4060720580,0.0
4060720570,0.0
4060668010,0.0
4060667920,0.0
4060670370,0.0
4060670500,0.0
4060675920,0.0
4060676030,0.0
4060750160,0.0
4060750050,0.0
4060689020,0.0
4060689150,0.0
4060690330,0.0
4060690450,0.0
4060773130,0.0
4060773260,0.0
4060783970,0.0
4060783960,0.0
4060791820,0.0
4060791810,0.0
4060769140,0.0
4060769560,0.0
4060794670,0.0
4060794820,0.0
4060688870,0.0
4060689010,0.0
4060676710,0.0
4060676890,0.0
4060804910,0.0
4060804900,0.0
4060691530,0.0
4060691810,0.0
4060752890,0.0
4060752770,0.0
4060817390,0.0
4060817380,0.0
4060752200,0.0
4060752520,0.0
4060693500,0.0
4060693490,0.0
4060748320,0.0
4060748330,0.0
4060817150,0.0
4060817400,0.0
4060748310,0.0
4060748300,0.0
4060656300,0.0
4060656150,0.0
4060656290,0.0
4060656140,0.0
4060744670,0.0
4060744360,0.0
4060859240,0.0
4060859250,0.0
4060816210,0.0
4060816400,0.0
4060861310,0.0
4060861390,0.0
4060654030,0.0
4060654220,0.0
4060783120,0.0
4060783330,0.0
4060795650,0.0
4060795660,0.0
4060897200,0.0
4060897210,0.0
4060896760,0.0
4060802670,0.0
4060896610,0.0
4060802680,0.0
4060801390,0.0
4060801220,0.0
4060893870,0.0
4060893880,0.0
4060835350,0.0
4060835360,0.0
4060756940,0.0
4060756820,0.0
4060704560,0.0
4060704410,0.0
4060752740,0.0
4060752870,0.0
4060687420,0.0
4060687330,0.0
4060856600,0.0
4060856770,0.0
4060863840,0.0
4060863830,0.0
4060815910,0.0
4060815730,0.0
4060680810,0.0
4060681060,0.0
4060830030,0.0
4060830110,0.0
4060732820,0.0
4060732480,0.0
4060678630,0.0
4060678440,0.0
4060679920,0.0
4060679720,0.0
4060736820,0.0
4060736830,0.0
4060857710,0.0
4060857900,0.0
4060884440,0.0
4060884430,0.0
4060855550,0.0
4060855410,0.0
4060857280,0.0
4060857570,0.0
4060688510,0.0
4060688400,0.0
4060774570,0.0
4060774560,0.0
4060789820,0.0
4060789960,0.0
4060779600,0.0
4060779690,0.0
4060671040,0.0
4060670890,0.0
4060788460,0.0
4060788450,0.0
4060801670,0.0
4060801680,0.0
4060765990,0.0
4060765830,0.0
4060764560,0.0
4060764320,0.0
4060804580,0.0
4060804380,0.0
4060801370,0.0
4060801560,0.0
4060806110,0.0
4060806290,0.0
4060805770,0.0
4060805930,0.0
4060853730,0.0
4060853610,0.0
4060810520,0.0
4060810390,0.0
4060780110,0.0
4060780120,0.0
4060780100,0.0092
4060779790,0.0
4060867050,0.0
4060867040,0.0
4060693050,0.0
4060693040,0.0
4060847390,0.0
4060847380,0.0
4060680220,0.0
4060680470,0.0
4060882890,0.0
4060883040,0.0
4060738870,0.0
4060738860,0.0
4060894110,0.0
4060894390,0.0
4060872820,0.0
4060872680,0.0
4060869640,0.0
4060869520,0.0
4060710060,0.0
4060709860,0.0
4060828450,0.0
4060828460,0.0
4060837180,0.0
4060837170,0.0
4060784200,0.0
4060784050,0.0057
4060758990,0.0033
4060758850,0.0
4060818790,0.0
4060818780,0.0043
4060625570,0.0
4060625430,0.0007
4060642530,0.0261
4060642770,0.019
4060009890,0.0
4060010150,0.0
4060010160,0.0
4060010370,0.0
4060761880,0.0
4060761890,0.0
4060771880,0.0
4060772170,0.0
4060780940,0.0
4060781040,0.0
4060780770,0.0
4060780930,0.0
4060010380,0.0
4060011100,0.0
4060011110,0.0
4060011540,0.0
4060893370,0.0
4060893580,0.0
4060879660,0.0
4060879520,0.0
4060872090,0.0
4060871910,0.0
4060874020,0.0
4060873920,0.0
4060011550,0.0
4060011690,0.0
4060011700,0.0
4060011710,0.0
4060011800,0.0
4060011810,0.0
4060011960,0.0
4060011970,0.0
4060012210,0.0
4060012220,0.0
4060012280,0.0
4060012290,0.0
4060012770,0.0
4060979010,0.0
4060979220,0.0
4060980130,0.0
4060979950,0.0
4060962450,0.0
4060962350,0.0
4060940820,0.0
4060940690,0.0
4060012780,0.0
4060012990,0.0
4060978600,0.0
4060978610,0.0
4060976020,0.0
4060976010,0.0
4060979000,0.0
4060979210,0.0
4060953500,0.0
4060953510,0.0
4060949460,0.0
4060949740,0.0
4060971880,0.0
4060971890,0.0
4060970270,0.0
4060970040,0.0
4060930150,0.0
4060930160,0.0
4060972600,0.0
4060972680,0.0
4060972210,0.0
4060972260,0.0
4060960530,0.0
4060960280,0.0
4060946780,0.0
4060946690,0.0
4060965530,0.0
4060965540,0.0
4060953480,0.0
4060953700,0.0
4060938150,0.0
4060938140,0.0
4060987030,0.0
4060987170,0.0
4060981620,0.0
4060981360,0.0
4060904430,0.0
4060904420,0.0
4060917320,0.0
4060917310,0.0
4060896050,0.0
4060895850,0.0
4060916750,0.0
4060916600,0.0
4060956990,0.0
4060957100,0.0
4060925420,0.0
4060925590,0.0
4060948690,0.0
4060948940,0.0
4060932810,0.0
4060932660,0.0
4060935010,0.0
4060935000,0.0
4060960640,0.0
4060960650,0.0
4060948930,0.0
4060948920,0.0
4060013000,0.0
4060013090,0.0
4060013100,0.0
4060013510,0.0
4060013520,0.0
4060014250,0.0
4060014260,0.0
4060014930,0.0
4060014940,0.0
4060015000,0.0
4061022750,0.0
4061022740,0.0
4061023270,0.0
4061023260,0.0
4061015370,0.0
4061015380,0.0
4061009800,0.0
4061009750,0.0
4061000830,0.0
4061000720,0.0
4060987020,0.0
4060986930,0.0
4060995320,0.0
4060995260,0.0
4061005660,0.0
4061005540,0.0
4060971610,0.0
4060971600,0.0
4060984860,0.0
4060984750,0.0
4060947700,0.0
4060947690,0.0
4060939450,0.0
4060939460,0.0
4060015010,0.0
4060015090,0.0
4060015100,0.0
4060015110,0.0
4060015260,0.0
4060015270,0.0
4060015420,0.0
4060015430,0.0
4060015780,0.0
4060015790,0.0
4060015910,0.0
4060015920,0.0
4060016210,0.0
4060016220,0.0
4060016810,0.0
4060016820,0.0
4060016830,0.0
4060016840,0.0
4060017020,0.0
4061144880,0.0
4061144860,0.0
4061140110,0.0
4061140120,0.0
4061135810,0.0
4061135850,0.0
4061130890,0.0
4061130860,0.0
4061128330,0.0
4061128230,0.0
4061128120,0.0
4061128090,0.0
4061128180,0.0
4061128130,0.0
4061128040,0.0
4061127980,0.0
4061130800,0.0
4061130840,0.0
4061108500,0.0
4061108580,0.0
4061108670,0.0
4061108770,0.0
4061110370,0.0
4061110320,0.0
4061100360,0.0
4061100320,0.0
4061138550,0.0
4061138600,0.0
4061107780,0.0
4061107770,0.0
4061108860,0.0
4061108740,0.0
4061098480,0.0
4061098410,0.0
4061080170,0.0
4061080120,0.0
4061108020,0.0
4061108070,0.0
4061096750,0.0
4061096740,0.0
4061071320,0.0
4061071310,0.0
4061112220,0.0
4061112280,0.0
4061073830,0.0
4061073760,0.0
4061075640,0.0
4061075650,0.0
4061077940,0.0
4061077930,0.0
4061045990,0.0
4061045940,0.0
4061045130,0.0
4061045140,0.0
4061043580,0.0
4061043590,0.0
4061043000,0.0
4061042900,0.0
4061041330,0.0
4061041310,0.0
4061040790,0.0
4061040840,0.0
4061031450,0.0
4061031350,0.0
4061022090,0.0
4061022100,0.0
4061017050,0.0
4061017040,0.0
4061011520,0.0
4061011680,0.0
4060986490,0.0
4060986500,0.0
4060976600,0.0
4060976610,0.0
4060933180,0.0
4060933190,0.0
4060922270,0.0
4060922260,0.0
4060905950,0.0
4060905860,0.0
4060746500,0.0757
4060746370,0.0
4060745590,0.0
4060745580,0.0
4060730280,0.0131
4060730290,0.0
4060705180,0.0
4060705050,0.0
4060017030,0.0
4060017110,0.0
4060017120,0.0
4060017490,0.0
4060017500,0.0
4060017640,0.0
4060017650,0.0
4060017860,0.0
4060017870,0.0
4060018070,0.0
4060018080,0.0
4060018230,0.0
4060018240,0.0
4060018280,0.0
4061120970,0.0
4061120980,0.0
4061104200,0.0
4061104190,0.0
4061102660,0.0
4061102650,0.0
4061089850,0.0
4061089840,0.0
4060018290,0.0
4060018330,0.0
4060018340,0.0
4060018350,0.0
4060018360,0.0
4060018370,0.0
4060018410,0.0
4060018420,0.0
4060018970,0.0
4060018990,0.0
4060019410,0.0
4060019420,0.0
4060019710,0.0
4060019720,0.0
4060020060,0.0
4060020070,0.0
4060020150,0.0
4060020160,0.0
4060020210,0.0
4060020220,0.0
4060020620,0.0
4060020630,0.0
4060020950,0.0
4060020960,0.0
4060020980,0.0
4060020990,0.0
4060021260,0.0
4060021270,0.0
4060021320,0.0
4060021330,0.0
4060021580,0.0
4060021590,0.0
4060022350,0.0
4060022360,0.0
4060022440,0.0
4060022450,0.0
4060022790,0.0
4060023050,0.0
4060023060,0.0
4061077730,0.0
4061077760,0.0
4061062690,0.0
4061062700,0.0
4061046870,0.0
4061046810,0.0
4061028980,0.0
4061028990,0.0
4061017260,0.0
4061017430,0.0
4060972020,0.0
4060972010,0.0
4060811130,0.0276
4060811140,0.0
4060718400,0.0207
4060718180,0.007
4060023070,0.0
4060023210,0.0
4060023220,0.0
4061062230,0.0
4061062170,0.0
4061061910,0.0
4061062050,0.0
4061050860,0.0
4061050840,0.0
4061049260,0.0
4061049140,0.0
4060023230,0.0
4060023810,0.0
4061060000,0.0
4061060010,0.0
4061044460,0.0
4061044450,0.0
4061039090,0.0
4061039040,0.0
4061029990,0.0
4061030000,0.0
4061020030,0.0
4061019890,0.0
4061010350,0.0
4061010310,0.0
4061011650,0.0
4061011660,0.0
4060976980,0.0
4060977220,0.0
4061002120,0.0
4061002130,0.0
4060956240,0.0
4060956110,0.0
4060943790,0.0
4060943690,0.0
4060991510,0.0
4060991520,0.0
4060950490,0.0
4060950570,0.0
4060947780,0.0
4060947770,0.0
4060976580,0.0
4060976590,0.0
4060930100,0.0
4060929890,0.0
4060927760,0.0
4060927750,0.0
4060913570,0.0
4060913560,0.0
4060903190,0.0
4060902890,0.0
4060876090,0.0
4060876200,0.0
4060023820,0.0
4060024190,0.0
4060024780,0.0
4060024790,0.0
4060024890,0.0
4060024900,0.0
4060025260,0.0
4060025270,0.0
4060025330,0.0
4060025340,0.0
4060025450,0.0
4060975160,0.0
4060975150,0.0
4060967140,0.0
4060967130,0.0
4060960200,0.0
4060960480,0.0
4060956230,0.0886
4060956220,0.0
4060949680,0.0
4060949690,0.0
4060940160,0.0
4060940040,0.0
4060900670,0.0463
4060900680,0.0
4060929850,0.0
4060929710,0.0
4060921230,0.0
4060921220,0.0
4060929740,0.0
4060929440,0.0
4060912930,0.0
4060912840,0.0
4060886350,0.0
4060886200,0.0
4060911800,0.0
4060911950,0.0
4060883850,0.0
4060884090,0.0
4060866220,0.0717
4060866230,0.0
4060947390,0.0
4060947550,0.0
4060901970,0.0
4060901870,0.0
4060909900,0.0
4060909770,0.0
4060901010,0.0
4060900840,0.0977
4060884290,0.0
4060884570,0.0
4060883390,0.0
4060883720,0.0
4060859640,0.0559
4060859650,0.0688
4060914430,0.0
4060914420,0.0
4060876180,0.0
4060876190,0.0
4060872360,0.0
4060872230,0.0384
4060826770,0.2521
4060826780,0.0228
4060905060,0.0837
4060905050,0.0
4060863950,0.2892
4060863940,0.1493
4060903120,0.0
4060902870,0.0
4060870060,0.0
4060870190,0.0
4060901850,0.0
4060901960,0.0
4060865930,0.0
4060865800,0.0
4060860710,0.0
4060860530,0.0
4060903560,0.0
4060903720,0.0
4060908790,0.0
4060908910,0.0
4060883570,0.0
4060883690,0.0
4060836210,0.0
4060836200,0.0047
4060816630,0.045
4060816640,0.0646
4060909020,0.0
4060909110,0.0
4060839030,0.0
4060838850,0.0022
4060835750,0.0
4060835610,0.0
4060836400,0.0
4060836060,0.0
4060818360,0.0
4060818150,0.0
4060827660,0.0
4060827540,0.0
4060820560,0.0
4060820850,0.2795
4060915780,0.0
4060915590,0.0
4060911460,0.0
4060911450,0.0
4060840120,0.0886
4060839990,0.0
4060815490,0.1444
4060815410,0.0754
4060806930,0.0667
4060806700,0.0
4060769470,0.0
4060769230,0.0905
4060900650,0.0
4060900980,0.0
4060799260,0.1374
4060799160,0.0576
4060895450,0.0
4060895600,0.0
4060888020,0.0
4060888130,0.0
4060856790,0.0
4060856670,0.0
4060784170,0.0055
4060783910,0.0516
4060855950,0.0
4060855780,0.0
4060854130,0.0
4060854010,0.0
4060878430,0.0
4060878420,0.0
4060876840,0.0
4060876680,0.0
4060861820,0.0
4060861710,0.0
4060855100,0.0
4060855310,0.0
4060895960,0.0
4060896170,0.0
4060898630,0.0
4060898640,0.0
4060786650,0.0
4060786460,0.0
4060903960,0.0
4060904120,0.0
4060760950,0.1841
4060760960,0.2461
4060778700,0.0451
4060778570,0.0377
4060908090,0.0
4060908080,0.0
4060788280,0.0
4060788290,0.0123
4060816480,0.0
4060816250,0.0
4060806680,0.019
4060807120,0.0
4060787190,0.0
4060786990,0.0
4060787530,0.0075
4060787650,0.013
4060759500,0.0
4060759490,0.1013
4060787520,0.0
4060787180,0.0
4060751920,0.042
4060751770,0.0
4060785160,0.0025
4060784890,0.0039
4060751020,0.0679
4060750870,0.0028
4060787490,0.0359
4060787380,0.0
4060778660,0.0197
4060778530,0.0
4060769810,0.0
4060770100,0.0298
4060767880,0.0721
4060767740,0.0091
4060025460,0.0
4060025870,0.0
4060025880,0.0
4060026040,0.0
4060026050,0.0
4060026090,0.0
4060026100,0.0
4060026250,0.0
4060026260,0.0
4060026610,0.0
4060026620,0.0
4060026660,0.0
4060994360,0.0
4060994510,0.0
4060993110,0.0
4060993020,0.0
4060964080,0.0
4060963930,0.0
4060961650,0.0
4060961540,0.0
4060026670,0.0
4060026820,0.0
4060026830,0.0
4060027010,0.0
4061033370,0.0
4061033360,0.0
4061026790,0.0
4061026690,0.0
4061001260,0.0
4061001220,0.0
4060992540,0.0
4060992780,0.0
4060027020,0.0
4060027100,0.0
4061031720,0.0
4061031590,0.0
4061017990,0.0
4061017890,0.0
4061013760,0.0
4061013640,0.0
4061013550,0.0
4061013620,0.0
4061010920,0.0
4061010840,0.0
4061010040,0.0
4061010190,0.0
4061012880,0.0
4061012790,0.0
4061016930,0.0
4061017010,0.0
4060027110,0.0
4060027280,0.0
4060027290,0.0
4060027300,0.0
4060027310,0.0
4060027460,0.0
4060027470,0.0
4060027480,0.0
4060027490,0.0
4060027780,0.0
4061081310,0.0
4061081260,0.0
4061065250,0.0
4061065170,0.0
4061063700,0.0
4061063690,0.0
4061056640,0.0
4061056570,0.0
4061065520,0.0
4061065530,0.0
4061054030,0.0
4061053980,0.0
4061057220,0.0
4061057120,0.0
4061051540,0.0
4061051450,0.0
4061059910,0.0
4061059800,0.0
4061057040,0.0
4061056950,0.0
4061061290,0.0
4061061360,0.0
4061045970,0.0
4061046020,0.0
4061057570,0.0
4061057510,0.0
4061060950,0.0
4061060870,0.0
4061063670,0.0
4061063810,0.0
4061066200,0.0
4061066270,0.0
4061066970,0.0
4061066980,0.0
4061045960,0.0
4061045910,0.0
4061059140,0.0
4061059070,0.0
4061056630,0.0
4061056740,0.0
4061074270,0.0
4061074330,0.0
4061074820,0.0
4061074710,0.0
4061051200,0.0
4061051090,0.0
4061050730,0.0
4061050830,0.0
4060027790,0.0
4060027940,0.0
4061092490,0.0
4061092530,0.0
4061101510,0.0
4061101500,0.0
4061103020,0.0
4061103070,0.0
4061096410,0.0
4061096370,0.0
4061103960,0.0
4061103970,0.0
4061097880,0.0
4061098040,0.0
4061109830,0.0
4061109880,0.0
4061098720,0.0
4061098680,0.0
4061097120,0.0
4061097210,0.0
4061113080,0.0
4061113150,0.0
4061083880,0.0
4061083890,0.0
4061080740,0.0
4061080660,0.0
4061076080,0.0
4061076050,0.0
4061085090,0.0
4061084990,0.0
4061068520,0.0
4061068510,0.0
4061067580,0.0
4061067500,0.0
4060027950,0.0
4060028040,0.0
4060028050,0.0
4060028200,0.0
4061118910,0.0
4061118950,0.0
4061116970,0.0
4061116860,0.0
4061116520,0.0
4061116510,0.0
4061114520,0.0
4061114660,0.0
4060028210,0.0
4060028550,0.0
4060028560,0.0
4060028670,0.0
4060028680,0.0
4060028760,0.0
4061148830,0.0
4061148790,0.0
4061145720,0.0
4061145690,0.0
4061139430,0.0
4061139400,0.0
4061140240,0.0
4061140230,0.0
4060028770,0.0
4060029250,0.0
4060029260,0.0
4060029290,0.0
4060029310,0.0
4060029360,0.0
4060029370,0.0
4060029440,0.0
4060029450,0.0
4060029530,0.0
4060029810,0.0
4060029820,0.0
4060029860,0.0
4060029870,0.0
4060030570,0.0
4060030580,0.0
4060031160,0.0
4060031170,0.0
4060031210,0.0
4060031220,0.0
4060031520,0.0
4061024010,0.0
4061024050,0.0
4061025510,0.0
4061025600,0.0
4061026390,0.0
4061026490,0.0
4061026240,0.0
4061026400,0.0
4060031530,0.0
4060031610,0.0
4061001460,0.0
4061001610,0.0
4060988000,0.0
4060987920,0.0
4060979850,0.0
4060979760,0.0
4060989860,0.0
4060989720,0.0
4060031620,0.0
4060031730,0.0
4060980000,0.0
4060980270,0.0
4060971120,0.0
4060971400,0.0
4060960310,0.0
4060960150,0.0
4060965550,0.0
4060965560,0.0
4060031740,0.0
4060031750,0.0
4060031820,0.0
4060031830,0.0
4060032410,0.0
4060032420,0.0
4060032880,0.0
4060032890,0.0
4060033430,0.0
4060952440,0.0
4060952550,0.0
4060953900,0.0
4060954060,0.0
4060919920,0.0
4060919930,0.0
4060897660,0.0
4060897650,0.0
4060922650,0.0
4060922570,0.0
4060859270,0.0
4060859120,0.0
4060899470,0.0
4060899290,0.0
4060895930,0.0
4060896130,0.0
4060831040,0.0
4060830950,0.0
4060812360,0.0
4060812200,0.0
4060802250,0.0
4060802440,0.0
4060785020,0.0
4060785260,0.0
4060790370,0.0
4060790030,0.0
4060792940,0.0
4060793050,0.0
4060795170,0.0
4060795290,0.0
4060793440,0.0
4060793600,0.0
4060033440,0.0
4060033640,0.0
4060879050,0.0
4060879040,0.0
4060874860,0.0
4060874690,0.0
4060875540,0.0
4060875530,0.0
4060839570,0.0
4060839580,0.0
4060833320,0.0
4060833310,0.0
4060827710,0.0
4060827580,0.0
4060815630,0.0
4060815620,0.0
4060772610,0.0
4060772500,0.0
4060801430,0.0
4060801440,0.0
4060794590,0.0
4060794730,0.0
4060786190,0.0
4060786200,0.0
4060784370,0.0
4060784150,0.0
4060744390,0.0
4060744380,0.0
4060748940,0.0
4060748950,0.0
4060747960,0.0
4060747970,0.0
4060746720,0.0
4060746560,0.0
4060718640,0.0
4060718650,0.0
4060729320,0.0023
4060729330,0.0811
4060710860,0.0
4060710750,0.0
4060701770,0.0
4060701930,0.0
4060685650,0.0
4060685660,0.0
4060712590,0.0
4060712580,0.0
4060673650,0.0
4060673550,0.0
4060729890,0.0363
4060729700,0.0505
4060738140,0.0
4060737930,0.0
4060648310,0.0
4060648320,0.0
4060641790,0.0
4060641800,0.008
4060641250,0.0153
4060641530,0.0
4060633040,0.0001
4060632940,0.0
4060619030,0.0029
4060619040,0.0508
4060596060,0.0611
4060595920,0.0
4060590440,0.0733
4060590330,0.3035
4060709980,0.1144
4060709990,0.0938
4060575490,0.3597
4060575240,0.4035
4060714700,0.0134
4060714850,0.0537
4060716340,0.0247
4060716480,0.0447
4060603790,0.0
4060603660,0.4121
4060607260,0.0748
4060607420,0.0
4060609270,0.0982
4060609110,0.5478
4060623190,0.0133
4060623270,0.052
4060730760,0.0301
4060730580,0.0391
4060742930,0.0
4060743070,0.0513
4060628270,0.6121
4060628370,0.2527
4060640120,0.0784
4060640110,0.2994
4060639900,0.1291
4060639910,0.3531
4060656710,0.1319
4060656800,0.0628
4060689270,0.0184
4060689380,0.0594
4060690000,0.0004
4060690120,0.0
4060033650,0.0
4060033730,0.0
4060033740,0.0
4060033770,0.0
4060033780,0.0
4060033840,0.0
4060033850,0.0
4060033920,0.0
4060033930,0.0
4060034010,0.0
4060034180,0.0
4060034220,0.0
4060034410,0.0
4060034510,0.0
4060035830,0.0
4060035840,0.0
4060035970,0.0
4060035980,0.0
4060036470,0.0
4060036480,0.0
4060036750,0.0
4060036760,0.0
4060037060,0.0
4060039210,0.0
4060039220,0.0
4060039230,0.0
4060039270,0.0
4060039390,0.0
4060039430,0.0
4060039440,0.0
4060039450,0.0
4060039500,0.0
4060039510,0.0
4060039600,0.0
4060039610,0.0
4060039730,0.0
4060039740,0.0
4060040450,0.0
4060040460,0.0
4060040710,0.0
4060041290,0.0
4060041320,0.0
4060043170,0.0
4060043180,0.0
4060044180,0.0
4060044190,0.0
4060044540,0.0
4060044550,0.0
4060045420,0.0
4060045430,0.0
4060045690,0.0
4060045700,0.0
4060045780,0.0
4060045800,0.0
4060045820,0.0
4060045850,0.0
4060045890,0.0
4060046100,0.0
4060046370,0.0
4060046380,0.0
4060047450,0.0
4060047460,0.0
4060047470,0.0
4060047490,0.0
4060047500,0.0
4060048410,0.0
4060048470,0.0
4060048900,0.0
4060050150,0.0
4060050210,0.0
4060449810,0.0
4060449800,0.0
4060449990,0.0
4060449660,0.0
4060475930,0.0
4060476110,0.0036
4060475170,0.0
4060475000,0.0
4060474830,0.0
4060474410,0.0
4060452880,0.0
4060452670,0.0
4060501850,0.003
4060502020,0.0077
4060416010,0.0
4060416000,0.0
4060398730,0.0
4060398440,0.0
4060396590,0.0
4060396600,0.0
4060416430,0.0
4060416190,0.0
4060414700,0.0
4060414870,0.0
4060427020,0.0
4060427010,0.0
4060387890,0.0
4060387690,0.0
4060528370,0.0137
4060528470,0.0069
4060378910,0.0
4060378670,0.0
4060441830,0.0
4060442120,0.0
4060443240,0.0
4060443530,0.0023
4060440700,0.0
4060440840,0.0
4060468520,0.0
4060468730,0.0101
4060404830,0.0
4060404990,0.0
4060542530,0.0203
4060542660,0.0299
4060440300,0.0
4060439980,0.0
4060441630,0.0
4060441260,0.0
4060445320,0.0
4060445550,0.0
4060484110,0.023
4060484100,0.0
4060415990,0.0
4060415850,0.0
4060400800,0.0
4060400630,0.0
4060505620,0.0
4060505610,0.0092
4060392930,0.0
4060393330,0.0
4060394520,0.0
4060394210,0.0
4060435750,0.0
4060436140,0.0
4060436800,0.0
4060437230,0.0
4060438030,0.0
4060438130,0.0
4060438520,0.0023
4060438720,0.0
4060492490,0.0
4060492500,0.0
4060439670,0.0
4060439810,0.0
4060442090,0.0
4060441570,0.0
4060458030,0.0
4060458130,0.0
4060462930,0.0
4060462690,0.0
4060536470,0.0277
4060536590,0.0705
4060469310,0.0
4060469570,0.0102
4060469430,0.0
4060469680,0.0138
4060505600,0.0
4060505750,0.0
4060508980,0.0253
4060509080,0.0
4060464220,0.0
4060464480,0.0
4060510750,0.0
4060510850,0.0144
4060465510,0.023
4060465600,0.0
4060515470,0.1428
4060515600,0.2148
4060492120,0.0413
4060492110,0.0
4060487390,0.0
4060487530,0.0
4060487510,0.0002
4060487520,0.0904
4060523580,0.0971
4060523690,0.2239
4060050220,0.0
4060273960,0.0
4060274290,0.0
4060274280,0.0
4060274300,0.0
4060273970,0.0
4060273830,0.0
4060273700,0.0
4060276370,0.0
4060276550,0.0
4060281940,0.0
4060282100,0.0
4060255700,0.0
4060255710,0.0
4060319630,0.0
4060319830,0.0
4060270580,0.0
4060270590,0.0
4060326690,0.0
4060326790,0.0
4060328420,0.0
4060328430,0.0
4060289470,0.0
4060289350,0.0
4060441530,0.0
4060441780,0.0
4060469510,0.0
4060469270,0.0
4060477720,0.0
4060477710,0.0
4060482720,0.0
4060484700,0.0
4060484760,0.0
4060480960,0.0
4060481170,0.0
4060496820,0.0
4060496830,0.0
4060470980,0.0038
4060470930,0.0
4060535960,0.0
4060536090,0.0
4060538860,0.0
4060539080,0.0
4060531200,0.0
4060531330,0.0
4060456210,0.0
4060456310,0.0137
4060538040,0.0
4060538240,0.0
4060565730,0.0
4060565720,0.0
4060537600,0.0
4060537690,0.0
4060576830,0.0
4060576670,0.0
4060542500,0.0
4060542340,0.0444
4060552470,0.0
4060552650,0.0
4060552060,0.0196
4060552070,0.0
4060549780,0.0
4060549620,0.0
4060476920,0.1246
4060477090,0.0728
4060545690,0.0
4060545530,0.0
4060554780,0.0037
4060554970,0.0
4060528930,0.0
4060529010,0.0
4060521540,0.0
4060521460,0.0
4060543770,0.0
4060544080,0.044
4060540620,0.0
4060540630,0.1251
4060580600,0.0
4060580590,0.0
4060594480,0.0
4060594670,0.0
4060606200,0.0
4060606400,0.0
4060492070,0.2686
4060491870,0.1082
4060480310,0.1364
4060480370,0.5665
4060520570,0.3396
4060520710,0.0333
4060533250,0.2474
4060533260,0.0
4060534300,0.1316
4060534460,0.2564
4060508720,0.3006
4060508830,0.0989
4060549210,0.2623
4060548960,0.199
4060550020,0.3037
4060549810,0.3123
4060050230,0.0
4060223260,0.0
4060223160,0.0
4060225090,0.0
4060225300,0.0
4060234270,0.0
4060234430,0.0
4060235330,0.0
4060235130,0.0
4060214510,0.0
4060214350,0.0
4060239210,0.0
4060238970,0.0
4060212930,0.0
4060213020,0.0
4060256670,0.0
4060256300,0.0
4060256830,0.0
4060256680,0.0
4060219180,0.0
4060219380,0.0
4060218170,0.0
4060218020,0.0
4060221000,0.0
4060221100,0.0
4060222550,0.0
4060222720,0.0
4060222430,0.0
4060222560,0.0
4060214180,0.0
4060214010,0.0
4060298550,0.0
4060298640,0.0
4060317010,0.0
4060317280,0.0
4060313680,0.0
4060313840,0.0
4060325880,0.0
4060325660,0.0
4060326920,0.0
4060327070,0.0
4060050240,0.0
4060237450,0.0
4060237460,0.0
4060244240,0.0
4060244250,0.0
4060253880,0.0
4060254010,0.0
4060311390,0.0
4060311000,0.0
4060340060,0.0
4060339770,0.0
4060355280,0.0
4060355290,0.0
4060411980,0.0
4060411990,0.0
4060419960,0.0
4060419950,0.0
4060422200,0.0
4060422350,0.0
4060421180,0.0
4060421390,0.0
4060425250,0.0
4060425390,0.0
4060429520,0.0
4060429680,0.0
4060425640,0.0032
4060425430,0.0
4060427550,0.0
4060427670,0.0694
4060425860,0.0206
4060425650,0.0
4060421200,0.016
4060420980,0.0
4060394340,0.0
4060394190,0.0
4060403610,0.0
4060403840,0.0624
4060405760,0.0055
4060405510,0.0
4060401180,0.0
4060401050,0.0
4060050250,0.0
4060176020,0.0
4060176230,0.0
4060173700,0.0
4060173610,0.0
4060160150,0.0
4060160160,0.0
4060142820,0.0
4060142770,0.0
4060050260,0.0
4060188900,0.0
4060188910,0.0
4060199500,0.0
4060199510,0.0
4060212100,0.0
4060212210,0.0
4060215130,0.0
4060215280,0.0
4060217120,0.0
4060217260,0.0
4060225040,0.0
4060225140,0.0
4060247970,0.0
4060247980,0.0
4060260860,0.0
4060260850,0.0
4060262170,0.0
4060262360,0.0
4060255200,0.0
4060255100,0.0
4060275720,0.0
4060275710,0.0
4060283780,0.0
4060283960,0.0
4060050270,0.0
4060549450,0.0
4060549440,0.0023
4060559760,0.0
4060559970,0.0
4060559100,0.0
4060559110,0.0
4060573460,0.0
4060573250,0.0
4060050280,0.0
4060444460,0.0
4060444220,0.0
4060442160,0.0
4060441890,0.0
4060437450,0.0101
4060437270,0.0
4060435200,0.0479
4060434650,0.0
4060050290,0.0
4060242150,0.0
4060242010,0.0
4060248080,0.0
4060247920,0.0
4060255950,0.0
4060255940,0.0
4060280360,0.0
4060280510,0.0
4060050300,0.0
4060284370,0.0
4060284600,0.0
4060282860,0.0
4060282630,0.0
4060312480,0.0
4060312760,0.0
4060334560,0.0
4060334680,0.0
4060050310,0.0
4060194230,0.0
4060194150,0.0
4060171330,0.0
4060171200,0.0
4060168170,0.0
4060168250,0.0
4060168180,0.0
4060168070,0.0
4060050320,0.0
4060369740,0.0
4060369450,0.0
4060419640,0.0
4060419320,0.0
4060445400,0.0033
4060445600,0.0
4060486210,0.0
4060486310,0.0
4060050330,0.0
4060230700,0.0
4060230710,0.0
4060230950,0.0
4060227430,0.0
4060225410,0.0
4060225400,0.0
4060220170,0.0
4060220430,0.0
4060050340,0.0
4060273730,0.0
4060273860,0.0
4060276640,0.0
4060276820,0.0
4060271400,0.0
4060271590,0.0
4060270860,0.0
4060270680,0.0
4060050350,0.0
4060313090,0.0
4060313080,0.0
4060313100,0.0
4060312740,0.0
4060313670,0.0
4060313820,0.0
4060311840,0.0
4060311730,0.0
4060050360,0.0
4060299920,0.0
4060299570,0.0
4060299930,0.0
4060300170,0.0
4060303130,0.0
4060303140,0.0
4060308590,0.0
4060308600,0.0
4060050370,0.0
4060050380,0.0
4060050390,0.0
4060050400,0.0
4060050410,0.0
4060050420,0.0274
4060050430,0.0
4060050440,0.0
4060050450,0.0
4060378020,0.0
4060378180,0.0
4060378190,0.0
4060377860,0.0
4060377780,0.0
4060377870,0.0
4060370290,0.0
4060370150,0.0
4060050460,0.0024
4060050470,0.0061
4060050480,0.0
4060050490,0.0
4060050500,0.0047
4060050510,0.0093
4060050520,0.0
4060050530,0.0
4060050540,0.0
4060050550,0.0
4060050560,0.0
4060050570,0.0
4060050580,0.0
4060050590,0.0
4060050600,0.0174
4060050610,0.0023
4060050620,0.0
4060050630,0.0
4060050640,0.0
4060050650,0.0
4060050660,0.0
4060050670,0.0067
4060050680,0.0
4060050690,0.0
4060050700,0.0
4060050710,0.0015
4060050720,0.0053
4060050730,0.0
4060050740,0.0
4060050750,0.0
4060050760,0.0
4060050770,0.0224
4060050780,0.0
4060050790,0.0
4060050800,0.0
4060050810,0.0306
4060050820,0.0
4060050830,0.0
4060050840,0.0
4060050850,0.0
4060050860,0.0
4060050870,0.0
4060050880,0.0
4060050890,0.0
4060050900,0.0
4060050910,0.0481
4060050920,0.0
4060050930,0.0
4060050940,0.0
4060050950,0.0344
4060050960,0.0
4060050970,0.0
4060050980,0.0018
4060050990,0.0
4060051000,0.0
4060051010,0.0
4060051020,0.0
4060051030,0.0
4060051040,0.0123
4060051060,0.0
4060051070,0.0
4060051080,0.0415
4060051090,0.0
4060051100,0.0
4060051120,0.0723
4060051130,0.0
4060051140,0.0
4060051150,0.0
4060051160,0.0088
4060051170,0.0
4060051180,0.0
4060051190,0.0
4060051200,0.0
4060051210,0.0
4060051220,0.0
4060051240,0.0
4060051250,0.0
4060051260,0.0
4060051270,0.0039
4060051280,0.0
4060051290,0.0
4060051300,0.0
4060051310,0.0
4060051320,0.0005
4060051330,0.0
4060051340,0.0133
4060051350,0.0
4060051360,0.0
4060051380,0.0
4060051390,0.0
4060051400,0.0
4060051420,0.0
4060051430,0.0
4060051440,0.0
4060051450,0.0
4060051460,0.0
4060051480,0.0
4060051510,0.0
4060051520,0.0
4060051530,0.0
4060051540,0.0
4060051550,0.0
4060051560,0.01
4060051580,0.0
4060051590,0.0
4060051600,0.0
4060051610,0.0
4060051620,0.0
4060051630,0.0323
4060051640,0.0
4060051650,0.0
4060051660,0.0
4060051670,0.0
4060051690,0.0
4060051700,0.0
4060051710,0.0
4060051720,0.0
4060051730,0.0
4060051740,0.0
4060051760,0.0062
4060051770,0.0
4060051780,0.0
4060051790,0.0145
4060051800,0.0
4060051810,0.0
4060051820,0.0197
4060051840,0.0
4060051850,0.0
4060051880,0.0
4060051890,0.0
4060051910,0.0
4060051920,0.0
4060051930,0.0
4060051940,0.1638
4060051950,0.0
4060051960,0.0
4060051970,0.0
4060051980,0.0
4060052000,0.0
4060052030,0.0
4060052040,0.0
4060052050,0.0
4060052060,0.0
4060052080,0.0
4060052100,0.0
4060052110,0.0
4060052120,0.0096
4060052130,0.0
4060052140,0.0
4060052150,0.0
4060052180,0.0
4060052190,0.0
4060052200,0.0
4060052210,0.0
4060052220,0.0
4060052230,0.0
4060052240,0.0117
4060052250,0.0151
4060052260,0.0
4060052290,0.0
4060052300,0.0
4060052310,0.0
4060052320,0.0
4060052330,0.0
4060052340,0.0307
4060052350,0.023
4060052360,0.0
4060052370,0.0351
4060052380,0.0
4060052400,0.0
4060052410,0.0
4060052420,0.0
4060052440,0.0024
4060052450,0.0
4060052460,0.0
4060052470,0.0
4060052490,0.0
4060052500,0.0
4060052510,0.0
4060052520,0.0
4060052560,0.0
4060052570,0.0
4060052590,0.0046
4060052600,0.0
4060052610,0.011
4060052630,0.0
4060052640,0.0
4060052650,0.0
4060052660,0.0147
4060052670,0.0
4060052680,0.0
4060052690,0.0
4060052720,0.0
4060052730,0.0
4060052770,0.0
4060052780,0.0
4060052810,0.0
4060052820,0.0
4060052860,0.0
4060052900,0.0
4060052910,0.0456
4060052960,0.0
4060052990,0.0088
4060053050,0.0
4060053060,0.0
4060053080,0.0
4060053090,0.0
4060053110,0.0
4060053130,0.0
4060053140,0.0
4060053190,0.0
4060053200,0.0
4060053210,0.0
4060053240,0.0
4060053250,0.0
4060053310,0.0
4060053320,0.0062
4060053360,0.0
4060053370,0.1108
4060053390,0.0
4060053400,0.0
4060053450,0.0
4060053490,0.029
4060053530,0.0
4060053580,0.0
4060053600,0.0
4060053620,0.0
4060053650,0.0
4060053660,0.0
4060053670,0.0
4060053680,0.0
4060053690,0.0
4060053740,0.0
4060053760,0.0
4060053890,0.0
4060053900,0.0
4060053930,0.0
4060053940,0.0
4060053950,0.0
4060054030,0.0
4060054060,0.0267
4060054080,0.0
4060054140,0.0069
4060054250,0.0
4060054270,0.0814
4060054280,0.0
4060054310,0.0
4060054350,0.0
4060054410,0.0
4060054460,0.0009
4060054500,0.0
4060054520,0.0
4060054560,0.0
4060054570,0.001
4060054610,0.0
4060054650,0.0
4060054740,0.0
4060054990,0.0
4060055020,0.0
4060055030,0.0
4060055080,0.0
4060055130,0.0
4060055160,0.0
4060055190,0.0
4060055200,0.0
4060055210,0.0
4060055220,0.0
4060055350,0.0
4060055370,0.0
4060055420,0.0
4060055450,0.0
4060055480,0.0
4060055590,0.0
4060055620,0.0
4060055630,0.0
4060055680,0.0
4060055720,0.0
4060055730,0.0
4060055760,0.0
4060055770,0.0
4060055860,0.0
4060055870,0.0
4060055910,0.0
4060056090,0.0
4060056170,0.0
4060056230,0.0
4060056290,0.0
4060056340,0.0
4060056350,0.0
4060056460,0.0
4060056500,0.0
4060056520,0.1886
4060056600,0.0
4060056630,0.021
4060056640,0.0
4060056650,0.0
4060057010,0.0
4060057140,0.0
4060057150,0.0
4060057240,0.0
4060057310,0.0
4060057450,0.0
4060057460,0.0
4060057730,0.0
4060057790,0.0
4060057980,0.0
4060058270,0.0
4060058290,0.0
4060058720,0.0
4060059170,0.0
4060059530,0.0
4060060240,0.0
4060060350,0.0
4060060440,0.0
4060060620,0.0
4060060640,0.0
4060060870,0.0
4060061040,0.0
4060061060,0.0
4060061140,0.0
4060061380,0.0
4060061740,0.0
4060061900,0.0
4060062250,0.0
4060062440,0.0
4060062620,0.0
4060062830,0.0
4060063840,0.0
4060064300,0.0
4060064390,0.0
4060064420,0.0
4060064720,0.0
4060064770,0.0
4060065930,0.0
4060066090,0.0
4060066100,0.0
4060066240,0.0
4060066990,0.0
5060000010,0.0
5060000770,0.0
5060000780,0.0
5060001020,0.0
5060001030,0.0
5060001430,0.0
5060001440,0.0
5060001490,0.0
5060001500,0.0
5060001700,0.0
5060001710,0.0
5060001960,0.0
5060001970,0.0
5060002210,0.0
5060002220,0.0
5060002940,0.0
5060002950,0.0
5060003070,0.0
5060003080,0.0
5060003170,0.0
5060003180,0.0
5060003520,0.0
5060003530,0.0
5060003610,0.0
5060003620,0.0
5060003690,0.0
5060003700,0.0
5060003960,0.0
5060003970,0.0
5060003980,0.0
5060003990,0.0
5060004000,0.0
5060004010,0.0
5060004170,0.0
5060004180,0.0
5060004220,0.0
5060004230,0.0
5060004470,0.0
5060004480,0.0
5060004510,0.0
5060004520,0.0
5060004610,0.0
5060004620,0.0
5060004650,0.0
5060004660,0.0
5060004800,0.0
5060164140,0.0
5060164150,0.0
5060163740,0.0
5060163830,0.0
5060162330,0.0
5060162420,0.0
5060159940,0.0
5060159930,0.0
5060004810,0.0
5060005140,0.0
5060176530,0.0
5060176520,0.0
5060176600,0.0
5060176640,0.0
5060175940,0.0
5060176040,0.0
5060173030,0.0
5060172980,0.0
5060005150,0.0
5060005470,0.0
5060005480,0.0
5060005500,0.0
5060005510,0.0
5060005530,0.0
5060005540,0.0
5060005650,0.0
5060005660,0.0
5060005830,0.0
5060006460,0.0
5060006690,0.0
5060006900,0.0
5060007690,0.0
5060008500,0.0
5060008510,0.0
5060009500,0.0
5060009510,0.0
5060010700,0.0
5060010710,0.0
5060010810,0.0
5060010820,0.0
5060011270,0.0
5060011280,0.0
5060011290,0.0
5060011510,0.0
5060011520,0.0
5060011560,0.0
5060011790,0.0
5060011800,0.0
5060012090,0.0
5060012690,0.0
5060013340,0.0
5060013460,0.0
5060014000,0.0
5060014020,0.0
5060014050,0.0
5060015150,0.0
5060015290,0.0
5060015300,0.0
5060015350,0.0
5060015450,0.0
5060015660,0.0
5060015820,0.0
5060176860,0.0
5060176870,0.0
5060157870,0.0
5060157860,0.0
5060155090,0.0
5060155060,0.0
5060151510,0.0
5060151520,0.0
5060015830,0.0
5060015870,0.0
5060015880,0.0
5060016040,0.0
5060016050,0.0
5060016080,0.0
5060016090,0.0
5060016380,0.0
5060016390,0.0
5060016440,0.0
5060016450,0.0
5060016640,0.0
5060016650,0.0
5060016750,0.0
5060016760,0.0
5060016790,0.0
5060016800,0.0
5060017030,0.0
5060149420,0.0
5060149390,0.0
5060149690,0.0
5060149720,0.0
5060147370,0.0
5060147330,0.0
5060144800,0.0
5060144770,0.0
5060017040,0.0
5060017060,0.0
5060017070,0.0
5060017340,0.0
5060017350,0.0
5060017590,0.0
5060017600,0.0
5060017680,0.0
5060017690,0.0
5060017820,0.0
5060133900,0.0
5060133850,0.0
5060134680,0.0
5060134730,0.0
5060134470,0.0
5060134630,0.0
5060130700,0.0
5060130720,0.0
5060017830,0.0
5060018260,0.0
5060018270,0.0
5060018340,0.0
5060018350,0.0
5060018510,0.0
5060018520,0.0
5060019030,0.0
5060019040,0.0
5060019100,0.0
5060019110,0.0
5060019300,0.0
5060019310,0.0
5060019380,0.0
5060019390,0.0
5060019860,0.0
5060019870,0.0
5060019990,0.0
5060020000,0.0
5060020060,0.0
5060020070,0.0
5060020110,0.0
5060020120,0.0
5060020270,0.0
5060020280,0.0
5060020460,0.0
5060020470,0.0
5060020740,0.0
5060020750,0.0
5060020860,0.0
5060020870,0.0
5060020980,0.0
5060020990,0.0
5060021180,0.0
5060151720,0.0
5060151830,0.0
5060152300,0.0
5060152390,0.0
5060153210,0.0
5060153270,0.0
5060142210,0.0
5060142200,0.0
5060021190,0.0
5060021440,0.0
5060021450,0.0
5060021550,0.0
5060021560,0.0
5060021680,0.0
5060021690,0.0
5060021900,0.0
5060021910,0.0
5060022050,0.0
5060022170,0.0
5060022200,0.0
5060022430,0.0
5060022500,0.0
5060023260,0.0
5060023450,0.0
5060024070,0.0
5060024080,0.0
5060024400,0.0
5060024410,0.0
5060024990,0.0
5060025000,0.0
5060025710,0.0
5060025720,0.0
5060026110,0.0
5060027190,0.0
5060027310,0.0
5060027320,0.0
5060027490,0.0
5060027930,0.0
5060027940,0.0
5060027960,0.0
5060028320,0.0
5060028890,0.0
5060029400,0.0
5060029410,0.0
5060029740,0.0
5060029750,0.0
5060029980,0.0
5060029990,0.0
5060030230,0.0
5060030240,0.0
5060030950,0.0
5060031010,0.0
5060031050,0.0
5060031190,0.0
5060031240,0.0
5060031620,0.0
5060031630,0.0
5060031990,0.0
5060032000,0.0
5060034780,0.0
5060034790,0.0
5060035930,0.0
5060035940,0.0
5060036230,0.0
5060036300,0.0
5060036740,0.0
5060036790,0.0
5060036920,0.0
5060037100,0.0
5060037150,0.0
5060037260,0.0
5060037270,0.0
5060037610,0.0
5060038380,0.0
5060038430,0.0
5060038440,0.0
5060038450,0.0
5060038460,0.0
5060038480,0.0
5060038550,0.0
5060038940,0.0
5060039910,0.0
5060040040,0.0
5060040360,0.0
5060040770,0.0
5060040780,0.0
5060040820,0.0
5060040830,0.0
5060041010,0.0
5060041020,0.0
5060041160,0.0
5060041170,0.0
5060041230,0.0
5060209020,0.0
5060209030,0.0
5060205830,0.0
5060205820,0.0
5060204420,0.0
5060204390,0.0
5060203850,0.0
5060203800,0.0
5060041240,0.0
5060041390,0.0
5060041400,0.0
5060041490,0.0
5060041500,0.0
5060041620,0.0
5060041630,0.0
5060041650,0.0
5060041660,0.0
5060041870,0.0
5060213070,0.0
5060213020,0.0
5060211010,0.0
5060210960,0.0
5060203610,0.0
5060203580,0.0
5060196500,0.0
5060196490,0.0
5060041880,0.0
5060042540,0.0
5060042550,0.0
5060042830,0.0
5060042840,0.0
5060043020,0.0
5060043030,0.0
5060043310,0.0
5060043320,0.0
5060043470,0.0
5060043480,0.0
5060045200,0.0
5060045210,0.0
5060045250,0.0
5060045260,0.0
5060046440,0.0
5060046450,0.0
5060046910,0.0
5060175700,0.0
5060175690,0.0
5060183130,0.0
5060183140,0.0
5060185020,0.0
5060185030,0.0
5060180920,0.0
5060180930,0.0
5060046920,0.0
5060046960,0.0
5060046970,0.0
5060047220,0.0
5060047230,0.0
5060047370,0.0
5060047380,0.0
5060047390,0.0
5060047400,0.0
5060047720,0.0
5060188180,0.0
5060188190,0.0
5060189030,0.0
5060189040,0.0
5060189930,0.0
5060189920,0.0
5060187030,0.0
5060186890,0.0
5060047730,0.0
5060047760,0.0
5060047770,0.0
5060048610,0.0
5060048620,0.0
5060048810,0.0
5060048820,0.0
5060049190,0.0
5060049200,0.0
5060049670,0.0
5060049720,0.0
5060049750,0.0
5060050310,0.0
5060050550,0.0
5060050820,0.0
5060050850,0.0
5060050860,0.0
5060050910,0.0
5060052480,0.0
5060052500,0.0
5060052550,0.0
5060052680,0.0
5060052710,0.0
5060053080,0.0
5060053140,0.0
5060053180,0.0
5060053800,0.0
5060053940,0.0
5060054130,0.0
5060054140,0.0
5060054360,0.0
5060054870,0.0
5060054880,0.0
5060055000,0.0
5060055010,0.0
5060055130,0.0
5060055420,0.0
5060055870,0.0
5060055950,0.0
5060055960,0.0
5060056090,0.0
5060056100,0.0
5060056250,0.0
5060056260,0.0
5060056390,0.0
5060056400,0.0
5060056430,0.0
5060056440,0.0
5060056460,0.0
5060558240,0.0
5060558410,0.0
5060560670,0.0
5060560780,0.0
5060566740,0.0
5060566770,0.0
5060546000,0.0
5060546200,0.0
5060573760,0.0
5060573840,0.0
5060571360,0.0
5060571460,0.0
5060572020,0.0
5060572130,0.0
5060543690,0.0
5060543700,0.0
5060056470,0.0
5060056510,0.0
5060056520,0.0
5060056540,0.0
5060056550,0.0
5060056580,0.0
5060056590,0.0
5060056610,0.0
5060056620,0.0
5060056740,0.0
5060467810,0.0
5060467820,0.0
5060442770,0.0
5060442690,0.0
5060436020,0.0
5060435920,0.0
5060439380,0.0
5060439480,0.0
5060056750,0.0
5060057040,0.0
5060057050,0.0
5060057060,0.0
5060057070,0.0
5060057140,0.0
5060057150,0.0
5060057240,0.0
5060057250,0.0
5060057320,0.0
5060415030,0.0
5060414900,0.0
5060405540,0.0
5060405420,0.0
5060408220,0.0
5060408080,0.0
5060413880,0.0
5060414040,0.0
5060057330,0.0
5060057540,0.0
5060057550,0.0
5060057560,0.0
5060057570,0.0
5060057580,0.0
5060057590,0.0
5060057620,0.0
5060057630,0.0
5060057710,0.0
5060360140,0.0
5060360220,0.0
5060358230,0.0
5060358030,0.0
5060361850,0.0
5060361690,0.0
5060381340,0.0
5060381480,0.0
5060057720,0.0
5060057900,0.0
5060057910,0.0
5060057970,0.0
5060352950,0.0
5060353070,0.0
5060355710,0.0
5060355840,0.0
5060361870,0.0
5060362010,0.0
5060375500,0.0
5060375510,0.0
5060057980,0.0
5060058410,0.0
5060058420,0.0
5060058580,0.0
5060309740,0.0
5060309680,0.0
5060313050,0.0
5060313040,0.0
5060316990,0.0
5060317080,0.0
5060338720,0.0
5060338800,0.0
5060058590,0.0
5060059020,0.0
5060059440,0.0
5060272870,0.0
5060272930,0.0
5060279210,0.0
5060279280,0.0
5060279420,0.0
5060279560,0.0
5060274020,0.0
5060273990,0.0
5060059450,0.0
5060059560,0.0
5060059570,0.0
5060059950,0.0
5060059960,0.0
5060059970,0.0
5060059980,0.0
5060060420,0.0
5060060430,0.0
5060060770,0.0
5060060780,0.0
5060060860,0.0
5060060870,0.0
5060061140,0.0
5060061150,0.0
5060061240,0.0
5060244490,0.0
5060244510,0.0
5060253290,0.0
5060253280,0.0
5060258670,0.0
5060258710,0.0
5060266380,0.0
5060266370,0.0
5060061250,0.0
5060061660,0.0
5060241060,0.0
5060241230,0.0
5060250400,0.0
5060250410,0.0
5060257150,0.0
5060257160,0.0
5060269970,0.0
5060269980,0.0
5060061670,0.0
5060062110,0.0
5060228230,0.0
5060228240,0.0
5060232920,0.0
5060232950,0.0
5060234660,0.0
5060234650,0.0
5060234880,0.0
5060234860,0.0
5060062120,0.0
5060062200,0.0
5060062210,0.0
5060062380,0.0
5060062390,0.0
5060062470,0.0
5060062480,0.0
5060062530,0.0
5060062540,0.0
5060062580,0.0
5060062590,0.0
5060062660,0.0
5060062670,0.0
5060062680,0.0
5060062690,0.0
5060062930,0.0
5060062940,0.0
5060063020,0.0
5060063030,0.0
5060063110,0.0
5060063120,0.0
5060063210,0.0
5060063220,0.0
5060063840,0.0
5060063850,0.0
5060063910,0.0
5060063920,0.0
5060063950,0.0
5060063960,0.0
5060064020,0.0
5060064030,0.0
5060064130,0.0
5060235690,0.0
5060235670,0.0
5060235230,0.0
5060235220,0.0
5060236230,0.0
5060236300,0.0
5060238960,0.0
5060239020,0.0
5060064140,0.0
5060064280,0.0
5060064290,0.0
5060064530,0.0
5060064540,0.0
5060064650,0.0
5060064660,0.0
5060064760,0.0
5060064770,0.0
5060064920,0.0
5060064930,0.0
5060065070,0.0
5060065080,0.0
5060065420,0.0
5060269340,0.0
5060269490,0.0
5060271540,0.0
5060271430,0.0
5060270930,0.0
5060270760,0.0
5060270900,0.0
5060270750,0.0
5060065430,0.0
5060065470,0.0
5060270120,0.0
5060270230,0.0
5060277520,0.0
5060277540,0.0
5060283610,0.0
5060283620,0.0
5060290250,0.0
5060290240,0.0
5060065480,0.0
5060065600,0.0
5060277930,0.0
5060277960,0.0
5060279120,0.0
5060279190,0.0
5060281170,0.0
5060281310,0.0
5060294440,0.0
5060294430,0.0
5060295240,0.0
5060295230,0.0
5060303600,0.0
5060303760,0.0
5060305550,0.0
5060305580,0.0
5060315930,0.0
5060315790,0.0
5060065610,0.0
5060065630,0.0
5060266340,0.0
5060266400,0.0
5060276180,0.0
5060276270,0.0
5060278670,0.0
5060278680,0.0
5060280940,0.0
5060280950,0.0
5060065640,0.0
5060065780,0.0
5060263910,0.0
5060264000,0.0
5060265630,0.0
5060265720,0.0
5060264900,0.0
5060264950,0.0
5060279680,0.0
5060279670,0.0
5060065790,0.0
5060065850,0.0
5060065860,0.0
5060065980,0.0
5060240230,0.0
5060240280,0.0
5060247870,0.0
5060247900,0.0
5060251650,0.0
5060251700,0.0
5060252420,0.0
5060252320,0.0
5060065990,0.0
5060066180,0.0
5060066190,0.0
5060066270,0.0
5060067410,0.0
5060067420,0.0
5060067450,0.0
5060067460,0.0
5060067860,0.0
5060068450,0.0
5060310980,0.0
5060311060,0.0
5060315040,0.0
5060315010,0.0
5060318990,0.0
5060319070,0.0
5060332500,0.0
5060332260,0.0
5060336860,0.0
5060336850,0.0
5060300580,0.0
5060300480,0.0
5060289850,0.0
5060289740,0.0
5060366140,0.0
5060366250,0.0
5060068460,0.0
5060069590,0.0
5060382670,0.0
5060382770,0.0
5060389920,0.0
5060389760,0.0
5060403110,0.0
5060402980,0.0
5060365270,0.0
5060365400,0.0
5060381030,0.0
5060381140,0.0
5060378580,0.0
5060378670,0.0
5060427220,0.0
5060427230,0.0
5060429460,0.0
5060429550,0.0
5060069600,0.0
5060069960,0.0
5060427330,0.0
5060427340,0.0
5060428570,0.0
5060428660,0.0
5060428460,0.0
5060428560,0.0
5060430620,0.0
5060430730,0.0
5060069970,0.0
5060070100,0.0
5060070110,0.0
5060070390,0.0
5060070400,0.0
5060070440,0.0
5060070450,0.0
5060070670,0.0
5060070680,0.0
5060070700,0.0
5060070710,0.0
5060070900,0.0
5060070910,0.0
5060070930,0.0
5060070940,0.0
5060070980,0.0
5060070990,0.0
5060071100,0.0
5060071110,0.0
5060071130,0.0
5060071140,0.0
5060071270,0.0
5060071280,0.0
5060071980,0.0
5060071990,0.0
5060072180,0.0
5060072190,0.0
5060072670,0.0
5060072680,0.0
5060072810,0.0
5060072820,0.0
5060072960,0.0
5060072970,0.0
5060073130,0.0
5060073140,0.0
5060073410,0.0
5060590130,0.0
5060590140,0.0
5060590200,0.0
5060590270,0.0
5060591290,0.0
5060591330,0.0
5060590940,0.0
5060590920,0.0
5060591050,0.0
5060591010,0.0
5060595260,0.0
5060595240,0.0
5060571560,0.0
5060571570,0.0
5060595630,0.0
5060595640,0.0
5060594120,0.0
5060594090,0.0
5060596490,0.0
5060596500,0.0
5060593120,0.0
5060593100,0.0
5060591060,0.0
5060590970,0.0
5060599470,0.0
5060599480,0.0
5060593410,0.0
5060593360,0.0
5060590560,0.0
5060590520,0.0
5060591690,0.0
5060591770,0.0
5060550820,0.0
5060550830,0.0
5060603740,0.0
5060603790,0.0
5060543490,0.0
5060543270,0.0
5060581630,0.0
5060581690,0.0
5060537670,0.0
5060537810,0.0
5060603240,0.0
5060603260,0.0
5060533450,0.0
5060533380,0.0
5060579800,0.0
5060579910,0.0
5060579920,0.0
5060579820,0.0
5060597410,0.0
5060597480,0.0
5060524870,0.0
5060524780,0.0
5060525070,0.0
5060524970,0.0
5060511420,0.0
5060511570,0.0
5060509220,0.0
5060509230,0.0
5060506360,0.0
5060506250,0.0
5060528460,0.0
5060528230,0.0
5060504490,0.0
5060504320,0.0
5060529860,0.0
5060529700,0.0
5060531180,0.0
5060531190,0.0
5060495910,0.0
5060495920,0.0
5060549530,0.0
5060549590,0.0
5060472380,0.0
5060472390,0.0
5060525750,0.0
5060525860,0.0
5060526450,0.0
5060526550,0.0
5060557930,0.0
5060557920,0.0
5060560100,0.0
5060560180,0.0
5060562670,0.0
5060562660,0.0
5060452190,0.0
5060452200,0.0
5060510890,0.0
5060510880,0.0
5060468300,0.0
5060468290,0.0
5060449590,0.0
5060449580,0.0
5060507710,0.0
5060508000,0.0
5060478350,0.0
5060478340,0.0
5060437270,0.0
5060437200,0.0
5060494910,0.0
5060494810,0.0
5060539400,0.0
5060539390,0.0
5060567600,0.0
5060567680,0.0
5060463150,0.0
5060463410,0.0
5060544430,0.0
5060544500,0.0
5060543720,0.0
5060543670,0.0
5060461480,0.0
5060461170,0.0
5060496620,0.0
5060496730,0.0
5060574980,0.0
5060574810,0.0
5060496270,0.0
5060495930,0.0
5060073420,0.0
5060074320,0.0
5060074330,0.0
5060074440,0.0
5060074450,0.0
5060074640,0.0
5060074650,0.0
5060074720,0.0
5060074730,0.0
5060075040,0.0
5060075050,0.0
5060075080,0.0
5060075090,0.0
5060075100,0.0
5060075110,0.0
5060075220,0.0
5060075230,0.0
5060075380,0.0
5060075390,0.0
5060075460,0.0
5060075470,0.0
5060075500,0.0
5060075510,0.0
5060075580,0.0
5060075590,0.0
5060075600,0.0
5060075610,0.0
5060076320,0.0
5060076330,0.0
5060076520,0.0
5060076530,0.0
5060076880,0.0
5060076890,0.0
5060077010,0.0
5060077040,0.0
5060077080,0.0
5060077440,0.0
5060077570,0.0
5060077640,0.0
5060077650,0.0
5060077660,0.0
5060077740,0.0
5060077790,0.0
5060079480,0.0
5060079490,0.0
5060079500,0.0
5060079570,0.0
5060079730,0.0
5060081360,0.0
5060081550,0.0001
5060082270,0.0
5060082510,0.0
5060082520,0.0083
5060083490,0.0
5060083500,0.0
5060083870,0.0
5060083880,0.0
5060083980,0.0
5060083990,0.0
5060084070,0.0
5060084080,0.0
5060084170,0.0
5060084180,0.0033
5060084670,0.0145
5060084680,0.0
5060084900,0.0017
5060084910,0.0
5060084940,0.0
5060085040,0.0
5060085190,0.0
5060085200,0.0
5060085220,0.0
5060085230,0.0
5060085290,0.0
5060085300,0.0
5060085810,0.0
5060085820,0.0
5060085970,0.0
5060085980,0.0
5060086740,0.0
5060086750,0.0
5060087120,0.0
5060087130,0.0
5060087240,0.0
5060087250,0.0
5060087520,0.0
5060087540,0.0
5060087590,0.0
5060491580,0.0
5060491570,0.0
5060491500,0.0
5060491510,0.0
5060491670,0.0
5060491370,0.0
5060491380,0.0
5060486640,0.0
5060486630,0.0
5060487910,0.0
5060487750,0.0
5060482180,0.0
5060482110,0.0
5060477050,0.0
5060476910,0.0
5060473310,0.0
5060473110,0.0
5060482730,0.0
5060482640,0.0
5060482700,0.0
5060482860,0.0
5060485300,0.0
5060485510,0.0
5060462270,0.0
5060462200,0.0
5060456070,0.0
5060455970,0.0
5060472480,0.0
5060472680,0.0
5060470880,0.0
5060470960,0.0
5060431700,0.0
5060431410,0.0
5060413450,0.0
5060413200,0.0
5060429160,0.0
5060429340,0.0
5060430400,0.0
5060430490,0.0
5060472620,0.0
5060472770,0.0
5060420460,0.0
5060420330,0.0
5060472780,0.0
5060472870,0.0
5060424140,0.0
5060424370,0.0
5060416680,0.0
5060416600,0.0
5060455880,0.0
5060455890,0.0
5060380650,0.0
5060380550,0.0
5060383690,0.0
5060383700,0.0
5060373660,0.0
5060373650,0.0
5060434260,0.0
5060434220,0.0
5060366980,0.0
5060366850,0.0
5060418250,0.0
5060418140,0.0
5060351690,0.0
5060351780,0.0
5060415010,0.0
5060414870,0.0
5060345720,0.0
5060345640,0.0
5060397520,0.0
5060397530,0.0
5060341100,0.0
5060341090,0.0
5060335430,0.0
5060335620,0.0
5060384280,0.0
5060384200,0.0
5060328550,0.0
5060328540,0.0
5060324690,0.0
5060324520,0.0
5060391680,0.0
5060391610,0.0
5060320770,0.0
5060320610,0.0
5060319040,0.0
5060318960,0.0
5060327800,0.0
5060327880,0.0
5060369010,0.0
5060368940,0.0
5060385050,0.0
5060385200,0.0
5060323250,0.0
5060323380,0.0
5060356130,0.0
5060356140,0.0
5060378660,0.0
5060378570,0.0
5060342370,0.0
5060342260,0.0
5060327780,0.0
5060327710,0.0
5060339710,0.0
5060339580,0.0
5060339370,0.0
5060339150,0.0
5060087600,0.0
5060282340,0.0
5060282280,0.0
5060294630,0.0
5060294720,0.0
5060295110,0.0
5060294960,0.0
5060340400,0.0
5060340410,0.0
5060087610,0.0
5060087620,0.0
5060284030,0.0
5060284090,0.0
5060285280,0.0
5060285290,0.0
5060291030,0.0
5060291060,0.0
5060304820,0.0
5060304950,0.0
5060087630,0.0
5060087640,0.0
5060087650,0.0
5060087660,0.0
5060358950,0.0
5060358940,0.0
5060358840,0.0
5060359000,0.0
5060357850,0.0
5060356810,0.0
5060356530,0.0
5060087670,0.0
5060377820,0.0
5060377610,0.0
5060377620,0.0
5060373470,0.0
5060375390,0.0
5060375380,0.0
5060376620,0.0
5060376900,0.0
5060087680,0.0
5060292480,0.0
5060292330,0.0
5060297860,0.0
5060297870,0.0
5060310240,0.0
5060310250,0.0
5060324630,0.0
5060324730,0.0
5060087690,0.0
5060548550,0.0
5060548600,0.0
5060533600,0.0
5060533610,0.0
5060499430,0.0
5060499330,0.0
5060487510,0.0
5060487380,0.0
5060087700,0.0
5060087710,0.0
5060087720,0.0
5060276080,0.0
5060276150,0.0
5060276160,0.0
5060271210,0.0
5060271030,0.0
5060271020,0.0
5060271040,0.0
5060270890,0.0
5060087730,0.0
5060355860,0.0
5060356080,0.0
5060356190,0.0
5060356340,0.0
5060357790,0.0
5060357840,0.0
5060364990,0.0
5060365100,0.0
5060087740,0.0
5060087750,0.0
5060292690,0.0
5060292590,0.0
5060298560,0.0
5060298430,0.0
5060299170,0.0
5060299060,0.0
5060300500,0.0
5060300600,0.0
5060087760,0.0
5060550110,0.0
5060549890,0.0
5060550120,0.0
5060549900,0.0
5060553930,0.0
5060555320,0.0
5060555420,0.0
5060087770,0.0
5060087780,0.0
5060087790,0.0
5060087800,0.0
5060439690,0.0
5060439600,0.0
5060439820,0.0
5060762990,0.0
5060447090,0.0
5060447180,0.0
5060448380,0.0
5060448260,0.0
5060087810,0.0
5060503650,0.0
5060503640,0.0
5060487520,0.0
5060487680,0.0
5060478750,0.0
5060478760,0.0
5060476440,0.0
5060476450,0.0
5060087820,0.0
5060087830,0.0
5060087840,0.0
5060087850,0.0
5060087860,0.0
5060087870,0.0
5060087880,0.0
5060087890,0.0
5060087900,0.0
5060087910,0.0
5060087920,0.0
5060087930,0.0
5060087940,0.0
5060087950,0.0
5060087960,0.0
5060087970,0.0
5060087980,0.0
5060087990,0.0
5060088000,0.0
5060088010,0.0
5060088020,0.0
5060088030,0.0
5060088040,0.0
5060088050,0.0
5060088060,0.0
5060088080,0.0
5060088090,0.0
5060088100,0.0
5060088110,0.0
5060088120,0.0
5060088130,0.0
5060088140,0.0
5060088150,0.0
5060088160,0.0
5060088170,0.0
5060088180,0.0
5060088190,0.0
5060088200,0.0
5060088210,0.0
5060088220,0.0
5060088230,0.0
5060088240,0.0
5060088250,0.0
5060088260,0.0
5060088270,0.0
5060088280,0.0
5060088290,0.0
5060088300,0.0
5060088310,0.0
5060088320,0.0
5060088330,0.0
5060088340,0.0
5060088350,0.0
5060088370,0.0
5060088380,0.0
5060088390,0.0
5060088400,0.0
5060088420,0.0
5060088430,0.0
5060088440,0.0
5060088450,0.0
5060088460,0.0
5060088470,0.0
5060088480,0.0
5060088500,0.0
5060088510,0.0
5060088530,0.0
5060088550,0.0
5060088560,0.0
5060088570,0.0
5060088580,0.0
5060088590,0.0
5060088600,0.0
5060088610,0.0
5060088630,0.0
5060088640,0.0
5060088650,0.0
5060088660,0.0
5060088670,0.0
5060088680,0.0
5060088690,0.0
5060088710,0.0
5060088720,0.0
5060088730,0.0
5060088740,0.0
5060088750,0.0
5060088760,0.0
5060088780,0.0
5060088790,0.0
5060088800,0.0
5060088840,0.0
5060088850,0.0
5060088870,0.0
5060088880,0.0
5060088890,0.0
5060088900,0.0
5060088910,0.0
5060088930,0.0
5060088940,0.0
5060088950,0.0
5060088970,0.0
5060088980,0.0
5060088990,0.0
5060089000,0.0
5060089010,0.0
5060089020,0.0
5060089050,0.0
5060089060,0.0
5060089070,0.0
5060089090,0.0
5060089120,0.0
5060089140,0.0
5060089170,0.0
5060089210,0.0
5060089230,0.0
5060089240,0.0
5060089250,0.0
5060089260,0.0
5060089290,0.0
5060089300,0.0
5060089320,0.0
5060089340,0.0
5060089380,0.0
5060089390,0.0
5060089420,0.0
5060089460,0.0
5060089470,0.0
5060089540,0.0
5060089550,0.0
5060089560,0.0
5060089580,0.0
5060089590,0.0
5060089600,0.0
5060089610,0.0
5060089620,0.0
5060089650,0.0
5060089690,0.0
5060089710,0.0
5060089730,0.0
5060089750,0.0
5060089780,0.0
5060089830,0.0
5060089840,0.0
5060089850,0.0
5060089860,0.0
5060089870,0.0
5060089880,0.0
5060089900,0.0
5060089930,0.0
5060089960,0.0
5060089990,0.0
5060090000,0.0
5060090020,0.0
5060090030,0.0
5060090060,0.0
5060090090,0.0
5060090130,0.0
5060090160,0.0
5060090170,0.0
5060090220,0.0
5060090230,0.0
5060090270,0.0
5060090280,0.0
5060090380,0.0
5060090400,0.0
5060090500,0.0
5060090510,0.0
5060090520,0.0
5060090540,0.0
5060090570,0.0
5060090580,0.0
5060090640,0.0
5060090710,0.0
5060090760,0.0
5060090790,0.0
5060090910,0.0
5060090980,0.0
5060090990,0.0
5060091020,0.0
5060091060,0.0
5060091110,0.0
5060091140,0.0
5060091190,0.0
5060091370,0.0
5060091430,0.0
5060091480,0.0
5060091500,0.0
5060091560,0.0
5060091610,0.0
5060091670,0.0
5060091710,0.0
5060091820,0.0
5060091870,0.0
5060091900,0.0
5060092240,0.0
5060092320,0.0
5060092410,0.0
5060092470,0.0
5060092530,0.0
5060092540,0.0
5060092630,0.0
5060092640,0.0
5060092870,0.0
5060092880,0.0
5060092950,0.0
5060092960,0.0
5060092980,0.0
5060093010,0.0
5060093220,0.0
5060093230,0.0
5060093420,0.0
5060093700,0.0
5060093770,0.0
5060094030,0.0
5060094380,0.0
5060094500,0.0
5060094540,0.0
5060094810,0.0
5060095220,0.0
5060095450,0.0
5060096220,0.0
5060096380,0.0
5060096540,0.0
5060096990,0.0
5060097170,0.0
5060099220,0.0
5060099910,0.0
2060000010,0.0
2060000020,0.0
2060000030,0.0
2060000240,0.0
2060000250,0.0
2060000350,0.0
2060000360,0.0
2060001220,0.0
2060001230,0.0
2060001320,0.0
2060001360,0.0
2060001370,0.0
2060001450,0.0
2060001460,0.0
2060001720,0.0
2060001730,0.0
2060002070,0.0
2060002080,0.0
2060002110,0.0
2060002120,0.0
2060002130,0.0
2060002610,0.0
2060002620,0.0
2060002830,0.0
2060002840,0.0
2060003240,0.0
2060003250,0.0
2060003440,0.0
2060003550,0.0
2060635490,0.0
2060635540,0.0
2060643290,0.0
2060643360,0.0
2060646960,0.0
2060647040,0.0
2060649640,0.0
2060649630,0.0
2060003560,0.0
2060004130,0.0
2060614870,0.0
2060614750,0.0
2060621250,0.0
2060621300,0.0
2060633660,0.0
2060633730,0.0
2060636260,0.0
2060636090,0.0
2060004140,0.0
2060004280,0.0
2060628430,0.0
2060628420,0.0
2060639360,0.0
2060639180,0.0
2060640070,0.0
2060640080,0.0
2060641190,0.0
2060641180,0.0
2060004290,0.0
2060005120,0.0
2060005130,0.0
2060005270,0.019
2060005280,0.0
2060005360,0.0952
2060005370,0.0
2060005530,0.0408
2060005540,0.0
2060005680,0.0012
2060005690,0.0
2060006110,0.0
2060548750,0.0
2060548890,0.0
2060550520,0.0
2060550400,0.0
2060547290,0.0
2060547390,0.0
2060552390,0.0272
2060552560,0.0
2060006120,0.0
2060006380,0.0
2060006390,0.0
2060006480,0.0
2060006490,0.0
2060006570,0.0
2060006580,0.0
2060006590,0.0
2060501940,0.0
2060501810,0.0
2060491980,0.0
2060491970,0.0
2060518250,0.0
2060518260,0.0
2060519010,0.0
2060519100,0.0
2060477070,0.0
2060477080,0.0
2060489670,0.0
2060489530,0.0
2060521190,0.0
2060521230,0.0
2060485230,0.0
2060485080,0.0
2060474140,0.0
2060474150,0.0
2060465300,0.0
2060465150,0.0
2060461960,0.0
2060461730,0.0
2060535650,0.0
2060535640,0.0
2060448710,0.0
2060448550,0.0
2060452740,0.0
2060452600,0.0
2060439800,0.0
2060439790,0.0
2060439160,0.0
2060439100,0.0
2060432700,0.0
2060432780,0.0
2060424620,0.0
2060424530,0.0
2060411160,0.0
2060411050,0.0
2060427460,0.0
2060427390,0.0
2060403470,0.0
2060403370,0.0
2060397010,0.0
2060396900,0.0
2060395670,0.0
2060395540,0.0
2060395950,0.0
2060395940,0.0
2060414310,0.0
2060414300,0.0
2060390940,0.0
2060390950,0.0
2060363610,0.0
2060363410,0.0
2060359050,0.0
2060359040,0.0
2060006600,0.0
2060006680,0.0
2060006690,0.0
2060006800,0.0
2060006810,0.0
2060007010,0.0
2060007020,0.0
2060007120,0.0
2060007130,0.0
2060007930,0.0
2060515580,0.0
2060515460,0.0
2060495760,0.0
2060495670,0.0
2060493390,0.0
2060493250,0.0
2060472640,0.0
2060472570,0.0
2060469820,0.0
2060469830,0.0
2060459250,0.0
2060459130,0.0
2060454840,0.0
2060454640,0.0
2060448220,0.0
2060448170,0.0
2060416550,0.0
2060416390,0.0
2060400100,0.0
2060400110,0.0
2060397580,0.0
2060397700,0.0
2060390810,0.0
2060390710,0.0
2060379750,0.0
2060379760,0.0
2060374150,0.0
2060374040,0.0
2060366400,0.0
2060366530,0.0
2060363700,0.0
2060392710,0.0
2060363710,0.0
2060392620,0.0
2060361540,0.0
2060361390,0.0
2060350380,0.0
2060350310,0.0
2060341210,0.0
2060341080,0.0
2060374270,0.0
2060374260,0.0
2060373720,0.0
2060373520,0.0
2060369590,0.0
2060369600,0.0
2060374410,0.0
2060374580,0.0
2060375360,0.0
2060375150,0.0
2060333490,0.0
2060333420,0.0
2060363170,0.0
2060363040,0.0
2060388040,0.0
2060388050,0.0
2060416040,0.0
2060416160,0.0
2060313040,0.0
2060312950,0.0
2060313270,0.0
2060313350,0.0
2060304180,0.0
2060304190,0.0
2060007940,0.0
2060008000,0.0
2060508440,0.0
2060508300,0.0
2060480610,0.0
2060480720,0.0
2060481560,0.0
2060481420,0.0
2060462830,0.0
2060462840,0.0
2060008010,0.0
2060008160,0.0
2060008170,0.0
2060008350,0.0
2060501930,0.0
2060501780,0.0
2060467040,0.0
2060466960,0.0
2060464310,0.0
2060464320,0.0
2060444190,0.0
2060444020,0.0
2060008360,0.0
2060008440,0.0
2060008450,0.0
2060008490,0.0
2060542170,0.0
2060542410,0.0
2060544450,0.0
2060544300,0.0
2060544880,0.0
2060544810,0.0
2060541660,0.0
2060541720,0.0
2060543090,0.0
2060543160,0.0
2060542740,0.0
2060542680,0.0
2060538490,0.0
2060538480,0.0
2060557340,0.0
2060557390,0.0
2060529840,0.0
2060529830,0.0
2060520280,0.0
2060520200,0.0
2060569550,0.0
2060569470,0.0
2060575490,0.0
2060575400,0.0
2060575090,0.0
2060575160,0.0
2060574650,0.0
2060574720,0.0
2060574430,0.0
2060574340,0.0
2060566550,0.0
2060566670,0.0
2060557720,0.0
2060557800,0.0
2060564160,0.0
2060564170,0.0
2060555600,0.0
2060555780,0.0
2060548700,0.0
2060548500,0.0
2060575760,0.0
2060575750,0.0
2060554100,0.0
2060554110,0.0
2060575150,0.0
2060575290,0.0
2060539930,0.0
2060540100,0.0
2060524800,0.0
2060525040,0.0
2060526410,0.0
2060526570,0.0
2060514740,0.0
2060514730,0.0
2060550240,0.0
2060550500,0.0
2060535610,0.0
2060535520,0.0
2060524780,0.0
2060524790,0.0
2060588450,0.0
2060588460,0.0
2060522970,0.0
2060522960,0.0
2060523720,0.0
2060523590,0.0
2060545490,0.0
2060545560,0.0
2060533470,0.0
2060533650,0.0
2060483250,0.0
2060483240,0.0
2060486570,0.0
2060486470,0.0
2060486560,0.0
2060486460,0.0
2060541470,0.0
2060541360,0.0
2060478430,0.0
2060478420,0.0
2060526900,0.0
2060526910,0.0
2060488080,0.0
2060487990,0.0
2060488360,0.0
2060488190,0.0
2060521000,0.0
2060520950,0.0
2060517480,0.0
2060517570,0.0
2060477000,0.0
2060476910,0.0
2060478820,0.0
2060478910,0.0
2060482340,0.0
2060482470,0.0
2060517330,0.0245
2060517550,0.0
2060490820,0.0
2060490930,0.0
2060504850,0.0
2060504700,0.0
2060465720,0.0293
2060465610,0.0
2060460080,0.0
2060460170,0.0
2060454600,0.0
2060454730,0.0
2060457260,0.0
2060457140,0.0
2060461540,0.0
2060461650,0.0
2060008500,0.0
2060009230,0.0
2060009480,0.0
2060622810,0.0
2060622800,0.0
2060609030,0.0
2060608930,0.0
2060609100,0.0
2060609020,0.0
2060602370,0.0
2060602360,0.0
2060009490,0.0
2060009730,0.0
2060009740,0.0
2060009900,0.0
2060009910,0.0
2060009950,0.0
2060009960,0.0
2060010040,0.0
2060010050,0.0
2060011730,0.0
2060011740,0.0
2060011750,0.0
2060011760,0.0
2060011990,0.0
2060012000,0.0
2060012180,0.0
2060012190,0.0
2060012250,0.0
2060012260,0.0
2060012300,0.0
2060012310,0.0
2060012690,0.0
2060012700,0.0
2060012730,0.0
2060012960,0.0
2060012970,0.0
2060012980,0.0177
2060012990,0.0
2060013010,0.0046
2060551020,0.0046
2060551110,0.0
2060548920,0.0
2060548650,0.0266
2060548430,0.0
2060548280,0.0126
2060551950,0.0
2060551820,0.0199
2060013020,0.0
2060013100,0.0
2060013110,0.0
2060013730,0.0
2060013740,0.0
2060014050,0.0
2060014060,0.0
2060014120,0.0
2060014130,0.0
2060014490,0.0
2060014500,0.0
2060014550,0.0
2060015420,0.0
2060015430,0.0
2060015470,0.0
2060015480,0.0
2060015610,0.0
2060015620,0.0
2060016020,0.0
2060016030,0.0
2060016230,0.0
2060016510,0.0
2060571930,0.0
2060572030,0.004
2060552460,0.0
2060552470,0.0298
2060536360,0.0
2060536370,0.0645
2060510690,0.0
2060510560,0.0
2060016520,0.0
2060016680,0.0
2060016690,0.0
2060016750,0.0
2060016760,0.0
2060016940,0.0
2060016950,0.0
2060017000,0.0
2060017010,0.0
2060017150,0.0
2060615720,0.0
2060615620,0.0
2060609300,0.0
2060609250,0.0
2060606810,0.0
2060606920,0.0
2060598470,0.0
2060598480,0.0
2060017160,0.0
2060017480,0.0
2060017490,0.0
2060017690,0.0
2060017700,0.0
2060018240,0.0
2060018360,0.0
2060692510,0.0
2060692720,0.0
2060689660,0.0
2060689480,0.0
2060685040,0.0
2060684890,0.0
2060686460,0.0
2060686250,0.0
2060018370,0.0
2060018460,0.0
2060682630,0.0
2060682860,0.0
2060669120,0.0
2060668910,0.0
2060665080,0.0
2060665260,0.0
2060658470,0.0
2060658460,0.0
2060018470,0.0
2060018840,0.0
2060654920,0.0
2060654870,0.0
2060648690,0.0
2060648560,0.0
2060646840,0.0
2060646750,0.0
2060643220,0.0
2060642980,0.0
2060018850,0.0
2060019150,0.0
2060617030,0.0
2060617190,0.0
2060613120,0.0
2060613260,0.0
2060611700,0.0
2060611580,0.0
2060611160,0.0
2060611100,0.0
2060019160,0.0
2060019310,0.0
2060019320,0.0
2060019410,0.0
2060019420,0.0
2060019780,0.0
2060019790,0.0
2060019820,0.0
2060019830,0.0
2060020320,0.0
2060020330,0.0
2060020340,0.0
2060020590,0.0
2060564740,0.0
2060564730,0.0
2060569100,0.0
2060569180,0.0
2060569110,0.0
2060568970,0.0
2060574220,0.0
2060574280,0.0
2060020600,0.0
2060020620,0.0
2060020630,0.0
2060020730,0.0
2060020740,0.0
2060021030,0.0
2060497450,0.0
2060497340,0.0
2060502710,0.0
2060502920,0.0
2060499090,0.0
2060498990,0.0
2060509090,0.0
2060509200,0.0
2060021040,0.0
2060021110,0.0
2060021120,0.0
2060021220,0.0
2060021230,0.0
2060022030,0.0
2060022040,0.0
2060022130,0.0
2060022140,0.0
2060022150,0.0
2060446440,0.0
2060446710,0.0
2060455290,0.0
2060455180,0.0
2060459800,0.0
2060459960,0.0
2060461380,0.0
2060461420,0.0
2060022160,0.0
2060022380,0.0
2060022390,0.0
2060022610,0.0
2060022620,0.0
2060022770,0.0
2060022780,0.0
2060022970,0.0
2060022980,0.0
2060023010,0.0
2060420240,0.0
2060420340,0.0
2060429670,0.0
2060429770,0.0
2060441280,0.0
2060441290,0.0
2060491750,0.0341
2060491760,0.0065
2060023020,0.0
2060023320,0.0
2060023330,0.0
2060023600,0.0
2060023610,0.0
2060023940,0.0
2060023950,0.0
2060024080,0.0
2060024090,0.0
2060024170,0.0
2060355620,0.0
2060355700,0.0
2060379560,0.0
2060379690,0.0
2060420770,0.0
2060420830,0.0
2060429790,0.0
2060429890,0.0
2060024180,0.0
2060024230,0.0
2060024660,0.0
2060024670,0.0
2060025250,0.0
2060025270,0.0
2060025760,0.0
2060025770,0.0
2060025950,0.0
2060025960,0.0
2060026030,0.0
2060026060,0.0
2060362370,0.0
2060362600,0.0
2060358250,0.0
2060358340,0.0
2060376340,0.0
2060376600,0.0
2060362090,0.0
2060362210,0.0
2060377000,0.0
2060377070,0.0
2060386520,0.0
2060386660,0.0
2060374390,0.0
2060374110,0.0
2060409680,0.0
2060409780,0.0
2060026070,0.0
2060026550,0.0
2060368000,0.0
2060367910,0.0
2060366520,0.0
2060366370,0.0
2060366130,0.0
2060366020,0.0
2060364780,0.0
2060364630,0.0
2060362230,0.0
2060361930,0.0
2060381560,0.0
2060381570,0.0
2060390520,0.0
2060390660,0.0
2060411940,0.0
2060411950,0.0
2060373380,0.0
2060373390,0.0
2060374710,0.0
2060374800,0.0
2060376060,0.0
2060376210,0.0
2060424690,0.0
2060424820,0.0
2060026560,0.0
2060026920,0.0
2060311070,0.0
2060311220,0.0
2060313310,0.0
2060313170,0.0
2060313670,0.0
2060313590,0.0
2060340870,0.0
2060340800,0.0
2060026930,0.0
2060026940,0.0
2060026950,0.0
2060027040,0.0
2060027050,0.0
2060027120,0.0
2060027130,0.0
2060027290,0.0
2060027300,0.0
2060027320,0.0
2060284350,0.0
2060284370,0.0
2060298890,0.0
2060298900,0.0
2060302590,0.0
2060302650,0.0
2060300040,0.0
2060300030,0.0
2060027330,0.0
2060027350,0.0
2060027360,0.0
2060027530,0.0
2060027540,0.0
2060028110,0.0
2060243910,0.0
2060243970,0.0
2060250790,0.0
2060250780,0.0
2060266150,0.0
2060266160,0.0
2060276310,0.0
2060276300,0.0
2060028120,0.0
2060028140,0.0
2060028150,0.0
2060028220,0.0
2060028310,0.0
2060229800,0.0
2060229790,0.0
2060229650,0.0
2060229660,0.0
2060224850,0.0
2060224780,0.0
2060223770,0.0
2060223910,0.0
2060227070,0.0
2060227130,0.0
2060226720,0.0
2060226650,0.0
2060215360,0.0
2060215280,0.0
2060257210,0.0
2060257220,0.0
2060257310,0.0
2060257320,0.0
2060202550,0.0
2060202540,0.0
2060215690,0.0
2060215620,0.0
2060261630,0.0
2060261640,0.0
2060262150,0.0
2060262190,0.0
2060211350,0.0
2060211340,0.0
2060275260,0.0
2060275300,0.0
2060279610,0.0
2060279600,0.0
2060028320,0.0
2060028660,0.0
2060028670,0.0
2060029320,0.0
2060029330,0.0
2060029510,0.0
2060029520,0.0
2060029570,0.0
2060029580,0.0
2060029750,0.0
2060029760,0.0
2060029940,0.0
2060029950,0.0
2060030060,0.0
2060142460,0.0
2060142450,0.0
2060141240,0.0
2060141180,0.0
2060135880,0.0
2060135760,0.0
2060135400,0.0
2060135390,0.0
2060030070,0.0
2060030090,0.0
2060030100,0.0
2060144710,0.0
2060144720,0.0
2060134660,0.0
2060134670,0.0
2060132720,0.0
2060132710,0.0
2060123600,0.0
2060123590,0.0091
2060030110,0.0
2060030160,0.0
2060030170,0.0
2060030260,0.017
2060030270,0.0031
2060030480,0.0
2060030490,0.0
2060030650,0.0004
2060030660,0.0
2060031060,0.0
2060185750,0.0
2060185670,0.0
2060182180,0.0
2060182110,0.0
2060170100,0.0
2060170090,0.0
2060166850,0.0
2060166840,0.0
2060031070,0.0
2060031160,0.0
2060031170,0.0
2060031210,0.0
2060031220,0.0
2060031310,0.0
2060031320,0.0
2060031410,0.0
2060031420,0.0
2060031490,0.0
2060031500,0.0
2060031740,0.0
2060031750,0.0
2060031960,0.0
2060031970,0.0
2060032670,0.0
2060032680,0.0
2060033010,0.0
2060033020,0.0
2060033320,0.0
2060254430,0.0
2060254330,0.0
2060253130,0.0
2060253060,0.0
2060250960,0.0
2060250970,0.0
2060248140,0.0
2060248100,0.0
2060033330,0.0
2060033480,0.0
2060033490,0.0
2060231900,0.0227
2060231800,0.0
2060217540,0.0
2060217530,0.0
2060207710,0.0
2060207600,0.0
2060201550,0.0
2060201460,0.0
2060033500,0.0
2060033670,0.0024
2060033680,0.0
2060033770,0.0
2060033780,0.0
2060033850,0.0
2060033860,0.0
2060033890,0.0
2060033900,0.0219
2060036280,0.0
2060036290,0.0
2060036340,0.0
2060036350,0.0
2060036710,0.0
2060036720,0.0
2060036930,0.0
2060036940,0.0
2060037030,0.0326
2060037040,0.0338
2060037070,0.0879
2060037080,0.0809
2060037230,0.0
2060037240,0.0177
2060037990,0.0
2060038000,0.0
2060038010,0.0116
2060038520,0.0
2060038530,0.0039
2060039020,0.0
2060039030,0.0
2060039350,0.0
2060039360,0.0
2060039390,0.0
2060039400,0.0
2060039590,0.0
2060039600,0.0
2060039670,0.0
2060039680,0.0
2060039730,0.0
2060039740,0.0
2060039850,0.0
2060039860,0.0
2060039990,0.0
2060040000,0.0
2060040130,0.0
2060040140,0.0
2060040470,0.0
2060040480,0.0
2060040730,0.0
2060040740,0.0
2060040810,0.0
2060040820,0.0
2060041120,0.0
2060161020,0.0
2060160990,0.0
2060159520,0.0
2060159480,0.0
2060150040,0.0
2060150000,0.0
2060145620,0.0
2060145560,0.0
2060041130,0.0
2060041180,0.0
2060171410,0.0
2060171520,0.0
2060176220,0.0
2060176210,0.0
2060181950,0.0
2060182040,0.0
2060182780,0.0
2060182840,0.0
2060041190,0.0
2060041390,0.0
2060041420,0.0
2060184690,0.0
2060184700,0.0
2060195370,0.0
2060195360,0.0
2060201760,0.0
2060201810,0.0
2060208320,0.0
2060208310,0.0
2060041430,0.0
2060041840,0.0
2060172450,0.0
2060172440,0.0
2060169760,0.0
2060169800,0.0
2060191090,0.0
2060191190,0.0
2060174040,0.0
2060174050,0.0
2060176760,0.0
2060176750,0.0
2060198450,0.0
2060198460,0.0
2060209110,0.0
2060209100,0.0
2060210970,0.0
2060211050,0.0
2060189220,0.0
2060189270,0.0
2060214900,0.0
2060214970,0.0
2060223040,0.0
2060223130,0.0
2060216060,0.0
2060215960,0.0
2060200360,0.0
2060200420,0.0
2060208110,0.0
2060208230,0.0
2060206800,0.0
2060206890,0.0
2060204590,0.0
2060204640,0.0
2060244380,0.0
2060244440,0.0
2060244260,0.0
2060244180,0.0
2060239900,0.0
2060239820,0.0
2060211730,0.0
2060211800,0.0
2060041850,0.0
2060041860,0.0
2060041870,0.0
2060042080,0.0
2060042090,0.0
2060042210,0.0
2060042220,0.0
2060042270,0.0
2060042280,0.0
2060042370,0.0
2060153580,0.0
2060153650,0.0
2060161930,0.0
2060162030,0.0
2060167020,0.0
2060167130,0.0
2060182350,0.0
2060182360,0.0
2060042380,0.0
2060043040,0.0
2060043050,0.0
2060043080,0.0
2060043090,0.0
2060043180,0.0
2060043190,0.0
2060043320,0.0
2060043330,0.0
2060043720,0.0
2060135680,0.0
2060135690,0.0
2060154540,0.0
2060154530,0.0
2060156810,0.0
2060156850,0.0
2060148850,0.0
2060148900,0.0
2060149210,0.0
2060149090,0.0
2060152370,0.0
2060152380,0.0
2060155250,0.0
2060155260,0.0
2060145140,0.0
2060145200,0.0
2060142350,0.0
2060142310,0.0
2060170860,0.0
2060170870,0.0
2060142470,0.0
2060142560,0.0
2060195940,0.0
2060196050,0.0
2060043730,0.0
2060043960,0.0
2060043970,0.0
2060044200,0.0
2060044210,0.0
2060044320,0.0
2060044330,0.0
2060044660,0.0
2060044670,0.0
2060044800,0.0
2060045150,0.0
2060046500,0.0
2060047500,0.0
2060048160,0.0
2060048590,0.0
2060048790,0.0
2060048980,0.0
2060048990,0.0
2060049660,0.0
2060049670,0.0
2060049680,0.0
2060049690,0.0
2060050410,0.0
2060050420,0.0
2060050790,0.0
2060051150,0.0
2060051160,0.0
2060052380,0.0
2060052390,0.0
2060052660,0.0
2060052670,0.0
2060052940,0.0
2060052950,0.0
2060052960,0.0
2060053240,0.0
2060053250,0.0
2060053260,0.0
2060053270,0.0
2060053500,0.0
2060053510,0.0
2060053790,0.0
2060053800,0.0
2060053980,0.0
2060054000,0.0
2060054130,0.0
2060054140,0.0
2060054200,0.0
2060054250,0.0
2060054260,0.0
2060054780,0.0
2060054790,0.0
2060055310,0.0
2060055320,0.0
2060055600,0.0
2060055610,0.0
2060056060,0.0
2060056070,0.0
2060056710,0.0
2060056770,0.0
2060056940,0.0
2060056990,0.0
2060057170,0.0
2060057300,0.1044
2060057310,0.0099
2060057870,0.0734
2060057880,0.0
2060057990,0.0692
2060058000,0.0063
2060058240,0.0806
2060058250,0.0
2060058260,0.0
2060058270,0.0
2060058320,0.224
2060058330,0.0
2060058560,0.2093
2060058570,0.0
2060058580,0.0556
2060058590,0.2929
2060058960,0.885
2060058970,0.2641
2060059100,0.2456
2060059110,0.2119
2060059250,0.12
2060059260,0.0
2060059310,0.1379
2060059320,0.0
2060059370,0.0
2060059450,0.0
2060059500,0.5453
2060059510,0.5586
2060061330,0.4393
2060061530,0.4616
2060061580,0.7438
2060062090,0.0
2060062100,0.0
2060062110,0.0
2060062130,0.0
2060062150,0.0
2060062160,0.7879
2060062650,0.0
2060062920,0.0419
2060063930,0.6023
2060065700,0.0
2060065840,0.0
2060065960,0.0
2060065970,0.0
2060066030,0.0
2060697960,0.0
2060698060,0.0
2060686210,0.0
2060686080,0.0
2060688900,0.0
2060689000,0.0
2060693660,0.0
2060693490,0.0
2060066040,0.0
2060066340,0.0
2060655990,0.0
2060656090,0.0
2060656960,0.0
2060657170,0.0
2060652260,0.0
2060652130,0.0
2060643600,0.0
2060643520,0.0
2060066350,0.0
2060066490,0.0
2060618920,0.0
2060618880,0.0
2060618500,0.0
2060618760,0.0
2060619050,0.0
2060619210,0.0
2060620220,0.0
2060620300,0.0
2060066500,0.0
2060066610,0.0
2060066620,0.0
2060066630,0.0
2060066640,0.0
2060066670,0.0
2060066680,0.0
2060066790,0.0
2060066800,0.0
2060066850,0.0
2060067280,0.0
2060067290,0.0
2060067570,0.0
2060508470,0.0
2060508320,0.0
2060472490,0.0
2060472390,0.0
2060467850,0.0
2060467720,0.0
2060456990,0.0
2060456920,0.0
2060067580,0.0
2060067650,0.0
2060488690,0.0
2060488560,0.0
2060464950,0.0
2060464940,0.0
2060459170,0.0
2060459040,0.0
2060443280,0.0
2060443270,0.0
2060067660,0.0
2060067740,0.0
2060446800,0.0
2060446790,0.0
2060426410,0.0
2060426420,0.0
2060400240,0.0
2060400150,0.0
2060392470,0.0
2060392640,0.0
2060391420,0.0
2060391230,0.0
2060394440,0.0
2060394180,0.0
2060399450,0.0
2060399620,0.0
2060407100,0.0
2060406990,0.0
2060384250,0.0
2060384360,0.0
2060377880,0.0
2060377750,0.0
2060383040,0.0
2060383120,0.0
2060386640,0.0
2060386650,0.0
2060421890,0.0
2060422020,0.0
2060381480,0.0
2060381390,0.0
2060399770,0.0
2060399640,0.0
2060396780,0.0
2060396690,0.0
2060384460,0.0
2060384470,0.0
2060384260,0.0
2060384170,0.0
2060365300,0.0
2060365290,0.0
2060345780,0.0
2060345790,0.0
2060067750,0.0
2060067910,0.0
2060067920,0.0
2060068170,0.0
2060068180,0.0
2060068250,0.0
2060068260,0.0
2060068340,0.0
2060068350,0.0
2060068680,0.0
2060532490,0.0
2060532500,0.0
2060507770,0.0
2060507700,0.0
2060497650,0.0
2060497560,0.0
2060478150,0.0
2060478160,0.0
2060421450,0.0
2060421370,0.0
2060378120,0.0
2060377980,0.0
2060347360,0.0
2060347650,0.0
2060345860,0.0
2060345950,0.0
2060332830,0.0
2060332820,0.0
2060353530,0.0
2060353610,0.0
2060357270,0.0
2060357420,0.0
2060357720,0.0
2060357810,0.0
2060309610,0.0
2060309560,0.0
2060298790,0.0
2060298660,0.0
2060297870,0.0
2060297740,0.0
2060302310,0.0
2060302300,0.0
2060292600,0.0
2060292470,0.0
2060302020,0.0
2060301930,0.0
2060299930,0.0
2060299810,0.0
2060289370,0.0
2060289420,0.0
2060296710,0.0
2060296610,0.0
2060295700,0.0
2060295630,0.0
2060292580,0.0
2060292690,0.0
2060296380,0.0
2060296300,0.0
2060278660,0.0
2060278650,0.0
2060291180,0.0
2060291110,0.0
2060300950,0.0
2060301020,0.0
2060288980,0.0
2060289120,0.0
2060280910,0.0
2060280740,0.0
2060268500,0.0
2060268610,0.0
2060314130,0.0
2060314120,0.0
2060291750,0.0
2060291830,0.0
2060318750,0.0
2060318820,0.0
2060272890,0.0
2060272900,0.0
2060272970,0.0
2060272920,0.0
2060300270,0.0
2060300340,0.0
2060301450,0.0
2060301460,0.0
2060258770,0.0
2060258660,0.0
2060267720,0.0
2060267730,0.0
2060316070,0.0
2060315880,0.0
2060317580,0.0
2060317460,0.0
2060313880,0.0
2060313870,0.0
2060265950,0.0
2060265840,0.0
2060315950,0.0
2060315940,0.0
2060321220,0.0
2060321290,0.0
2060260960,0.0
2060260900,0.0
2060254850,0.0
2060254780,0.0
2060261450,0.0
2060261490,0.0
2060351360,0.0
2060351440,0.0
2060320510,0.0
2060320430,0.0
2060253920,0.0
2060253910,0.0
2060316490,0.0
2060316600,0.0
2060250010,0.0
2060250020,0.0
2060250000,0.0
2060249940,0.0
2060260420,0.0
2060260320,0.0
2060260030,0.0
2060259480,0.0
2060260020,0.0
2060259380,0.0
2060258880,0.0
2060258810,0.0
2060300000,0.0
2060299950,0.0
2060260150,0.0
2060260200,0.0
2060243460,0.0
2060243420,0.0
2060322960,0.0
2060323030,0.0
2060247240,0.0
2060247230,0.0
2060235640,0.0
2060235630,0.0
2060292520,0.0
2060292740,0.0
2060328210,0.0
2060328310,0.0
2060276450,0.0
2060276250,0.0
2060229100,0.0
2060229110,0.0
2060268370,0.0
2060268450,0.0
2060229380,0.0
2060229200,0.0
2060281490,0.0
2060281590,0.0
2060227540,0.0
2060227650,0.0
2060337780,0.0
2060337900,0.0
2060231010,0.0
2060231080,0.0
2060284160,0.0
2060284110,0.0
2060310780,0.0
2060310820,0.0
2060279980,0.0
2060279880,0.0
2060229540,0.0
2060229550,0.0
2060229820,0.0
2060229740,0.0
2060226210,0.0
2060226060,0.0
2060222980,0.0
2060223150,0.0
2060232460,0.0
2060232360,0.0
2060291740,0.0
2060291620,0.0
2060320590,0.0
2060320680,0.0
2060324480,0.0
2060324540,0.0
2060328890,0.0
2060328980,0.0
2060339000,0.0
2060339010,0.0
2060340910,0.0
2060341000,0.0
2060068690,0.0
2060068710,0.0
2060533320,0.0
2060533530,0.0
2060518530,0.0
2060518540,0.0
2060503210,0.0
2060503100,0.0
2060495040,0.0
2060494900,0.0
2060068720,0.0
2060068810,0.0
2060068820,0.0
2060068870,0.0
2060068880,0.0
2060068910,0.0
2060068930,0.0
2060068970,0.0
2060068980,0.0
2060069150,0.0
2060577460,0.0
2060577510,0.0
2060579890,0.0
2060579910,0.0182
2060575240,0.0
2060575180,0.103
2060578950,0.0894
2060578940,0.1639
2060069160,0.0
2060069200,0.0066
2060069210,0.0
2060069480,0.0
2060069490,0.0
2060069790,0.0
2060069800,0.0
2060069960,0.0
2060069970,0.0
2060070050,0.0
2060645210,0.0
2060645200,0.0
2060643510,0.0
2060643590,0.0
2060655520,0.0
2060655600,0.0
2060624230,0.0
2060624070,0.0
2060665370,0.0
2060665570,0.0
2060616770,0.0
2060616700,0.0039
2060644120,0.0
2060644030,0.0
2060641080,0.0
2060641020,0.0
2060070060,0.0
2060070510,0.0
2060711430,0.0
2060711440,0.0
2060698760,0.0
2060698880,0.0
2060704910,0.0
2060704990,0.0
2060723660,0.0
2060723750,0.0
2060070520,0.0
2060071190,0.0
2060071260,0.0
2060900410,0.0
2060900420,0.0
2060901290,0.0
2060901410,0.0
2060898840,0.0
2060898800,0.0
2060897130,0.0
2060897120,0.0
2060071270,0.0
2060071690,0.0
2060904000,0.0
2060903940,0.0
2060901780,0.0
2060901720,0.0
2060897280,0.0
2060897270,0.0
2060896690,0.0
2060896620,0.0
2060071700,0.0
2060071710,0.0
2060071720,0.0
2060071970,0.0
2060071980,0.0
2060072090,0.0
2060072100,0.0
2060072430,0.0
2060072440,0.0
2060072590,0.0
2060884120,0.0
2060884130,0.0
2060877390,0.0
2060877380,0.0
2060872080,0.0
2060872030,0.0
2060871870,0.0
2060871860,0.0
2060072600,0.0
2060072920,0.0
2060869170,0.0
2060869240,0.0
2060869430,0.0
2060869530,0.0
2060869370,0.0
2060869250,0.0
2060860520,0.0
2060860690,0.0
2060072930,0.0
2060072980,0.0
2060072990,0.0
2060073020,0.0
2060073030,0.0
2060073280,0.0
2060073290,0.0
2060073420,0.0
2060073430,0.0
2060073570,0.0
2060828790,0.0
2060828780,0.0
2060825660,0.0
2060825520,0.0
2060816860,0.0
2060816870,0.0
2060816390,0.0
2060816320,0.0
2060817830,0.0
2060817690,0.0
2060816600,0.0
2060816590,0.0
2060815450,0.0
2060815340,0.0
2060803460,0.0
2060803560,0.0
2060810010,0.0
2060810230,0.0
2060784800,0.0
2060784690,0.0
2060775790,0.0
2060775800,0.0
2060785900,0.0
2060785890,0.0
2060805580,0.0
2060805450,0.0
2060783900,0.0
2060783970,0.0
2060765750,0.0
2060765740,0.0
2060814330,0.0
2060814190,0.0
2060773460,0.0
2060773470,0.0
2060770120,0.0
2060770040,0.0
2060762570,0.0
2060762560,0.0
2060756280,0.0
2060756210,0.0
2060796680,0.0
2060796930,0.0
2060795770,0.0
2060795660,0.0
2060752150,0.0
2060752140,0.0
2060756960,0.0
2060756950,0.0
2060745110,0.0
2060745060,0.0
2060753800,0.0
2060753740,0.0
2060759640,0.0
2060759680,0.0
2060741170,0.0
2060741100,0.0
2060735770,0.0
2060735760,0.0
2060788850,0.0
2060788710,0.0
2060737450,0.0
2060737390,0.0
2060735780,0.0
2060735750,0.0
2060736930,0.0
2060736820,0.0
2060750710,0.0
2060750900,0.0
2060723850,0.0
2060723860,0.0
2060745700,0.0
2060745610,0.0
2060744310,0.0
2060744250,0.0
2060740870,0.0
2060741090,0.0
2060737850,0.0
2060737750,0.0
2060725200,0.0
2060725410,0.0
2060705320,0.0
2060705240,0.0
2060725400,0.0
2060725390,0.0
2060715860,0.0
2060715750,0.0
2060726560,0.0
2060726610,0.0
2060691890,0.0
2060691900,0.0
2060712950,0.0
2060712940,0.0
2060691880,0.0
2060691650,0.0
2060711730,0.0
2060711630,0.0
2060690630,0.0
2060690740,0.0
2060698720,0.0
2060698630,0.0
2060676070,0.0
2060675940,0.0
2060668200,0.0
2060668190,0.0
2060670130,0.0
2060670270,0.0
2060670140,0.0
2060670010,0.0
2060669150,0.0
2060669080,0.0
2060662110,0.0
2060662000,0.0
2060073580,0.0
2060073610,0.0
2060073620,0.0
2060073810,0.0
2060073820,0.0
2060074320,0.0
2060074330,0.0
2060074690,0.0
2060074700,0.0
2060075160,0.0
2060075170,0.0
2060075200,0.0
2060075210,0.0
2060075430,0.0
2060075440,0.0
2060075790,0.0
2060075800,0.0
2060077240,0.0
2060077250,0.0
2060077470,0.0
2060077480,0.0
2060077570,0.0
2060077580,0.0
2060077800,0.0
2060077810,0.0
2060077850,0.0
2060077860,0.0
2060077960,0.0
2060077970,0.0
2060078480,0.0
2060078490,0.0
2060078500,0.0
2060078510,0.0
2060078740,0.0
2060078750,0.0
2060999060,0.0
2060999020,0.0
2060998560,0.0
2060998600,0.0
2060999280,0.0
2060999310,0.0
2061001590,0.0
2061001580,0.0
2060078760,0.0
2060079310,0.0
2060079320,0.0
2060079450,0.0
2060079460,0.0
2060079780,0.0
2060079790,0.0
2060079970,0.0
2060079980,0.0
2060080030,0.0
2060080040,0.0
2060081250,0.0
2060081260,0.0
2060081710,0.0
2060081720,0.0
2060082130,0.0
2060082140,0.0
2060082240,0.0
2060082250,0.0
2060082660,0.0
2060082670,0.0
2060082960,0.0
2060082970,0.0
2060083000,0.0
2060083010,0.0
2060083170,0.0
2060083180,0.0
2060083580,0.0
2060083590,0.0
2060084120,0.0
2060902950,0.0
2060903020,0.0
2060904110,0.0
2060903950,0.0
2060912850,0.0
2060912860,0.0
2060914280,0.0
2060914340,0.0
2060084130,0.0
2060084310,0.0
2060084320,0.0
2060084350,0.0
2060084360,0.0
2060084590,0.0
2060084600,0.0
2060084740,0.0
2060084750,0.0
2060085480,0.0
2060085500,0.0
2060655910,0.0
2060655800,0.0
2060668450,0.0
2060668560,0.0
2060670710,0.0
2060670560,0.0
2060671950,0.0
2060672040,0.0
2060671620,0.0
2060671440,0.0
2060669710,0.0
2060669810,0.0
2060672240,0.0
2060672290,0.0
2060672780,0.0
2060672900,0.0
2060670750,0.0
2060670830,0.0
2060724600,0.0
2060724400,0.0
2060737510,0.0
2060737520,0.0
2060722820,0.0
2060722830,0.0
2060725160,0.0
2060725290,0.0
2060744210,0.0
2060744280,0.0
2060755010,0.0
2060755100,0.0
2060748870,0.0
2060748960,0.0
2060085510,0.0
2060939450,0.0
2060939520,0.0
2060943360,0.0
2060943400,0.0
2060963820,0.0
2060963890,0.0
2060962700,0.0
2060962650,0.0
2060962010,0.0
2060961970,0.0
2060962880,0.0
2060962980,0.0
2060960610,0.0
2060960690,0.0
2060960220,0.0
2060960130,0.0
2060957900,0.0
2060957820,0.0
2060950440,0.0
2060950360,0.0
2060968510,0.0
2060968610,0.0
2060968740,0.0
2060968780,0.0
2060085520,0.0
2060949840,0.0
2060949790,0.0
2060961080,0.0
2060961170,0.0
2060965640,0.0
2060965650,0.0
2060968940,0.0
2060968970,0.0
2060976470,0.0
2060976590,0.0
2060976930,0.0
2060976920,0.0
2060978580,0.0
2060978590,0.0
2060982440,0.0
2060982390,0.0
2060982530,0.0
2060982550,0.0
2060976300,0.0
2060976230,0.0
2060980030,0.0
2060979950,0.0
2060985580,0.0
2060985650,0.0
2060085530,0.0
2060807200,0.0
2060807210,0.0
2060816220,0.0
2060816210,0.0
2060817100,0.0
2060816950,0.0
2060815270,0.0
2060815210,0.0
2060808420,0.0
2060808550,0.0
2060808430,0.0
2060808330,0.0
2060807920,0.0
2060807910,0.0
2060795390,0.0
2060795380,0.0
2060807100,0.0
2060807220,0.0
2060808250,0.0
2060808200,0.0
2060808890,0.0
2060809130,0.0
2060784860,0.0
2060784990,0.0
2060778580,0.0
2060778590,0.0
2060805800,0.0
2060805950,0.0
2060768380,0.0
2060768590,0.0
2060788300,0.0
2060788240,0.0
2060085540,0.0
2060931970,0.0
2060932040,0.0
2060952920,0.0
2060952910,0.0
2060955260,0.0
2060955120,0.0
2060962040,0.0
2060962110,0.0
2060964320,0.0
2060964230,0.0
2060961520,0.0
2060961700,0.0
2060984760,0.0
2060984700,0.0
2060984320,0.0
2060984280,0.0
2060085550,0.0
2060868160,0.0
2060868040,0.0
2060868170,0.0
2060868260,0.0
2060868400,0.0
2060868410,0.0
2060868620,0.0
2060868630,0.0
2060864770,0.0
2060864880,0.0
2060864610,0.0
2060864620,0.0
2060869040,0.0
2060868950,0.0
2060870760,0.0
2060870880,0.0
2060858850,0.0
2060858790,0.0
2060883660,0.0
2060883650,0.0
2060867740,0.0
2060867620,0.0
2060884650,0.0
2060884680,0.0
2060085560,0.0
2060951670,0.0
2060951580,0.0
2060959090,0.0
2060959170,0.0
2060968590,0.0
2060968650,0.0
2060971100,0.0
2060971090,0.0
2060085570,0.0
2060737400,0.0
2060737340,0.0
2060737480,0.0
2060734280,0.0
2060734270,0.0
2060734130,0.0
2060720460,0.0
2060720310,0.0
2060085580,0.0
2060891270,0.0
2060891330,0.0
2060900790,0.0
2060900830,0.0
2060902450,0.0
2060902530,0.0
2060897760,0.0
2060897770,0.0
2060085590,0.0
2060745760,0.0
2060745630,0.0
2060745840,0.0
2060745130,0.0
2060743950,0.0
2060743870,0.0
2060744380,0.0
2060744420,0.0
2060085600,0.0
2060474570,0.0
2060474580,0.0
2060466680,0.0
2060466480,0.0
2060459920,0.0
2060459770,0.0
2060455250,0.0
2060455260,0.0
2060085610,0.0
2060085620,0.0
2060823410,0.0
2060823650,0.0
2060820030,0.0
2060820200,0.0
2060807820,0.0
2060807760,0.0
2060799090,0.0
2060799080,0.0
2060085630,0.0
2060879720,0.0
2060879580,0.0
2060879790,0.0
2060879590,0.0
2060877600,0.0
2060876880,0.0
2060876790,0.0
2060085640,0.0
2060807040,0.0
2060807190,0.0
2060807610,0.0
2060807600,0.0
2060807900,0.0
2060808040,0.0
2060776190,0.0
2060776200,0.0
2060085650,0.0
2060937600,0.0
2060937550,0.0
2060942570,0.0
2060942560,0.0
2060953610,0.0
2060953770,0.0
2060965150,0.0
2060965140,0.0
2060085660,0.0
2060925940,0.0
2060925800,0.0
2060925930,0.0
2060925990,0.0
2060930650,0.0
2060930590,0.0
2060928380,0.0
2060928540,0.0
2060085670,0.0
2060975050,0.0
2060975060,0.0
2060980630,0.0
2060980620,0.0
2060981650,0.0
2060981640,0.0
2060985070,0.0
2060985130,0.0
2060085680,0.0
2060845730,0.0
2060845740,0.0
2060846400,0.0
2060846470,0.0
2060848780,0.0
2060848900,0.0
2060851860,0.0
2060851870,0.0
2060085690,0.0
2060692420,0.0
2060692610,0.0
2060692340,0.0
2060692810,0.0
2060692800,0.0
2060692620,0.0
2060085700,0.0
2060085710,0.0
2060085720,0.0
2060806340,0.0
2060806350,0.0
2060806260,0.0
2060796320,0.0
2060794800,0.0
2060795060,0.0
2060784930,0.0
2060784870,0.0
2060085730,0.0
2060085740,0.0
2060746430,0.0
2060746340,0.0
2060742930,0.0
2060742890,0.0
2060742670,0.0
2060742620,0.0
2060737960,0.0
2060737790,0.0
2060085750,0.0
2060085760,0.0
2060085770,0.0
2060085780,0.0
2060744440,0.0
2060744500,0.0
2060742820,0.0
2060742770,0.0
2060742050,0.0
2060742010,0.0
2060746750,0.0
2060746640,0.0
2060085790,0.0
2060915630,0.0
2060915660,0.0
2060915440,0.0
2060915350,0.0
2060914970,0.0
2060914980,0.0
2060913950,0.0
2060913900,0.0
2060085800,0.0
2060923620,0.0
2060923650,0.0
2060925970,0.0
2060926040,0.0
2060928930,0.0
2060929010,0.0
2060938800,0.0
2060938790,0.0
2060085810,0.0
2060085820,0.0
2060085830,0.0
2060085840,0.0
2060085850,0.0
2060085860,0.0
2060085870,0.0
2060085880,0.0
2060085890,0.0
2060085900,0.0
2060085910,0.0
2060085920,0.0
2060085930,0.0
2060085940,0.0
2060085950,0.0
2060085960,0.0
2060085970,0.0
2060085980,0.0
2060085990,0.0
2060086000,0.0
2060086010,0.0
2060086020,0.0
2060086030,0.0
2060086040,0.0
2060086050,0.0
2060086060,0.0
2060086070,0.0
2060086080,0.0
2060086090,0.0
2060086100,0.0
2060086110,0.0
2060086120,0.0
2060086130,0.0
2060086140,0.0
2060086150,0.0
2060086160,0.0
2060086170,0.0
2060086180,0.0
2060086190,0.0
2060086200,0.0
2060086210,0.0
2060086220,0.0
2060086240,0.0
2060086260,0.0
2060086270,0.0
2060086280,0.0
2060086290,0.0
2060086300,0.0
2060086310,0.0
2060086320,0.0
2060086330,0.0
2060086340,0.0
2060086360,0.0
2060086370,0.0
2060086380,0.0
2060086390,0.0
2060086400,0.0
2060086410,0.0
2060086420,0.0
2060086430,0.0
2060086440,0.0
2060086450,0.0
2060086460,0.0
2060086470,0.0
2060086480,0.0
2060086490,0.0
2060086500,0.0
2060086510,0.0
2060086530,0.0
2060086540,0.0
2060086550,0.0
2060086560,0.0
2060086600,0.0
2060086610,0.0
2060086620,0.0
2060086630,0.0
2060086650,0.0
2060086660,0.0
2060086670,0.0
2060086690,0.0
2060086720,0.0
2060086730,0.0
2060086740,0.0
2060086750,0.0
2060086760,0.0
2060086770,0.0
2060086800,0.0
2060086810,0.0
2060086830,0.0
2060086850,0.0
2060086870,0.0
2060086880,0.0
2060086890,0.0
2060086900,0.0
2060086920,0.0
2060086930,0.0
2060086960,0.0
2060086970,0.0
2060086980,0.0
2060087000,0.0
2060087020,0.0
2060087030,0.0
2060087040,0.0
2060087090,0.0
2060087110,0.0
2060087120,0.0
2060087130,0.0
2060087140,0.0
2060087180,0.0
2060087190,0.0
2060087220,0.0
2060087240,0.0
2060087250,0.0
2060087270,0.0
2060087280,0.0
2060087290,0.0
2060087300,0.0
2060087320,0.0
2060087340,0.0
2060087350,0.0
2060087360,0.0
2060087370,0.0
2060087390,0.0
2060087400,0.0
2060087410,0.0
2060087430,0.0
2060087470,0.0
2060087490,0.0
2060087510,0.0
2060087530,0.0
2060087540,0.0
2060087550,0.0
2060087560,0.0
2060087570,0.0
2060087590,0.0
2060087620,0.0
2060087630,0.0
2060087650,0.0
2060087680,0.0
2060087710,0.0
2060087760,0.0
2060087780,0.0
2060087810,0.0
2060087830,0.0
2060087860,0.0
2060087900,0.0
2060087930,0.0
2060087960,0.0
2060087980,0.0
2060087990,0.0
2060088000,0.0
2060088040,0.0
2060088050,0.0
2060088060,0.0
2060088100,0.0
2060088110,0.0
2060088190,0.0
2060088240,0.0
2060088290,0.0
2060088340,0.0
2060088360,0.0
2060088390,0.0
2060088410,0.0
2060088440,0.0
2060088500,0.0
2060088630,0.0
2060088810,0.0
2060088830,0.0
2060088840,0.0
2060088950,0.0
2060089020,0.0
2060089070,0.0
2060089090,0.0
2060089120,0.0
2060089170,0.0
2060089260,0.0
2060089360,0.0
2060089480,0.0
2060089530,0.0
2060089540,0.0
2060089570,0.0
2060089630,0.0
2060089780,0.0
2060089820,0.0
2060089880,0.0
2060089970,0.0
2060089990,0.0
2060090040,0.0
2060090050,0.0
2060090240,0.0
2060090500,0.0
2060090540,0.0
2060090660,0.0
2060090860,0.0
2060091570,0.0
2060091640,0.0
2060092010,0.0
2060092090,0.0
2060092270,0.0
2060092370,0.0
2060092590,0.0
2060093260,0.0
2060093360,0.0
2060093370,0.0
2060093510,0.0
2060094250,0.0
2060095070,0.0
2060096210,0.0
2060096610,0.0
2060096640,0.0
2060098200,0.0
2060099470,0.0
2060100830,0.0
2060104700,0.0
9060000010,0.5051
9060000400,0.4708
9060000410,0.7873
9060000510,0.8831
9060000520,0.6181
9060000550,0.8849
9060000560,0.0
9060000570,0.946
9060000580,0.1787
9060000590,0.9703
9060045710,1.0
9060045680,1.0
9060045320,1.0
9060045350,1.0
9060044700,1.0
9060044670,1.0
9060041330,1.0
9060041260,1.0
9060040100,1.0
9060040250,1.0
9060041690,1.0
9060041830,1.0
9060039150,1.0
9060039120,1.0
9060042380,1.0
9060042260,1.0
9060042140,1.0
9060042250,1.0
9060042240,1.0
9060042340,1.0
9060049680,1.0
9060049790,1.0
9060050220,1.0
9060050340,1.0
9060050190,1.0
9060050320,1.0
9060049360,1.0
9060049280,1.0
9060042110,1.0
9060042000,1.0
9060047870,1.0
9060047860,1.0
9060000600,0.3785
9060001020,0.9942
9060066030,1.0
9060066040,1.0
9060066470,1.0
9060066480,1.0
9060071150,1.0
9060070920,1.0
9060072830,1.0
9060072930,1.0
9060001030,0.3095
9060001780,0.5739
9060001790,0.0253
9060002040,0.7948
9060002050,0.394
9060002120,0.8405
9060002130,0.5368
9060002400,0.9125
9060002410,0.391
9060002690,0.0182
9060002700,0.0978
9060002970,0.0558
9060002980,0.0
9060002990,0.3576
9060003000,0.595
9060003230,0.9771
9060003240,0.2713
9060003270,0.9106
9060086030,0.9982
9060085960,0.9859
9060083690,1.0
9060083650,1.0
9060082790,1.0
9060082820,1.0
9060082520,1.0
9060082460,1.0
9060003280,0.6687
9060003610,0.6682
9060097840,0.9716
9060097930,0.9561
9060098700,0.9817
9060098750,0.9938
9060098200,1.0
9060098130,1.0
9060099200,1.0
9060099220,1.0
9060003620,0.7035
9060003770,0.9582
9060003780,0.6032
9060004080,0.6949
9060004090,0.6745
9060004250,0.6916
9060004260,0.7541
9060004290,0.5392
9060004300,0.6274
9060004410,0.8864
9060004420,0.7906
9060004590,0.9807
9060004600,0.8967
9060004770,0.9962
9060004780,0.632
9060005230,0.7529
9060005240,0.861
9060005280,0.1223
9060005290,0.9973
9060005300,0.8341
9060005350,0.9768
9060005360,1.0
9060005370,1.0
9060005380,0.8482
9060005630,1.0
9060005640,0.9973
9060005760,1.0
9060124670,1.0
9060124640,1.0
9060124820,1.0
9060124850,1.0
9060124860,1.0
9060124870,1.0
9060122000,1.0
9060121950,1.0
9060005770,0.8911
9060005880,1.0
9060005890,0.9187
9060006010,1.0
9060006020,0.8337
9060006240,0.9896
9060006250,0.8451
9060006430,1.0
9060006440,0.9445
9060006450,1.0
9060006460,0.8743
9060006550,1.0
9060006560,0.5383
9060006570,1.0
9060006580,0.4185
9060007250,0.7628
9060007260,0.0285
9060007310,0.8996
9060007320,0.7735
9060007510,0.984
9060007520,0.6464
9060007570,0.9994
9060007580,0.5114
9060007930,0.9292
9060007940,0.9689
9060007950,0.4426
9060008450,0.9888
9060008460,0.3987
9060008490,0.9791
9060008500,0.1971
9060008590,0.9347
9060008600,0.3297
9060009250,0.5469
9060009260,0.0358
9060009300,0.929
9060009310,0.0155
9060009880,0.9502
9060120760,1.0
9060120830,1.0
9060120590,1.0
9060120560,1.0
9060118480,1.0
9060118520,1.0
9060118610,1.0
9060118590,1.0
9060009890,0.1915
9060010370,0.3517
9060010410,0.9946
9060109660,1.0
9060109730,1.0
9060111590,1.0
9060111620,1.0
9060103730,1.0
9060103700,1.0
9060103260,1.0
9060103220,1.0
9060010430,0.5928
9060010550,0.9854
9060100080,1.0
9060100020,1.0
9060100090,1.0
9060100030,1.0
9060097020,1.0
9060096990,1.0
9060094910,1.0
9060094850,1.0
9060094780,1.0
9060094730,1.0
9060098410,1.0
9060098480,1.0
9060092650,1.0
9060092570,1.0
9060092400,1.0
9060092340,1.0
9060101230,1.0
9060101270,1.0
9060101310,1.0
9060101360,1.0
9060091390,1.0
9060091450,1.0
9060089660,1.0
9060089740,1.0
9060010560,0.1747
9060010670,0.2845
9060010680,0.5734
9060011090,0.9992
9060011100,0.8026
9060011220,0.7022
9060082000,0.9995
9060081990,0.7197
9060079140,1.0
9060079120,1.0
9060078520,1.0
9060078540,1.0
9060077450,1.0
9060077430,1.0
9060011230,0.1609
9060011510,1.0
9060011530,0.6418
9060011740,1.0
9060068800,1.0
9060068750,1.0
9060067310,1.0
9060067440,1.0
9060062570,1.0
9060062530,1.0
9060064600,1.0
9060064650,1.0
9060011750,0.9227
9060012040,1.0
9060058710,1.0
9060058730,1.0
9060059680,1.0
9060059780,1.0
9060058900,1.0
9060058850,1.0
9060060390,1.0
9060060320,1.0
9060012050,0.9975
9060013160,1.0
9060013170,0.7962
9060013730,0.434
9060013740,0.2145
9060013750,0.8743
9060013760,0.0704
9060013770,0.9662
9060013780,0.6684
9060014800,0.9578
9060031700,0.8158
9060031800,1.0
9060028750,1.0
9060028670,0.9972
9060027250,1.0
9060027210,1.0
9060033590,1.0
9060033490,1.0
9060014810,0.4554
9060015210,0.7202
9060023990,0.9363
9060024060,0.9998
9060024340,0.8709
9060024350,0.9958
9060035910,1.0
9060035990,1.0
9060034940,1.0
9060034860,1.0
9060015220,0.1514
9060015410,0.8388
9060015420,0.6708
9060015550,0.9715
9060015560,0.339
9060015650,0.9152
9060015660,0.1612
9060015710,0.9417
9060015720,0.9818
9060016100,0.9913
9060016110,0.7406
9060016420,0.8608
9060016430,0.2789
9060017060,0.5701
9060017070,0.2694
9060017100,0.9238
9060017110,0.8794
9060017140,0.8362
9060017150,0.1052
9060017460,0.8266
9060030410,1.0
9060030450,1.0
9060030200,1.0
9060030270,1.0
9060028080,1.0
9060028060,1.0
9060027360,1.0
9060027400,1.0
9060017470,0.4657
9060017740,0.0414
9060018060,0.2541
9060018370,0.0
9060018400,0.4079
7060000010,0.0
7060000240,0.0
7060000250,0.0
7060001220,0.0
7060001230,0.0
7060001650,0.0
7060001660,0.0
7060002340,0.0
7060002350,0.0
7060002400,0.0
7060002410,0.0
7060002700,0.0
7060002710,0.0
7060003000,0.0
7060003010,0.0
7060003050,0.0
7060003060,0.0
7060003100,0.0
7060003110,0.0
7060003300,0.0
7060003310,0.0
7060004210,0.0
7060004220,0.0
7060004660,0.0
7060004670,0.0
7060004790,0.0
7060004800,0.0
7060004990,0.0
7060005000,0.0
7060005140,0.0
7060005150,0.0
7060005220,0.0
7060005230,0.0
7060005410,0.0
7060847740,0.0
7060847750,0.0
7060849630,0.0
7060849640,0.0
7060854440,0.0
7060854410,0.0
7060851700,0.0
7060851630,0.0
7060005420,0.0
7060005730,0.0
7060005740,0.0
7060005800,0.0
7060005810,0.0
7060005980,0.0
7060005990,0.0
7060006250,0.0
7060006260,0.0
7060006390,0.0
7060823010,0.0
7060822930,0.0
7060826790,0.0
7060826810,0.0
7060829810,0.0
7060829830,0.0
7060831470,0.0
7060831510,0.0
7060006400,0.0
7060006420,0.0
7060006430,0.0
7060006510,0.0
7060006520,0.0
7060006580,0.0
7060006590,0.0
7060006630,0.0
7060006640,0.0
7060006740,0.0
7060006750,0.0
7060006910,0.0
7060006920,0.0
7060007000,0.0
7060007010,0.0
7060007210,0.0
7060007220,0.0
7060007380,0.0
7060794900,0.0
7060794890,0.0
7060789780,0.0
7060789690,0.0
7060789710,0.0
7060789730,0.0
7060790490,0.0
7060790500,0.0
7060007390,0.0
7060007830,0.0
7060768530,0.0
7060768540,0.0
7060767930,0.0
7060767880,0.0
7060763700,0.0
7060763760,0.0
7060770580,0.0
7060770570,0.0
7060007840,0.0
7060008110,0.0
7060008130,0.0
7060008150,0.0
7060008160,0.0
7060008340,0.0
7060008350,0.0
7060008450,0.0
7060008460,0.0
7060008710,0.0
7060707810,0.0
7060707710,0.0
7060706120,0.0
7060706220,0.0
7060675400,0.0
7060675410,0.0
7060696810,0.0
7060696750,0.0
7060695610,0.0
7060695490,0.0
7060693990,0.0
7060694070,0.0
7060694150,0.0
7060694250,0.0
7060696820,0.0
7060696970,0.0
7060690970,0.0
7060690850,0.0
7060702370,0.0
7060702450,0.0
7060633600,0.0
7060633430,0.0
7060667020,0.0
7060667030,0.0
7060626220,0.0
7060626100,0.0
7060662960,0.0
7060662970,0.0
7060620580,0.0
7060620790,0.0
7060621130,0.0
7060621250,0.0
7060657250,0.0
7060657240,0.0
7060702590,0.0
7060702460,0.0
7060629520,0.0
7060629700,0.0
7060627570,0.0
7060627380,0.0
7060580200,0.0
7060580030,0.0
7060632220,0.0
7060632150,0.0
7060639920,0.0
7060639670,0.0
7060653630,0.0
7060653540,0.0
7060608130,0.0
7060607990,0.0
7060662440,0.0
7060662290,0.0
7060668200,0.0
7060668050,0.0
7060607590,0.0
7060607440,0.0
7060585120,0.0
7060585110,0.0
7060618200,0.0
7060618130,0.0
7060569390,0.0
7060569290,0.0
7060619360,0.0
7060619590,0.0
7060619150,0.0
7060619370,0.0
7060563440,0.0
7060563580,0.0
7060539540,0.0
7060539340,0.0
7060538950,0.0
7060538960,0.0
7060552010,0.0
7060552020,0.0
7060549460,0.0
7060549350,0.0
7060526960,0.0
7060527230,0.0
7060508350,0.0
7060508340,0.0
7060008720,0.0
7060010500,0.0
7060010510,0.0
7060010540,0.0
7060010550,0.0
7060010650,0.0
7060010660,0.0
7060010820,0.0
7060010830,0.0
7060011220,0.0
7060011230,0.0
7060011530,0.0
7060011540,0.0
7060011850,0.0
7060011860,0.0
7060012090,0.0
7060012100,0.0
7060012230,0.0
7060012240,0.0
7060012270,0.0
7060012280,0.0
7060012590,0.0
7060012600,0.0
7060012950,0.0
7060012960,0.0
7060013170,0.0
7060013180,0.0
7060013550,0.0
7060587960,0.0
7060588070,0.0
7060587130,0.0
7060587260,0.0
7060574760,0.0
7060574630,0.0
7060598590,0.0
7060598410,0.0
7060570620,0.0
7060570240,0.0
7060569580,0.0
7060569840,0.0
7060603670,0.0
7060603720,0.0
7060617620,0.0
7060617820,0.0
7060548690,0.0
7060548610,0.0
7060531120,0.0
7060530980,0.0
7060521470,0.0
7060521410,0.0
7060515830,0.0
7060515720,0.0
7060013560,0.0
7060014040,0.0
7060014050,0.0
7060014200,0.0
7060511270,0.0
7060511360,0.0
7060496450,0.0
7060496400,0.0
7060494970,0.0
7060495280,0.0
7060476350,0.0
7060476020,0.0
7060014210,0.0
7060014250,0.0
7060014340,0.0
7060014350,0.0
7060014440,0.0
7060014450,0.0
7060014520,0.0
7060014530,0.0
7060014800,0.0
7060014810,0.0
7060014930,0.0042
7060394690,0.0035
7060394680,0.0
7060395190,0.0
7060395340,0.0
7060392060,0.0
7060392390,0.0
7060390130,0.0
7060390420,0.0
7060386560,0.0
7060386330,0.0
7060382280,0.0
7060382460,0.0
7060379430,0.0
7060379310,0.0
7060377370,0.0
7060377730,0.0
7060368100,0.0
7060367960,0.0
7060369150,0.0
7060369340,0.0
7060362660,0.0
7060362510,0.0
7060372710,0.0
7060372820,0.0
7060345990,0.0038
7060345900,0.0229
7060381890,0.0
7060381900,0.0
7060388580,0.0
7060388740,0.0
7060330710,0.0
7060330630,0.0
7060329370,0.0
7060329490,0.0
7060402830,0.0
7060402940,0.0
7060334780,0.0
7060334790,0.0
7060438790,0.0
7060438780,0.0
7060405050,0.0
7060405220,0.0
7060444390,0.0
7060444490,0.0
7060445160,0.0
7060445150,0.0
7060305410,0.0
7060305280,0.0
7060408080,0.0
7060408090,0.0
7060298300,0.0
7060298200,0.0926
7060295790,0.0
7060295800,0.0
7060421620,0.0
7060421730,0.0
7060466690,0.0
7060466540,0.0
7060289980,0.0
7060289830,0.0354
7060327640,0.0
7060327530,0.0
7060468880,0.0
7060468670,0.0
7060472220,0.0
7060472210,0.0
7060347990,0.0
7060348000,0.0013
7060223480,0.3333
7060223370,0.1918
7060301180,0.0
7060301390,0.0026
7060234190,0.2958
7060234330,0.1396
7060461980,0.0
7060461870,0.0
7060361000,0.0
7060361120,0.0
7060290130,0.0256
7060290340,0.0
7060360890,0.0
7060361010,0.0
7060245930,0.1629
7060246020,0.0
7060446380,0.0
7060446330,0.0
7060256650,0.0175
7060256810,0.0706
7060014940,0.0
7060015090,0.0
7060015100,0.0053
7060015900,0.0345
7060015910,0.0
7060016000,0.0
7060016010,0.0
7060016090,0.0415
7060016100,0.0114
7060016260,0.0512
7060274850,0.0163
7060274860,0.0
7060269780,0.0
7060269970,0.0
7060261880,0.0
7060261890,0.0
7060263330,0.0
7060263190,0.0458
7060234050,0.011
7060234040,0.0292
7060257410,0.0146
7060257320,0.044
7060192750,0.0
7060192890,0.0
7060177910,0.0
7060177760,0.0
7060178710,0.0
7060178720,0.0
7060174580,0.0
7060174590,0.0
7060174110,0.0
7060173970,0.0
7060176450,0.0
7060176340,0.0
7060171990,0.0
7060171730,0.0521
7060174770,0.0822
7060174890,0.0
7060174100,0.0004
7060174230,0.0
7060190090,0.0253
7060190200,0.0221
7060016270,0.1282
7060016850,0.2671
7060016860,0.0961
7060017140,0.259
7060017150,0.1301
7060017930,0.1287
7060017940,0.1523
7060018020,0.0169
7060018030,0.0773
7060018590,0.3138
7060018600,0.1891
7060018610,0.2785
7060018620,0.0413
7060018780,0.0884
7060018790,0.045
7060018950,0.0876
7060018960,0.0
7060019010,0.1037
7060163190,0.0
7060163080,0.1521
7060162660,0.0771
7060162570,0.0228
7060148380,0.0346
7060148370,0.0079
7060140470,0.0087
7060140620,0.0286
7060019020,0.0157
7060019190,0.0949
7060019200,0.1406
7060019440,0.5544
7060019450,0.0945
7060019800,0.3679
7060019810,0.0002
7060019840,0.3353
7060019850,0.0
7060019970,0.2671
7060019980,0.0325
7060020090,0.1894
7060123570,0.2654
7060123580,0.2049
7060108080,0.0124
7060108050,0.0
7060108990,0.0
7060108980,0.024
7060111430,0.0
7060111530,0.0
7060020100,0.386
7060020430,0.4419
7060020440,0.177
7060020500,0.0982
7060020510,0.5085
7060020680,0.5721
7060020690,0.3566
7060020780,0.2459
7060020790,0.3895
7060021430,0.0
7060021550,0.0
7060021560,0.0
7060021620,0.0
7060099500,0.0
7060099390,0.0
7060100460,0.0
7060100540,0.0
7060108890,0.0
7060108930,0.0
7060112450,0.0
7060112520,0.0
7060021630,0.0
7060021690,0.0
7060021700,0.0
7060021740,0.0
7060114060,0.0
7060114090,0.0
7060121810,0.0
7060121920,0.0
7060123710,0.0
7060123800,0.0
7060130660,0.0
7060130730,0.0
7060142810,0.0
7060142610,0.0
7060135300,0.0
7060135250,0.0
7060145540,0.0
7060145630,0.0
7060117980,0.0
7060118090,0.0
7060139360,0.0
7060139370,0.0
7060114740,0.0
7060114730,0.0
7060140020,0.0
7060140080,0.0
7060137710,0.0
7060137570,0.0
7060134520,0.0
7060134420,0.0
7060144640,0.0
7060144740,0.0
7060161120,0.0
7060161180,0.0
7060165930,0.0
7060166020,0.0
7060168960,0.0
7060169010,0.0
7060170490,0.0
7060170140,0.0
7060113180,0.0
7060113260,0.0
7060166730,0.0
7060166920,0.0
7060021750,0.0
7060022240,0.0
7060132960,0.0
7060132870,0.0
7060134100,0.0
7060134090,0.0
7060159850,0.0
7060159950,0.0
7060192430,0.0
7060192440,0.0
7060192420,0.0
7060192560,0.0
7060206680,0.0
7060206690,0.0
7060214380,0.0
7060214090,0.0
7060219980,0.0
7060220090,0.0
7060224340,0.0
7060224350,0.0
7060192820,0.0
7060192810,0.0
7060230950,0.0
7060231030,0.0
7060250980,0.0
7060250990,0.0
7060245400,0.0
7060245390,0.0
7060179770,0.0
7060179920,0.0
7060177100,0.0
7060177090,0.0
7060284070,0.0
7060284240,0.0
7060235410,0.0
7060235660,0.0
7060179090,0.0
7060179080,0.0
7060276840,0.0
7060277090,0.0
7060302030,0.0
7060302170,0.0
7060306440,0.0
7060306430,0.0
7060199390,0.0
7060199540,0.0
7060201290,0.0
7060201280,0.0
7060194860,0.0
7060194980,0.0
7060334030,0.0
7060334190,0.0
7060289500,0.0
7060289200,0.0
7060284140,0.0
7060284060,0.0
7060290680,0.0
7060290770,0.0
7060356710,0.0
7060356500,0.0
7060318020,0.0
7060318150,0.0
7060317700,0.0
7060317870,0.0
7060212920,0.0
7060213040,0.0
7060314930,0.0
7060314820,0.0
7060269450,0.0
7060269280,0.0
7060217900,0.0
7060226990,0.0
7060217780,0.0
7060227100,0.0
7060314180,0.0
7060314300,0.0
7060316050,0.0
7060316210,0.0
7060208410,0.0
7060208540,0.0
7060263820,0.0
7060263970,0.0
7060184430,0.0
7060184580,0.0
7060263060,0.0
7060262850,0.0
7060264520,0.0
7060264650,0.0
7060260120,0.0
7060260000,0.0
7060300250,0.0
7060300390,0.0
7060256540,0.0
7060256690,0.0
7060259190,0.0
7060259200,0.0
7060282770,0.0
7060282720,0.0086
7060242880,0.0
7060242640,0.0
7060202930,0.0093
7060203140,0.0484
7060224630,0.0
7060224750,0.0
7060224740,0.0
7060224620,0.0062
7060022250,0.0
7060022270,0.0
7060129240,0.0
7060129300,0.0
7060133990,0.0
7060133910,0.0
7060137410,0.0
7060137520,0.0
7060146980,0.0
7060147190,0.0
7060157540,0.0
7060157640,0.0
7060162040,0.0
7060161960,0.0
7060163620,0.0
7060163780,0.0
7060171020,0.0
7060171100,0.0
7060022280,0.0
7060022840,0.0
7060136230,0.0
7060136320,0.0
7060146310,0.0
7060146370,0.0
7060151610,0.0
7060151690,0.0
7060191640,0.0
7060191700,0.0
7060022850,0.0
7060023220,0.0
7060150030,0.0
7060149790,0.0
7060152640,0.0
7060152650,0.0
7060168790,0.0
7060168780,0.0
7060175260,0.0
7060175330,0.0
7060023230,0.0
7060023450,0.0
7060023460,0.0
7060023470,0.0
7060023480,0.0
7060023720,0.0
7060023730,0.0
7060023850,0.0
7060023860,0.0
7060023960,0.0
7060023970,0.0
7060024030,0.0
7060200040,0.0
7060199890,0.0
7060197200,0.0
7060197330,0.0
7060222910,0.0
7060223010,0.0
7060233450,0.0
7060233240,0.0
7060024040,0.0
7060024100,0.0
7060024110,0.0
7060024290,0.0
7060220180,0.0
7060220300,0.0
7060241270,0.0
7060241310,0.0
7060251370,0.0
7060251360,0.0
7060255600,0.0
7060255780,0.0
7060257090,0.0
7060257230,0.0
7060270660,0.0
7060270810,0.0
7060270960,0.0
7060271090,0.0
7060237380,0.0
7060237270,0.0
7060243120,0.0
7060243020,0.0
7060250850,0.0
7060251010,0.0
7060254310,0.0
7060254300,0.0
7060245620,0.0
7060245440,0.0
7060024300,0.0
7060024580,0.0
7060252580,0.0
7060252700,0.0
7060262320,0.0
7060262150,0.0
7060284470,0.0
7060284520,0.0
7060287970,0.0
7060287980,0.0
7060024590,0.0
7060024600,0.0
7060024610,0.0
7060024620,0.0
7060024660,0.0
7060024670,0.0
7060024680,0.0
7060024690,0.0
7060024730,0.0
7060024740,0.0
7060024830,0.0
7060252330,0.0
7060252480,0.0
7060284340,0.0
7060284350,0.0
7060295550,0.0
7060295390,0.0
7060319640,0.0
7060319800,0.0
7060024840,0.0
7060024890,0.0
7060244280,0.0
7060244230,0.0
7060245300,0.0
7060245520,0.0
7060253350,0.0
7060253490,0.0
7060256760,0.0
7060256770,0.0
7060024900,0.0
7060025090,0.0
7060220780,0.0
7060220600,0.0
7060221070,0.0
7060220950,0.0
7060228720,0.0
7060228380,0.0
7060227150,0.0
7060227160,0.0
7060025100,0.0
7060025560,0.0
7060184130,0.0
7060184050,0.0
7060185140,0.0
7060185280,0.0
7060184500,0.0
7060184650,0.0
7060178410,0.0
7060178270,0.0
7060025570,0.0
7060025860,0.0
7060150240,0.0
7060150330,0.0
7060147220,0.0
7060147110,0.0
7060155100,0.0
7060154870,0.0
7060148740,0.0
7060148930,0.0
7060025870,0.0
7060026040,0.0
7060026050,0.0
7060026200,0.0
7060026210,0.0
7060026360,0.0
7060026370,0.0
7060026460,0.0
7060026470,0.0
7060026580,0.0
7060026590,0.0
7060026650,0.0
7060026660,0.0
7060026740,0.0
7060026750,0.0
7060026840,0.0
7060026850,0.0
7060027040,0.0
7060027050,0.0
7060027290,0.0
7060027300,0.0
7060027400,0.0
7060027410,0.0
7060027430,0.0
7060028070,0.0
7060093380,0.0
7060093370,0.0
7060093620,0.0
7060093650,0.0
7060093860,0.0
7060093830,0.0
7060096520,0.0
7060096470,0.0
7060028080,0.0
7060028410,0.0
7060102690,0.0
7060102570,0.0
7060105150,0.0
7060105110,0.0
7060107620,0.0
7060107570,0.0
7060109290,0.0
7060109330,0.0
7060028420,0.0
7060028670,0.0
7060112210,0.0
7060112130,0.0
7060113160,0.0
7060113240,0.0
7060115800,0.0
7060115860,0.0
7060121880,0.0
7060121890,0.0
7060120870,0.0
7060120880,0.0
7060143720,0.0
7060143810,0.0
7060137470,0.0
7060137460,0.0
7060156430,0.0
7060156440,0.0
7060028680,0.0
7060028740,0.0
7060028750,0.0
7060028790,0.0
7060028800,0.0
7060028840,0.0
7060028850,0.0
7060028900,0.0
7060028910,0.0
7060029000,0.0
7060106280,0.0
7060106320,0.0
7060114610,0.0
7060114600,0.0
7060121180,0.0
7060121090,0.0
7060136810,0.0
7060136860,0.0
7060029010,0.0
7060029460,0.0
7060030200,0.0
7060030210,0.0
7060030400,0.0
7060030410,0.0
7060030440,0.0
7060030450,0.0
7060030510,0.0
7060030520,0.0
7060030610,0.0
7060030620,0.0
7060030660,0.0
7060030670,0.0
7060030870,0.0
7060030880,0.0
7060030940,0.0
7060030950,0.0
7060031660,0.0
7060031670,0.0
7060031710,0.0
7060195660,0.0
7060195540,0.0
7060187940,0.0
7060187840,0.0
7060179020,0.0
7060179010,0.0
7060198080,0.0
7060197970,0.0
7060031720,0.0
7060032050,0.0
7060032060,0.0
7060032070,0.0
7060032080,0.0
7060032690,0.0
7060032700,0.0
7060032800,0.0
7060032810,0.0
7060032940,0.0
7060032950,0.0
7060033110,0.0
7060033120,0.0
7060033180,0.0
7060033190,0.0
7060033390,0.0
7060033400,0.0
7060033440,0.0
7060033450,0.0
7060033460,0.0
7060033470,0.0
7060033480,0.0
7060033690,0.0
7060033700,0.0
7060034000,0.0
7060293910,0.0
7060293920,0.0
7060271330,0.0
7060271320,0.0
7060252360,0.0
7060252370,0.0
7060239430,0.0
7060239440,0.0
7060034010,0.0
7060034100,0.0
7060034110,0.0
7060034330,0.0
7060320860,0.0
7060321100,0.0
7060314650,0.0
7060314560,0.0
7060314550,0.0
7060314420,0.0
7060293370,0.0
7060293380,0.0
7060034340,0.0
7060034520,0.0
7060374800,0.0
7060374950,0.0
7060377200,0.0
7060377320,0.0
7060380380,0.0
7060380530,0.0
7060382790,0.0
7060382860,0.0
7060360220,0.0
7060360130,0.0
7060393220,0.0
7060393390,0.0
7060402320,0.0
7060402430,0.0
7060341270,0.0
7060341150,0.0
7060338280,0.0
7060338230,0.0
7060334690,0.0
7060334580,0.0
7060398580,0.0
7060398520,0.0
7060400760,0.0
7060400540,0.0
7060400520,0.0
7060400660,0.0
7060434140,0.0
7060434190,0.0
7060439780,0.0
7060439770,0.0
7060388700,0.0
7060388530,0.0
7060387450,0.0
7060387700,0.0
7060386900,0.0
7060386520,0.0
7060450680,0.0
7060450950,0.0
7060453370,0.0
7060453430,0.0
7060356130,0.0
7060356140,0.0
7060354140,0.0
7060354130,0.0
7060474840,0.0
7060475060,0.0
7060343940,0.0
7060343930,0.0
7060343150,0.0
7060343060,0.0
7060334070,0.0
7060334080,0.0
7060498570,0.0
7060498700,0.0
7060494360,0.0
7060494540,0.0
7060490010,0.0
7060489890,0.0
7060344050,0.0
7060343960,0.0
7060481890,0.0
7060481800,0.0
7060480440,0.0
7060480630,0.0
7060446640,0.0
7060446550,0.0
7060431350,0.0
7060431340,0.0
7060426310,0.0
7060426320,0.0
7060422540,0.0
7060422720,0.0
7060419920,0.0
7060419750,0.0
7060433760,0.0
7060433870,0.0
7060414930,0.0
7060414850,0.0
7060399420,0.0
7060399240,0.0
7060396220,0.0
7060396070,0.0
7060400750,0.0
7060400650,0.0
7060456060,0.0
7060456100,0.0
7060455940,0.0
7060456090,0.0
7060392650,0.0
7060392520,0.0
7060450440,0.0
7060450170,0.0
7060384130,0.0
7060383830,0.0
7060379040,0.0
7060378910,0.0
7060363950,0.0
7060363960,0.0
7060359070,0.0
7060358930,0.0
7060398060,0.0
7060398190,0.0
7060399650,0.0
7060399530,0.0
7060347420,0.0
7060347220,0.0
7060345330,0.0
7060345050,0.0
7060343690,0.0
7060343600,0.0
7060343680,0.0
7060343590,0.0
7060424420,0.0
7060424410,0.0
7060411100,0.0
7060411200,0.0
7060414400,0.0
7060414120,0.0
7060434930,0.0
7060435070,0.0
7060437180,0.0
7060437290,0.0
7060337970,0.0
7060337870,0.0
7060331850,0.0
7060331860,0.0
7060447540,0.0
7060447550,0.0
7060335300,0.0
7060335180,0.0
7060450160,0.0
7060450430,0.0
7060453930,0.0
7060453940,0.0
7060437890,0.0
7060438060,0.0
7060481280,0.0
7060481290,0.0
7060343580,0.0
7060343660,0.0
7060345310,0.0
7060345190,0.0
7060346350,0.0
7060346460,0.0
7060293660,0.0
7060293670,0.0
7060293560,0.0
7060293450,0.0
7060288450,0.0
7060288400,0.0
7060361320,0.0
7060361190,0.0
7060034530,0.0
7060034570,0.0
7060034580,0.0
7060034790,0.0
7060034800,0.0
7060034860,0.0
7060034870,0.0
7060035320,0.0
7060035330,0.0
7060035360,0.0
7060035370,0.0
7060035470,0.0
7060035480,0.0
7060035860,0.0
7060035870,0.0
7060037340,0.0
7060037350,0.0
7060037690,0.0
7060037700,0.0
7060037890,0.0
7060037900,0.0
7060038180,0.0
7060038190,0.0
7060038320,0.0
7060390740,0.0
7060390750,0.0
7060364000,0.0
7060363990,0.0
7060363040,0.0
7060363050,0.0
7060355150,0.0
7060355260,0.0
7060038330,0.0
7060038340,0.0
7060038810,0.0
7060038820,0.0
7060038980,0.0
7060038990,0.0
7060039060,0.0
7060039070,0.0
7060039160,0.0
7060039170,0.0
7060039620,0.0
7060039630,0.0
7060039870,0.0
7060493120,0.0
7060493000,0.0
7060471150,0.0
7060471140,0.0
7060467060,0.0
7060467130,0.0
7060457790,0.0
7060457640,0.0
7060039880,0.0
7060039920,0.0
7060039930,0.0
7060039990,0.0
7060040000,0.0
7060040360,0.0
7060040370,0.0
7060040790,0.0
7060040800,0.0
7060041050,0.0
7060530520,0.0
7060530380,0.0
7060519270,0.0
7060519280,0.0
7060491800,0.0
7060492010,0.0
7060488320,0.0
7060488160,0.0
7060041060,0.0
7060041400,0.0
7060559710,0.0
7060559650,0.0
7060557610,0.0
7060557800,0.0
7060550230,0.0
7060550350,0.0
7060552560,0.0
7060552690,0.0
7060041410,0.0
7060041650,0.0
7060041660,0.0
7060041820,0.0
7060041830,0.0
7060041900,0.0
7060041910,0.0
7060041920,0.0
7060041930,0.0
7060042040,0.0
7060042240,0.0
7060042250,0.0
7060042310,0.0
7060042320,0.0
7060042740,0.0
7060042750,0.0
7060042940,0.0
7060042950,0.0
7060043090,0.0
7060689970,0.0
7060689850,0.0
7060687750,0.0
7060687690,0.0
7060684690,0.0
7060684850,0.0
7060656490,0.0
7060656440,0.0
7060043100,0.0
7060043160,0.0
7060686950,0.0
7060686940,0.0
7060669120,0.0
7060669130,0.0
7060661260,0.0
7060661200,0.0
7060656320,0.0
7060656220,0.0
7060043170,0.0
7060043500,0.0
7060043510,0.0
7060043640,0.0
7060724490,0.0
7060724640,0.0
7060723420,0.0
7060723190,0.0
7060723900,0.0
7060724010,0.0
7060694040,0.0
7060693970,0.0
7060043650,0.0
7060043860,0.0
7060043870,0.0
7060044350,0.0
7060044360,0.0
7060044770,0.0
7060044780,0.0
7060044860,0.0
7060044870,0.0
7060045410,0.0
7060045420,0.0
7060045480,0.0
7060045490,0.0
7060045890,0.0
7060757700,0.0
7060757750,0.0
7060746040,0.0
7060746030,0.0
7060723400,0.0
7060723410,0.0
7060714730,0.0
7060714720,0.0
7060045900,0.0
7060046130,0.0
7060046140,0.0
7060046320,0.0
7060046330,0.0
7060046390,0.0
7060046400,0.0
7060046460,0.0
7060046470,0.0
7060046590,0.0
7060739170,0.0
7060739180,0.0
7060713890,0.0
7060713800,0.0
7060712110,0.0
7060712030,0.0
7060715800,0.0
7060715790,0.0
7060697240,0.0
7060697250,0.0
7060712470,0.0
7060712410,0.0
7060690760,0.0
7060690750,0.0
7060676360,0.0
7060676410,0.0
7060046600,0.0
7060046750,0.0
7060046780,0.0
7060046790,0.0
7060046850,0.0
7060046860,0.0
7060046870,0.0
7060046880,0.0
7060046900,0.0
7060046910,0.0
7060047060,0.0
7060741770,0.0
7060741760,0.0
7060736840,0.0
7060736850,0.0
7060736110,0.0
7060736120,0.0
7060735140,0.0
7060735130,0.0
7060729580,0.0
7060729590,0.0
7060724080,0.0
7060724090,0.0
7060724920,0.0
7060724930,0.0
7060721140,0.0
7060721150,0.0
7060715630,0.0
7060715640,0.0
7060727830,0.0
7060727840,0.0
7060718510,0.0
7060718500,0.0
7060712340,0.0
7060712260,0.0
7060698850,0.0
7060698800,0.0
7060699710,0.0
7060699700,0.0
7060686540,0.0
7060686450,0.0
7060682360,0.0
7060682120,0.0
7060679700,0.0
7060679710,0.0
7060689810,0.0
7060689550,0.0
7060668390,0.0
7060668250,0.0
7060666880,0.0
7060666670,0.0
7060660530,0.0
7060660610,0.0
7060655590,0.0
7060655510,0.0
7060647770,0.0
7060647780,0.0
7060655770,0.0
7060655900,0.0
7060645680,0.0
7060645560,0.0
7060639390,0.0
7060639300,0.0
7060650970,0.0
7060650960,0.0
7060631790,0.0
7060631800,0.0
7060683890,0.0
7060683900,0.0
7060649910,0.0
7060649900,0.0
7060612840,0.0
7060612640,0.0
7060653440,0.0
7060653580,0.0
7060642090,0.0
7060642080,0.0
7060641910,0.0
7060641790,0.0
7060606110,0.0
7060606190,0.0
7060610760,0.0
7060610850,0.0
7060609780,0.0
7060609610,0.0
7060599260,0.0
7060599170,0.0
7060626430,0.0
7060626330,0.0
7060632870,0.0
7060632730,0.0
7060683610,0.0
7060683600,0.0
7060589890,0.0
7060589830,0.0
7060621060,0.0
7060620890,0.0
7060594340,0.0
7060594240,0.0
7060617740,0.0
7060617540,0.0
7060679070,0.0
7060679160,0.0
7060678990,0.0
7060678900,0.0
7060591790,0.0
7060591780,0.0
7060638810,0.0
7060638690,0.0
7060579820,0.0
7060579830,0.0
7060624370,0.0
7060624500,0.0
7060591570,0.0
7060591460,0.0
7060569640,0.0
7060569650,0.0
7060622710,0.0
7060622700,0.0
7060677450,0.0
7060677370,0.0
7060579260,0.0
7060579270,0.0
7060637750,0.0
7060637840,0.0
7060566040,0.0
7060566090,0.0
7060674750,0.0
7060674630,0.0
7060573670,0.0
7060573680,0.0
7060632180,0.0
7060632290,0.0
7060579990,0.0
7060579800,0.0
7060573000,0.0
7060573090,0.0
7060540990,0.0
7060540820,0.0
7060574920,0.0
7060575000,0.0
7060533210,0.0
7060533070,0.0
7060631120,0.0
7060631300,0.0
7060531330,0.0
7060531210,0.0
7060611580,0.0
7060611510,0.0
7060565330,0.0
7060565660,0.0
7060572690,0.0
7060572890,0.0
7060527530,0.0
7060527470,0.0
7060511950,0.0
7060512060,0.0
7060613610,0.0
7060613780,0.0
7060556270,0.0
7060556150,0.0
7060585430,0.0
7060585540,0.0
7060507040,0.0
7060506940,0.0
7060508820,0.0
7060508690,0.0
7060502840,0.0
7060503090,0.0
7060562310,0.0
7060562230,0.0
7060602480,0.0
7060602590,0.0
7060502970,0.0
7060503080,0.0
7060514260,0.0
7060514270,0.0
7060650450,0.0
7060650370,0.0
7060612900,0.0
7060612660,0.0
7060500660,0.0
7060500890,0.0
7060562140,0.0
7060562040,0.0
7060647890,0.0
7060647900,0.0
7060559140,0.0
7060559080,0.0
7060640560,0.0
7060640420,0.0
7060483120,0.0
7060483020,0.0
7060571990,0.0
7060571810,0.0
7060475160,0.0
7060475010,0.0
7060465780,0.0
7060465790,0.0
7060474550,0.0
7060474480,0.0
7060543790,0.0
7060543580,0.0
7060473380,0.0
7060473370,0.0
7060651710,0.0
7060651590,0.0
7060638230,0.0
7060638110,0.0
7060586890,0.0
7060587030,0.0
7060464320,0.0
7060464200,0.0
7060540960,0.0
7060541090,0.0
7060560490,0.0
7060560580,0.0
7060569090,0.0
7060568950,0.0
7060587790,0.0
7060587910,0.0
7060563320,0.0
7060563480,0.0
7060527750,0.0
7060527760,0.0
7060643680,0.0
7060643600,0.0
7060579680,0.0
7060579690,0.0
7060429630,0.0
7060429560,0.0
7060580820,0.0
7060580930,0.0
7060514640,0.0
7060514490,0.0
7060558980,0.0
7060558770,0.0
7060555650,0.0
7060555510,0.0
7060585700,0.0
7060585550,0.0
7060420340,0.0
7060420200,0.0
7060512440,0.0
7060512450,0.0
7060415850,0.0
7060415980,0.0
7060597680,0.0
7060597760,0.0
7060407800,0.0
7060407660,0.0
7060406580,0.0
7060406640,0.0
7060505760,0.0
7060505540,0.0
7060478560,0.0
7060478320,0.0
7060435860,0.0
7060435970,0.0
7060523200,0.0
7060523060,0.0
7060432240,0.0
7060432540,0.0
7060537550,0.0
7060537830,0.0
7060529340,0.0
7060529460,0.0
7060468930,0.0
7060468870,0.0
7060376630,0.0
7060376640,0.0
7060470820,0.0
7060470900,0.0
7060535230,0.0
7060534960,0.0
7060414650,0.0
7060414530,0.0
7060412280,0.0
7060411940,0.0
7060513230,0.0
7060513060,0.0
7060448300,0.0
7060448140,0.0
7060349590,0.0
7060349950,0.0
7060419360,0.0
7060419260,0.0
7060485210,0.0
7060485360,0.0
7060424530,0.0
7060424300,0.0
7060404530,0.0
7060404520,0.0
7060397370,0.0
7060397380,0.0
7060429220,0.0
7060429360,0.0
7060372880,0.0
7060372750,0.0
7060454960,0.0
7060454870,0.0
7060456180,0.0
7060456330,0.0
7060342130,0.0
7060341960,0.0
7060332670,0.0
7060332680,0.0
7060328250,0.0
7060328380,0.0
7060364590,0.0
7060364600,0.0
7060330560,0.0
7060330450,0.0
7060373260,0.0
7060373250,0.0
7060346150,0.0
7060346030,0.0
7060380010,0.0
7060380120,0.0
7060416830,0.0
7060416820,0.0
7060333810,0.0
7060333560,0.0
7060047070,0.0
7060047210,0.0
7060047220,0.0
7060047480,0.0
7060047490,0.0
7060047770,0.0
7060047780,0.0
7060047800,0.0
7060047810,0.0
7060047840,0.0
7060047850,0.0
7060761080,0.0
7060760990,0.0
7060759790,0.0
7060759730,0.0
7060743800,0.0
7060743810,0.0
7060710600,0.0
7060710520,0.0
7060047860,0.0
7060047970,0.0
7060724910,0.0
7060724780,0.0
7060720650,0.0
7060720640,0.0
7060712530,0.0
7060712460,0.0
7060706280,0.0
7060706180,0.0
7060047980,0.0
7060048300,0.0
7060752460,0.0
7060752470,0.0
7060744170,0.0
7060744090,0.0
7060701750,0.0
7060701650,0.0
7060696340,0.0
7060696350,0.0
7060048310,0.0
7060048410,0.0
7060747570,0.0
7060747500,0.0
7060737080,0.0
7060736950,0.0
7060730500,0.0
7060730390,0.0
7060718850,0.0
7060718740,0.0
7060048420,0.0
7060048480,0.0
7060048490,0.0
7060048620,0.0
7060048630,0.0
7060048860,0.0
7060775890,0.0
7060775830,0.0
7060778740,0.0
7060778820,0.0
7060775150,0.0
7060775230,0.0
7060766660,0.0
7060766650,0.0
7060048870,0.0
7060049120,0.0
7060049130,0.0
7060049270,0.0
7060794420,0.0
7060794460,0.0
7060798060,0.0
7060798070,0.0
7060790420,0.0
7060790520,0.0
7060790680,0.0
7060790790,0.0
7060787740,0.0
7060787680,0.0
7060783950,0.0
7060783990,0.0
7060797330,0.0
7060797390,0.0
7060796920,0.0
7060796890,0.0
7060773540,0.0
7060773430,0.0
7060799940,0.0
7060800010,0.0
7060771090,0.0
7060771060,0.0
7060789410,0.0
7060789310,0.0
7060764550,0.0
7060764560,0.0
7060763880,0.0
7060763960,0.0
7060761710,0.0
7060761700,0.0
7060760600,0.0
7060760610,0.0
7060763200,0.0
7060763300,0.0
7060770490,0.0
7060770450,0.0
7060734620,0.0
7060734790,0.0
7060733840,0.0
7060733990,0.0
7060763870,0.0
7060763820,0.0
7060762950,0.0
7060763030,0.0
7060774750,0.0
7060774820,0.0
7060694700,0.0
7060694590,0.0
7060776580,0.0
7060776590,0.0
7060690200,0.0
7060690100,0.0
7060782380,0.0
7060782370,0.0
7060785140,0.0
7060785200,0.0
7060675990,0.0
7060675980,0.0
7060674060,0.0
7060674070,0.0
7060636480,0.0
7060636470,0.0
7060602110,0.0
7060602100,0.0
7060049280,0.0
7060049390,0.0
7060049400,0.0
7060049410,0.0
7060049420,0.0
7060049500,0.0
7060049510,0.0
7060049820,0.0
7060049830,0.0
7060049990,0.0
7060820700,0.0
7060820630,0.0
7060822270,0.0
7060822250,0.0
7060823440,0.0
7060823390,0.0
7060822970,0.0
7060823030,0.0
7060824100,0.0
7060824090,0.0
7060826240,0.0
7060826280,0.0
7060827280,0.0
7060827320,0.0
7060830460,0.0
7060830450,0.0
7060050000,0.0
7060050190,0.0
7060050200,0.0
7060050290,0.0
7060050300,0.0
7060050570,0.0
7060050580,0.0
7060050600,0.0
7060050610,0.0
7060050640,0.0
7060847180,0.0
7060847040,0.0
7060848300,0.0
7060848380,0.0
7060852120,0.0
7060852130,0.0
7060854130,0.0
7060854180,0.0
7060050650,0.0
7060050760,0.0
7060050770,0.0
7060050790,0.0
7060050800,0.0
7060050810,0.0
7060050820,0.0
7060050890,0.0
7060050900,0.0
7060050920,0.0
7060849610,0.0
7060849600,0.0
7060851280,0.0
7060851310,0.0
7060853350,0.0
7060853280,0.0
7060859740,0.0
7060859760,0.0
7060855510,0.0
7060855570,0.0
7060866520,0.0
7060866530,0.0
7060863270,0.0
7060863310,0.0
7060864030,0.0
7060864080,0.0
7060050930,0.0
7060051120,0.0
7060051130,0.0
7060051210,0.0
7060051220,0.0
7060052560,0.0
7060052570,0.0
7060053240,0.0
7060053250,0.0
7060053320,0.0
7060053330,0.0
7060053840,0.0
7060053850,0.0
7060054060,0.0
7060054070,0.0
7060054300,0.0
7060054310,0.0
7060054660,0.0
7060883060,0.0
7060883080,0.0
7060883020,0.0
7060883030,0.0
7060882580,0.0
7060882590,0.0
7060882120,0.0
7060882110,0.0
7060054670,0.0
7060054740,0.0
7060054750,0.0
7060054920,0.0
7060054930,0.0
7060054970,0.0
7060054980,0.0
7060055450,0.0
7060055460,0.0
7060055520,0.0
7060055620,0.0
7060055630,0.0
7060055700,0.0
7060055710,0.0
7060055730,0.0
7060055790,0.0
7060055920,0.0
7060055930,0.0
7060056620,0.0
7060056630,0.0
7060056700,0.0
7060056710,0.0
7060056760,0.0
7060056770,0.0
7060057190,0.0
7060057510,0.0
7060057980,0.0
7060058600,0.0026
7060059430,0.0
7060059690,0.0
7060059780,0.0
7060059960,0.0
7060059990,0.0
7060060310,0.0
7060060320,0.0
7060061510,0.0
7060061520,0.0
7060061620,0.0
7060061630,0.0
7060061820,0.0
7060061830,0.0
7060061870,0.0
7060061880,0.0
7060062870,0.0
7060062880,0.0
7060062930,0.0
7060062940,0.0
7060063050,0.0
7060063060,0.0
7060063420,0.0
7060063860,0.0
7060064730,0.0
7060064920,0.0
7060064970,0.0
7060065050,0.0
7060065090,0.0
7060065760,0.0
7060065770,0.0
7060065780,0.0
7060066080,0.0
7060066090,0.0
7060066740,0.0
7060066750,0.0
7060067070,0.0
7060067080,0.0
7060068570,0.0
7060068580,0.0
7060069670,0.0
7060069860,0.0
7060070790,0.0
7060070800,0.0
7060072780,0.0
7060072800,0.0
7060073620,0.0
7060505400,0.0
7060505390,0.0
7060505090,0.0
7060510360,0.0
7060511710,0.0
7060511880,0.0
7060511170,0.0
7060511050,0.0
7060073630,0.0
7060073640,0.0
7060799140,0.0
7060799110,0.0
7060803530,0.0
7060803540,0.0
7060800610,0.0
7060800660,0.0
7060803420,0.0
7060803430,0.0
7060073650,0.0
7060561290,0.0
7060561130,0.0
7060560730,0.0
7060560880,0.0
7060559260,0.0
7060559270,0.0
7060583850,0.0
7060583840,0.0
7060073660,0.0
7060738830,0.0
7060738660,0.0
7060740840,0.0
7060740930,0.0
7060746410,0.0
7060746540,0.0
7060755960,0.0
7060755970,0.0
7060073670,0.0
7060802350,0.0
7060802360,0.0
7060802450,0.0
7060805560,0.0
7060805670,0.0
7060805720,0.0
7060815200,0.0
7060815220,0.0
7060073680,0.0
7060073690,0.0
7060073700,0.0
7060073710,0.0
7060073720,0.0
7060073730,0.0
7060073740,0.0
7060073750,0.0
7060073760,0.0
7060073770,0.0
7060073780,0.0
7060073790,0.0
7060073800,0.0
7060073810,0.0
7060073820,0.0
7060073830,0.0
7060073840,0.0
7060073850,0.0
7060073860,0.0
7060073870,0.0
7060073880,0.0
7060073890,0.0
7060073900,0.0
7060073910,0.0
7060073920,0.0
7060073930,0.0
7060073940,0.0
7060073950,0.0
7060073970,0.0
7060073980,0.0
7060073990,0.0
7060074000,0.0
7060074010,0.0
7060074020,0.0
7060074030,0.0
7060074040,0.0
7060074050,0.0
7060074060,0.0
7060074080,0.0
7060074100,0.0
7060074110,0.0
7060074120,0.0
7060074130,0.0
7060074140,0.0
7060074150,0.0
7060074170,0.0
7060074180,0.0
7060074200,0.0
7060074210,0.0
7060074230,0.0
7060074240,0.0
7060074250,0.0
7060074260,0.0
7060074270,0.0
7060074280,0.0
7060074310,0.0
7060074320,0.0
7060074330,0.0
7060074340,0.0
7060074350,0.0
7060074360,0.0
7060074370,0.0
7060074380,0.0
7060074410,0.0
7060074430,0.0
7060074450,0.0
7060074470,0.0
7060074500,0.0
7060074520,0.0
7060074530,0.0
7060074540,0.0
7060074550,0.0
7060074560,0.0
7060074570,0.0
7060074580,0.0
7060074600,0.0
7060074610,0.0
7060074630,0.0
7060074640,0.0
7060074650,0.0
7060074660,0.0
7060074670,0.0
7060074680,0.0
7060074700,0.0
7060074730,0.0
7060074830,0.0
7060074860,0.0
7060074870,0.0
7060074900,0.0
7060074940,0.0
7060075030,0.0
7060075070,0.0
7060075100,0.0
7060075110,0.0
7060075120,0.0
7060075130,0.0
7060075180,0.0
7060075190,0.0
7060075200,0.0
7060075220,0.0
7060075260,0.0
7060075340,0.0
7060075480,0.0
7060075490,0.0
7060075500,0.0
7060075630,0.0
7060075640,0.0
7060075650,0.0
7060075700,0.0
7060075780,0.0
7060075800,0.0
7060075830,0.0
7060075850,0.0
7060075920,0.0
7060076040,0.0
7060076300,0.0
7060076630,0.0
7060076700,0.0
7060076750,0.0
7060076870,0.0
7060076950,0.0
7060077010,0.0
7060077410,0.0
7060078710,0.0
7060079260,0.0
7060082250,0.0
6060000010,0.0
6060000200,0.0
6060000210,0.0
6060000240,0.0
6060000250,0.0
6060000450,0.0
6060000460,0.0
6060000580,0.0
6060000590,0.0
6060000740,0.0
6060068100,0.0
6060068110,0.0
6060070260,0.0
6060070270,0.0
6060070390,0.0
6060070330,0.0
6060069460,0.0
6060069430,0.0
6060078120,0.0
6060078150,0.0
6060089660,0.0029
6060089740,0.0
6060094950,0.0
6060094960,0.0
6060102120,0.0043
6060102080,0.0
6060107990,0.0117
6060107870,0.0
6060122060,0.0
6060122070,0.0021
6060130930,0.0
6060131030,0.0
6060136120,0.0
6060136040,0.0
6060000750,0.0
6060000780,0.0
6060000790,0.0
6060001110,0.0
6060001120,0.0
6060001590,0.0
6060001600,0.0
6060001910,0.0
6060001920,0.0
6060001940,0.0
6060001950,0.0
6060001970,0.0
6060001980,0.0
6060002270,0.0
6060002280,0.0
6060002860,0.0
6060002870,0.0
6060003100,0.0
6060003110,0.0
6060003210,0.0
6060003220,0.0
6060003680,0.0
6060003690,0.0
6060003730,0.0
6060003740,0.0
6060003800,0.0
6060003810,0.0
6060004000,0.0
6060004010,0.0
6060004030,0.0
6060004040,0.0
6060004060,0.0
6060004070,0.0
6060004470,0.0
6060075390,0.0
6060075410,0.0
6060079390,0.0
6060079310,0.0
6060093530,0.0
6060093540,0.0
6060101210,0.0
6060101170,0.0
6060084190,0.0
6060084230,0.0
6060089790,0.0
6060089780,0.0
6060084040,0.0
6060084130,0.0
6060084460,0.0
6060084380,0.0
6060084750,0.0
6060084790,0.0
6060097370,0.0
6060097380,0.0
6060086300,0.0017
6060086370,0.0
6060123500,0.0
6060123510,0.0
6060089850,0.0
6060089950,0.0
6060090230,0.0
6060090290,0.0
6060102930,0.0
6060102920,0.0
6060120370,0.0
6060120320,0.0
6060105620,0.0
6060105580,0.0
6060096020,0.0
6060096010,0.0
6060081020,0.0
6060080920,0.0
6060079970,0.0
6060079860,0.0
6060079280,0.0
6060079250,0.0
6060076650,0.0
6060076610,0.0
6060102250,0.0
6060102330,0.0
6060075090,0.0
6060075000,0.0
6060073070,0.0
6060073150,0.0
6060071160,0.0
6060071120,0.0
6060113870,0.0
6060113940,0.0
6060115330,0.0
6060115340,0.0
6060118140,0.0
6060118200,0.0
6060120040,0.0
6060120030,0.0
6060134450,0.0
6060134460,0.0
6060134890,0.0
6060134790,0.0
6060083060,0.0
6060083130,0.0
6060104180,0.0011
6060104230,0.0
6060137270,0.0
6060137380,0.0
6060140970,0.0
6060140960,0.0
6060136480,0.0
6060136450,0.0
6060111430,0.0
6060111530,0.0
6060112920,0.0
6060113030,0.0
6060132240,0.0
6060132160,0.0
6060129500,0.0
6060129490,0.0
6060117110,0.0
6060117150,0.0
6060153670,0.0
6060153610,0.0
6060150590,0.0
6060150580,0.0
6060118700,0.0
6060118710,0.0
6060124240,0.0
6060124370,0.0
6060117840,0.0
6060117780,0.0
6060126730,0.0
6060126850,0.0
6060129600,0.0
6060129810,0.0
6060154590,0.0
6060154700,0.0
6060156880,0.0
6060156750,0.0
6060143540,0.0
6060143380,0.0
6060130600,0.0
6060130490,0.0
6060167220,0.0
6060167330,0.0
6060169670,0.0
6060169680,0.0
6060160900,0.0
6060160730,0.0
6060004480,0.0
6060004500,0.0
6060004510,0.0
6060004610,0.0
6060004620,0.0
6060004630,0.0
6060004640,0.0
6060004720,0.0
6060004730,0.0
6060004870,0.0
6060099060,0.0
6060099010,0.0
6060099810,0.0
6060099880,0.0
6060113570,0.0
6060113660,0.0
6060121460,0.0
6060121450,0.0
6060094760,0.0
6060094680,0.0
6060134950,0.0
6060134940,0.0
6060095840,0.0
6060095920,0.0
6060095580,0.0
6060095530,0.0
6060004880,0.0
6060004960,0.0
6060004970,0.0
6060004980,0.0
6060004990,0.0
6060005020,0.0
6060005030,0.0
6060005050,0.0
6060005060,0.0
6060005180,0.0
6060118800,0.0
6060118790,0.0
6060143150,0.0
6060143240,0.0
6060146940,0.0
6060147040,0.0
6060165020,0.0
6060165080,0.0
6060005190,0.0
6060005230,0.0
6060005240,0.0
6060005320,0.0
6060005330,0.0
6060005350,0.0
6060005360,0.0
6060005390,0.0
6060005400,0.0
6060005490,0.0
6060123170,0.0
6060123160,0.0
6060128760,0.0
6060128770,0.0
6060136580,0.0
6060136630,0.0
6060147270,0.0
6060147310,0.0
6060005500,0.0
6060005530,0.0
6060005540,0.0
6060005660,0.0
6060005670,0.0
6060005870,0.0
6060005880,0.0
6060005980,0.0
6060005990,0.0
6060006470,0.0
6060185670,0.0
6060185540,0.0
6060194220,0.0
6060194060,0.0
6060196170,0.0
6060196060,0.0
6060185650,0.0
6060185640,0.0
6060006480,0.0
6060006540,0.0
6060006700,0.0
6060006710,0.0
6060006720,0.0
6060006730,0.0
6060006780,0.0
6060006790,0.0
6060006820,0.0
6060006830,0.0
6060007000,0.0
6060239720,0.0
6060239820,0.0
6060238750,0.0
6060238630,0.0
6060248200,0.0
6060248080,0.0
6060241280,0.0
6060241250,0.0
6060253040,0.0
6060253120,0.0
6060246250,0.0
6060246380,0.0
6060246450,0.0
6060246370,0.0
6060247690,0.0
6060247810,0.0
6060220040,0.0
6060219900,0.0
6060250440,0.0
6060250530,0.0
6060261280,0.0
6060261380,0.0
6060207790,0.0
6060207720,0.0
6060290180,0.0
6060290300,0.0
6060291750,0.0
6060291740,0.0
6060213260,0.0
6060213530,0.0
6060267740,0.0
6060267790,0.0
6060263530,0.0
6060263540,0.0
6060262220,0.0
6060262110,0.0
6060194730,0.0
6060194720,0.0
6060262200,0.0
6060261920,0.0
6060277380,0.0
6060277480,0.0
6060197930,0.0
6060198030,0.0
6060298170,0.0
6060298270,0.0
6060290960,0.0
6060291060,0.0
6060250260,0.0
6060250180,0.0
6060295230,0.0
6060295220,0.0
6060182970,0.0
6060182980,0.0
6060246620,0.0
6060246540,0.0
6060242270,0.0
6060242260,0.0
6060295570,0.0
6060295580,0.0
6060188720,0.0
6060188710,0.0
6060317490,0.0
6060317690,0.0
6060266340,0.0
6060266470,0.0
6060344990,0.0
6060345060,0.0
6060314540,0.0
6060314680,0.0
6060269800,0.0
6060269920,0.0
6060349880,0.0
6060349510,0.0
6060230790,0.0
6060230730,0.0
6060228890,0.0
6060228900,0.0
6060322690,0.0
6060322780,0.0
6060359720,0.0
6060359590,0.0
6060325720,0.0
6060325820,0.0
6060171800,0.0
6060171790,0.0
6060262360,0.0
6060262490,0.0
6060327370,0.0
6060327360,0.0
6060374250,0.0
6060374260,0.0
6060272340,0.0
6060272470,0.0
6060286100,0.0
6060286090,0.0
6060345450,0.0
6060345440,0.0
6060345150,0.0
6060345160,0.0
6060264050,0.0
6060264040,0.0
6060384210,0.0
6060384320,0.0
6060347900,0.0
6060347610,0.0
6060357270,0.0
6060357280,0.0
6060285930,0.0
6060285990,0.0
6060395150,0.0
6060395270,0.0
6060286190,0.0
6060286300,0.0
6060287890,0.0
6060288020,0.0
6060398920,0.0
6060399120,0.0
6060368040,0.0
6060368050,0.0
6060368400,0.0
6060368410,0.0
6060289870,0.0
6060289880,0.0
6060373250,0.0
6060373260,0.0
6060245810,0.0
6060245720,0.0
6060301750,0.0
6060301850,0.0
6060404900,0.0
6060404790,0.0
6060418360,0.0
6060418530,0.0
6060280410,0.0
6060280400,0.0
6060439370,0.0
6060439360,0.0
6060316140,0.0
6060316270,0.0
6060278200,0.0
6060278070,0.0
6060400740,0.0
6060400660,0.0
6060405310,0.0
6060405320,0.0
6060410440,0.0
6060410430,0.0
6060408590,0.0
6060408450,0.0
6060410950,0.0
6060410660,0.0
6060213670,0.0
6060213770,0.0
6060342520,0.0
6060342690,0.0
6060337190,0.0
6060337320,0.0
6060294270,0.0
6060294360,0.0
6060255000,0.0
6060255010,0.0
6060254550,0.0
6060254800,0.0
6060434460,0.0
6060434470,0.0
6060471240,0.0
6060471400,0.0
6060348140,0.0
6060348130,0.0
6060444300,0.0
6060444310,0.0
6060250740,0.0
6060250730,0.0
6060247260,0.0
6060247270,0.0
6060197780,0.0
6060197920,0.0
6060366220,0.0
6060366230,0.0
6060297460,0.0
6060297370,0.0
6060451030,0.0
6060450950,0.0
6060359820,0.0
6060359950,0.0
6060449970,0.0
6060449800,0.0
6060237360,0.0
6060237120,0.0
6060484120,0.0
6060484220,0.0
6060455540,0.0
6060455550,0.0
6060236630,0.0
6060236640,0.0
6060457830,0.0
6060457840,0.0
6060235470,0.0
6060235640,0.0
6060234140,0.0
6060234150,0.0
6060304520,0.0
6060304630,0.0
6060367370,0.0
6060367430,0.0
6060305880,0.0
6060305980,0.0
6060221990,0.0
6060221890,0.0
6060372250,0.0
6060372420,0.0
6060220540,0.0
6060220550,0.0
6060503690,0.0
6060503800,0.0
6060302010,0.0
6060301940,0.0
6060506430,0.0
6060506420,0.0
6060228180,0.0
6060227920,0.0
6060224360,0.0
6060224470,0.0
6060411690,0.0
6060411830,0.0
6060207030,0.0
6060207080,0.0
6060492990,0.0
6060493000,0.0
6060216880,0.0
6060216980,0.0
6060199150,0.0
6060199160,0.0
6060204970,0.0
6060204890,0.0
6060501000,0.0
6060501010,0.0
6060532340,0.0
6060483010,0.0
6060532350,0.0
6060483020,0.0
6060532880,0.0
6060532970,0.0
6060287830,0.0
6060287820,0.0
6060215600,0.0
6060215520,0.0
6060286260,0.0
6060286170,0.0
6060189860,0.0
6060189870,0.0
6060488320,0.0
6060488410,0.0
6060536080,0.0
6060536210,0.0
6060539390,0.0
6060539250,0.0
6060438650,0.0
6060438660,0.0
6060275520,0.0
6060275680,0.0
6060274870,0.0
6060274710,0.0
6060543710,0.0
6060543840,0.0
6060199280,0.0
6060199290,0.0
6060500010,0.0
6060499880,0.0
6060425550,0.0
6060425540,0.0
6060426300,0.0
6060426310,0.0
6060549570,0.0
6060549400,0.0
6060218130,0.0
6060218070,0.0
6060264350,0.0
6060264340,0.0
6060556700,0.0
6060556530,0.0
6060266740,0.0
6060266880,0.0
6060267240,0.0
6060267130,0.0
6060163510,0.0
6060163520,0.0
6060436810,0.0
6060436800,0.0
6060566840,0.0
6060566830,0.0
6060470810,0.0
6060470930,0.0
6060184180,0.0
6060184050,0.0
6060572100,0.0
6060572090,0.0
6060152600,0.0
6060152610,0.0
6060215970,0.0
6060216150,0.0
6060180520,0.0
6060180640,0.0
6060453350,0.0
6060453500,0.0
6060527210,0.0
6060527200,0.0
6060212400,0.0
6060212280,0.0
6060269370,0.0
6060269510,0.0
6060457560,0.0
6060457710,0.0
6060540290,0.0
6060540300,0.0
6060207670,0.0
6060207660,0.0
6060360870,0.0
6060360960,0.0
6060469450,0.0
6060469630,0.0
6060199950,0.0
6060199940,0.0
6060483480,0.0
6060483490,0.0
6060204620,0.0
6060204430,0.0
6060471640,0.0
6060471650,0.0
6060190800,0.0
6060190720,0.0
6060243550,0.0
6060243660,0.0
6060279130,0.0
6060279120,0.0
6060206300,0.0
6060206500,0.0
6060491730,0.0
6060491720,0.0
6060493160,0.0
6060493260,0.0
6060494510,0.0
6060494500,0.0
6060504910,0.0
6060504920,0.0
6060238540,0.0
6060238550,0.0
6060171200,0.0
6060171210,0.0
6060502630,0.0
6060502760,0.0
6060196210,0.0
6060196330,0.0
6060525230,0.0
6060525240,0.0
6060507380,0.0017
6060507240,0.0071
6060524030,0.0
6060524130,0.0
6060404060,0.0
6060404300,0.0
6060159560,0.0
6060159570,0.0
6060314490,0.0
6060314660,0.0
6060532210,0.0
6060532200,0.0
6060187870,0.0
6060187970,0.0
6060545440,0.0
6060545290,0.0
6060546770,0.0
6060546760,0.0
6060220440,0.0
6060220500,0.0
6060575010,0.0
6060575000,0.0
6060289030,0.0
6060288920,0.0
6060315920,0.0
6060315910,0.0
6060210920,0.0
6060211140,0.0
6060609150,0.0
6060609300,0.0
6060445030,0.0
6060445040,0.0
6060317930,0.0
6060317770,0.0
6060334600,0.0
6060334720,0.0
6060606870,0.0036
6060606880,0.0
6060385520,0.0
6060385510,0.0
6060622840,0.0
6060622830,0.0
6060626320,0.0
6060626480,0.0
6060619860,0.0
6060619850,0.0131
6060656890,0.0
6060656980,0.0
6060453450,0.0
6060453440,0.0
6060336230,0.0
6060336410,0.0
6060664260,0.0
6060664330,0.0
6060389300,0.0
6060389590,0.0
6060331410,0.0
6060331400,0.0
6060316520,0.0038
6060316360,0.0
6060413950,0.0
6060413940,0.0
6060445500,0.0
6060445660,0.0
6060499610,0.0133
6060499800,0.0
6060539900,0.0
6060539910,0.0034
6060007010,0.0
6060007050,0.0
6060007060,0.0
6060007090,0.0
6060007100,0.0
6060007240,0.0
6060007250,0.0
6060007650,0.0
6060250220,0.0
6060250270,0.0
6060271810,0.0
6060271680,0.0
6060282910,0.0
6060283070,0.0
6060288960,0.0
6060288970,0.0
6060007660,0.0
6060007950,0.0
6060258770,0.0
6060258720,0.0
6060299900,0.0
6060299890,0.0
6060323400,0.0
6060323290,0.0
6060331260,0.0
6060331250,0.0
6060344540,0.0
6060344660,0.0
6060345840,0.0
6060345930,0.0
6060345180,0.0
6060345000,0.0
6060353510,0.0
6060353500,0.0
6060352310,0.0
6060352300,0.0
6060375520,0.0
6060375350,0.0
6060360020,0.0
6060359870,0.0
6060366940,0.0
6060367030,0.0
6060382840,0.0
6060382740,0.0
6060368300,0.0
6060368450,0.0
6060384890,0.0
6060384900,0.0
6060379950,0.0
6060379960,0.0
6060390310,0.0
6060390420,0.0
6060399630,0.0
6060399620,0.0
6060411440,0.0
6060411450,0.0
6060408150,0.0
6060408040,0.0
6060443080,0.0
6060442950,0.0
6060449500,0.0
6060449170,0.0
6060458930,0.0
6060459050,0.0
6060451380,0.0
6060451390,0.0
6060476790,0.0
6060476800,0.0
6060462190,0.0
6060462200,0.0
6060480090,0.0
6060480100,0.0
6060481840,0.0
6060481630,0.0
6060486940,0.0
6060486950,0.0
6060490170,0.0
6060490160,0.0
6060477950,0.0
6060478100,0.0
6060498620,0.0
6060498490,0.0
6060496260,0.0
6060496350,0.0
6060499330,0.0
6060499430,0.0
6060486490,0.0
6060486650,0.0
6060517980,0.0
6060517810,0.0
6060509200,0.0
6060509190,0.0
6060527670,0.0
6060527680,0.0
6060516540,0.0
6060516530,0.0
6060497960,0.0
6060498060,0.0
6060522650,0.0
6060522510,0.0
6060528780,0.0
6060528770,0.0
6060543870,0.0
6060543860,0.0
6060550960,0.0
6060551090,0.0
6060546240,0.0
6060546360,0.0
6060550000,0.0
6060549710,0.0
6060565980,0.0
6060565970,0.0
6060563680,0.0
6060563830,0.0
6060583880,0.0
6060583870,0.0
6060571240,0.0
6060571360,0.0
6060573000,0.0
6060573010,0.0
6060579600,0.0
6060579610,0.0
6060590040,0.0
6060590110,0.0
6060603760,0.0
6060603770,0.0
6060572890,0.0
6060572820,0.0
6060596300,0.0
6060596160,0.0
6060594780,0.0
6060594790,0.0
6060586940,0.0
6060587040,0.0
6060615450,0.0
6060599670,0.0
6060615600,0.0
6060599570,0.0
6060619500,0.0
6060619510,0.0
6060594270,0.0
6060594380,0.0
6060622980,0.0
6060622990,0.0
6060624770,0.0
6060624870,0.0
6060007960,0.0
6060008010,0.0
6060008020,0.0
6060008110,0.0
6060008120,0.0
6060008140,0.0
6060008150,0.0
6060008260,0.0
6060008270,0.0
6060008320,0.0
6060008620,0.0
6060269710,0.0
6060269830,0.0
6060285570,0.0
6060285480,0.0
6060291840,0.0
6060291760,0.0
6060312240,0.0
6060312090,0.0
6060008630,0.0
6060008710,0.0
6060008720,0.0
6060008830,0.0
6060008840,0.0
6060009040,0.0
6060009050,0.0
6060009130,0.0
6060009140,0.0
6060009220,0.0
6060285490,0.0
6060285720,0.0
6060295260,0.0
6060295380,0.0
6060295100,0.0
6060294830,0.0
6060309630,0.0
6060309620,0.0
6060009230,0.0
6060009250,0.0
6060293010,0.0
6060293000,0.0
6060306300,0.0
6060306470,0.0
6060329540,0.0
6060329550,0.0
6060349340,0.0
6060349570,0.0
6060009260,0.0
6060009430,0.0
6060295400,0.0
6060295390,0.0
6060316350,0.0
6060316490,0.0
6060350940,0.0
6060350950,0.0
6060365520,0.0
6060365750,0.0
6060009440,0.0
6060009470,0.0
6060009480,0.0
6060009570,0.0
6060009580,0.0
6060009630,0.0
6060009640,0.0
6060009650,0.0
6060009660,0.0
6060009760,0.0
6060279200,0.0
6060279350,0.0
6060280770,0.0
6060280760,0.0
6060283890,0.0
6060283990,0.0
6060288070,0.0
6060288260,0.0
6060334790,0.0
6060334800,0.0
6060354460,0.0
6060354470,0.0
6060354100,0.0
6060354480,0.0
6060372330,0.0
6060372340,0.0
6060384460,0.0
6060384370,0.0
6060332890,0.0
6060332980,0.0
6060389870,0.0
6060389860,0.0
6060408890,0.0
6060408900,0.0
6060406790,0.0
6060406800,0.0
6060339840,0.0
6060339930,0.0
6060425130,0.0
6060425140,0.0
6060401900,0.0
6060401890,0.0
6060404390,0.0
6060404520,0.0
6060440270,0.0
6060440120,0.0
6060440580,0.0
6060440430,0.0
6060467880,0.0
6060467890,0.0
6060435010,0.0
6060435170,0.0
6060477660,0.0
6060477510,0.0
6060460890,0.0
6060461030,0.0
6060466410,0.0
6060466420,0.0
6060009770,0.0
6060010100,0.0
6060010110,0.0
6060010170,0.0
6060010180,0.0
6060010250,0.0
6060010260,0.0
6060010440,0.0
6060010450,0.0
6060010480,0.0
6060010490,0.0
6060010510,0.0
6060338070,0.0
6060337870,0.0
6060373290,0.0
6060373400,0.0
6060380590,0.0
6060380720,0.0
6060381820,0.0
6060382080,0.0
6060010520,0.0
6060010670,0.0
6060370750,0.0
6060370930,0.0
6060378220,0.0
6060378380,0.0
6060386940,0.0
6060386850,0.0
6060397730,0.0
6060397610,0.0
6060010680,0.0
6060010980,0.0
6060010990,0.0
6060011040,0.0
6060011050,0.0
6060011100,0.0
6060011110,0.0
6060011180,0.0
6060011190,0.0
6060011240,0.0
6060011250,0.0
6060011370,0.0
6060011380,0.0
6060011450,0.0
6060011460,0.0
6060011630,0.0
6060011640,0.0
6060011650,0.0
6060011660,0.0
6060011780,0.0
6060480480,0.0
6060480270,0.0
6060477980,0.0
6060477990,0.0
6060471900,0.0
6060471890,0.0
6060461530,0.0
6060461520,0.0
6060450420,0.0
6060450410,0.0
6060441200,0.0
6060441330,0.0
6060466270,0.0
6060466150,0.0
6060481680,0.0
6060481670,0.0
6060484570,0.0
6060484560,0.0
6060488630,0.0
6060488620,0.0
6060501720,0.0
6060501730,0.0
6060502850,0.0
6060502730,0.0
6060510750,0.0
6060510890,0.0
6060523150,0.0
6060523160,0.0
6060517380,0.0
6060517520,0.0
6060535260,0.0
6060535270,0.0
6060548460,0.0
6060548310,0.0
6060552340,0.0
6060552620,0.0
6060534110,0.0
6060534270,0.0
6060562020,0.0
6060562010,0.0
6060537710,0.0
6060537520,0.0
6060562730,0.0
6060562980,0.0
6060543400,0.0
6060543390,0.0
6060573280,0.0
6060573370,0.0
6060576570,0.0
6060576580,0.0
6060568690,0.0
6060568500,0.0
6060579700,0.0
6060579780,0.0
6060589150,0.0
6060589230,0.0
6060595200,0.0
6060595210,0.0
6060579820,0.0
6060579770,0.0
6060581990,0.0
6060581980,0.0
6060599940,0.0
6060599950,0.0
6060603050,0.0
6060603120,0.0
6060620930,0.0
6060621100,0.0
6060622480,0.0
6060622650,0.0
6060622150,0.0
6060622250,0.0
6060627060,0.0
6060627140,0.0
6060629730,0.0
6060629720,0.0
6060629140,0.0
6060629290,0.0
6060639920,0.0
6060639910,0.0
6060649360,0.0
6060649500,0.0
6060652910,0.0
6060653020,0.0
6060649560,0.0
6060649570,0.0
6060651650,0.0
6060651710,0.0
6060648480,0.0
6060648560,0.0
6060670380,0.0
6060670510,0.0
6060684130,0.0
6060684180,0.0
6060628070,0.0
6060628060,0.0
6060011790,0.0
6060011890,0.0
6060011900,0.0
6060012020,0.0
6060510650,0.0
6060510410,0.0
6060510110,0.0
6060510300,0.0
6060506360,0.0
6060506130,0.0
6060507100,0.0
6060506900,0.0
6060012030,0.0
6060012280,0.0
6060546380,0.0
6060546270,0.0
6060548820,0.0
6060548480,0.0
6060547360,0.0
6060547120,0.0
6060548090,0.0
6060548100,0.0
6060012290,0.0
6060012370,0.0
6060012380,0.0
6060012580,0.0
6060588040,0.0
6060587880,0.0
6060581220,0.0
6060581120,0.0
6060577650,0.0
6060577890,0.0
6060583660,0.0
6060583770,0.0
6060012590,0.0
6060012610,0.0
6060012620,0.0
6060012630,0.0
6060012640,0.0
6060012690,0.0
6060012700,0.0
6060012760,0.0
6060012770,0.0
6060012790,0.0
6060644080,0.0
6060643850,0.0
6060641270,0.0
6060641180,0.0
6060641950,0.0
6060641880,0.0
6060643420,0.0
6060643350,0.0
6060012800,0.0
6060013040,0.0
6060013050,0.0
6060013070,0.0
6060013080,0.0
6060013180,0.0
6060013190,0.0
6060013310,0.0
6060013320,0.0
6060013420,0.0
6060696540,0.0
6060696660,0.0
6060685130,0.0
6060685080,0.0
6060692360,0.0
6060692260,0.0
6060696860,0.0
6060696980,0.0
6060013430,0.0
6060013750,0.0
6060737700,0.0
6060737540,0.0
6060735770,0.0
6060735790,0.0
6060736580,0.0
6060736450,0.0
6060744470,0.0
6060744370,0.0
6060013760,0.0
6060014330,0.0
6060014460,0.0
6060014470,0.0
6060014900,0.0
6060014910,0.0
6060015110,0.0
6060015120,0.0
6060015530,0.0
6060015540,0.0
6060015560,0.0
6060848850,0.0
6060848790,0.0
6060849520,0.0
6060849480,0.0
6060849860,0.0
6060850090,0.0
6060848620,0.0
6060848590,0.0
6060015570,0.0
6060015940,0.0
6060873600,0.0
6060873590,0.0
6060880980,0.0
6060881010,0.0
6060886180,0.0
6060886210,0.0
6060887500,0.0
6060887560,0.0
6060015950,0.0
6060016020,0.0
6060016030,0.0
6060016370,0.0
6060016380,0.0
6060016480,0.0
6060016490,0.0
6060016690,0.0
6060016700,0.0
6060016720,0.0
6060884880,0.0
6060884760,0.0
6060886010,0.0
6060886070,0.0
6060886020,0.0
6060885980,0.0
6060878290,0.0
6060878210,0.0
6060016730,0.0
6060016760,0.0
6060875260,0.0
6060875230,0.0
6060867780,0.0
6060867720,0.0
6060860920,0.0
6060860990,0.0
6060859040,0.0
6060858960,0.0
6060852400,0.0
6060852410,0.0
6060852210,0.0
6060852180,0.0
6060842120,0.0
6060842130,0.0
6060838360,0.0
6060838310,0.0
6060841230,0.0
6060841320,0.0
6060845660,0.0
6060845560,0.0
6060824590,0.0
6060824720,0.0
6060847070,0.0
6060847080,0.0
6060823060,0.0
6060822990,0.0
6060853430,0.0
6060853440,0.0
6060811150,0.0
6060811230,0.0
6060818720,0.0
6060818840,0.0
6060016770,0.0
6060016970,0.0
6060893010,0.0
6060892920,0.0
6060887830,0.0
6060887840,0.0
6060887140,0.0
6060887050,0.0
6060879900,0.0
6060879890,0.0
6060878610,0.0
6060878570,0.0
6060870380,0.0
6060870370,0.0
6060869680,0.0
6060869670,0.0
6060884270,0.0
6060884280,0.0
6060883820,0.0
6060883900,0.0
6060849780,0.0
6060849790,0.0
6060846530,0.0
6060846520,0.0
6060837900,0.0
6060837910,0.0
6060837570,0.0
6060837640,0.0
6060876090,0.0
6060876170,0.0
6060833930,0.0
6060833870,0.0
6060825950,0.0
6060825960,0.0
6060825300,0.0
6060825250,0.0
6060827700,0.0
6060827710,0.0
6060818410,0.0
6060818320,0.0
6060825100,0.0
6060825040,0.0
6060816640,0.0
6060816630,0.0
6060816240,0.0
6060816160,0.0
6060814820,0.0
6060814830,0.0
6060830430,0.0
6060830420,0.0
6060824770,0.0
6060824830,0.0
6060808660,0.0
6060808670,0.0
6060808430,0.0
6060808390,0.0
6060819650,0.0
6060819640,0.0
6060805780,0.0
6060805790,0.0
6060804920,0.0
6060804910,0.0
6060808340,0.0
6060808330,0.0
6060814280,0.0
6060814210,0.0
6060796830,0.0
6060796820,0.0
6060790150,0.0
6060790160,0.0
6060789600,0.0
6060789560,0.0
6060793850,0.0
6060793960,0.0
6060776010,0.0
6060776000,0.0
6060798890,0.0
6060798960,0.0
6060771820,0.0
6060771810,0.0
6060797300,0.0
6060797280,0.0
6060793900,0.0
6060793910,0.0
6060793610,0.0
6060793620,0.0
6060789840,0.0
6060789760,0.0
6060759330,0.0
6060759190,0.0
6060798610,0.0
6060798510,0.0
6060774200,0.0
6060774150,0.0
6060809680,0.0
6060809650,0.0
6060793080,0.0
6060793090,0.0
6060762760,0.0
6060762870,0.0
6060759380,0.0
6060759370,0.0
6060725890,0.0
6060725820,0.0
6060753180,0.0
6060753170,0.0
6060752460,0.0
6060752470,0.0
6060762920,0.0
6060762840,0.0
6060763120,0.0
6060763190,0.0
6060795880,0.0
6060795780,0.0
6060740740,0.0
6060740710,0.0
6060710030,0.0
6060710170,0.0
6060709630,0.0
6060709640,0.0
6060738860,0.0
6060738870,0.0
6060776330,0.0
6060776390,0.0
6060741950,0.0
6060742020,0.0
6060769040,0.0
6060769080,0.0
6060771970,0.0
6060772020,0.0
6060728580,0.0
6060728570,0.0
6060772420,0.0
6060772510,0.0
6060736420,0.0
6060736390,0.0
6060801920,0.0
6060801970,0.0
6060755160,0.0
6060755240,0.0
6060719710,0.0
6060719540,0.0
6060721300,0.0
6060721310,0.0
6060774680,0.0
6060774750,0.0
6060695210,0.0
6060695370,0.0
6060720760,0.0
6060720620,0.0
6060718170,0.0
6060718180,0.0
6060692440,0.0
6060692380,0.0
6060691730,0.0
6060691740,0.0
6060721590,0.0
6060721430,0.0
6060798490,0.0
6060798650,0.0
6060757580,0.0
6060757590,0.0
6060745830,0.0
6060745910,0.0
6060722770,0.0
6060722690,0.0
6060709810,0.0
6060709820,0.0
6060757070,0.0
6060757160,0.0
6060716970,0.0
6060717040,0.0
6060714460,0.0
6060714450,0.0
6060760520,0.0
6060760600,0.0
6060697460,0.0
6060697450,0.0
6060706220,0.0
6060706140,0.0
6060694430,0.0
6060694440,0.0
6060730580,0.0
6060730680,0.0
6060724060,0.0
6060724140,0.0
6060691130,0.0
6060691040,0.0
6060690200,0.0
6060690070,0.0
6060705380,0.0
6060705490,0.0
6060667100,0.0
6060667090,0.0
6060681620,0.0
6060681720,0.0
6060738430,0.0
6060738540,0.0
6060739900,0.0
6060739970,0.0
6060680410,0.0
6060680380,0.0
6060662660,0.0
6060662650,0.0
6060739880,0.0
6060739950,0.0
6060659900,0.0
6060659690,0.0
6060671320,0.0
6060671260,0.0
6060669740,0.0
6060669670,0.0
6060654800,0.0
6060654810,0.0
6060647640,0.0
6060647650,0.0
6060664760,0.0
6060664690,0.0
6060709700,0.0
6060709930,0.0
6060708750,0.0
6060708820,0.0
6060752420,0.0
6060752280,0.0
6060674150,0.0
6060674210,0.0
6060673310,0.0
6060673280,0.0
6060675150,0.0
6060675090,0.0
6060634390,0.0
6060634290,0.0
6060675590,0.0
6060675660,0.0
6060722990,0.0
6060723000,0.0
6060758360,0.0
6060758230,0.0
6060727900,0.0
6060727970,0.0
6060625390,0.0
6060625240,0.0
6060677460,0.0
6060677380,0.0
6060661150,0.0
6060661140,0.0
6060644240,0.0
6060644230,0.0
6060675170,0.0
6060675380,0.0
6060673380,0.0
6060673370,0.0
6060654680,0.0
6060654560,0.0
6060742400,0.0
6060742440,0.0
6060644880,0.0
6060644890,0.0
6060719760,0.0
6060719850,0.0
6060748650,0.0
6060748810,0.0
6060597460,0.0
6060597540,0.0
6060601680,0.0
6060601730,0.0
6060016980,0.0
6060017370,0.0
6060017380,0.0
6060911700,0.0
6060911680,0.0
6060907520,0.0
6060907490,0.0
6060906970,0.0
6060906910,0.0
6060916780,0.0
6060916830,0.0
6060017390,0.0
6060017530,0.0
6060017540,0.0
6060017970,0.0
6060017980,0.0
6060018280,0.0
6060018290,0.0
6060018410,0.0
6060018420,0.0
6060018440,0.0
6060018450,0.0
6060018500,0.0
6060018510,0.0
6060018560,0.0
6060018570,0.0
6060018850,0.0
6060933820,0.0
6060933800,0.0
6060925990,0.0
6060925960,0.0
6060923460,0.0
6060923410,0.0
6060929600,0.0
6060929480,0.0
6060919110,0.0
6060919090,0.0
6060927460,0.0
6060927470,0.0
6060917060,0.0
6060917010,0.0
6060913910,0.0
6060913900,0.0
6060903990,0.0
6060903930,0.0
6060901010,0.0
6060901000,0.0
6060898890,0.0
6060898920,0.0
6060918580,0.0
6060918550,0.0
6060898190,0.0
6060898150,0.0
6060903070,0.0
6060903110,0.0
6060902800,0.0
6060902690,0.0
6060891020,0.0082
6060890970,0.0
6060909950,0.0
6060910020,0.0
6060885150,0.0
6060885110,0.0
6060877660,0.0
6060877590,0.0
6060874710,0.0043
6060874640,0.0
6060874330,0.0
6060874440,0.0026
6060862860,0.0
6060862810,0.0003
6060862510,0.0
6060862570,0.0
6060865200,0.0962
6060865230,0.1258
6060852360,0.0857
6060852280,0.1068
6060872440,0.0294
6060872430,0.1494
6060843660,0.1763
6060843670,0.0
6060828160,0.019
6060828080,0.0135
6060018860,0.0
6060019090,0.0
6060934620,0.0
6060934630,0.0
6060931920,0.0
6060931980,0.0
6060937230,0.0
6060937260,0.0
6060931240,0.0
6060931190,0.0
6060930380,0.0
6060930500,0.0
6060942390,0.0
6060942410,0.0
6060942470,0.122
6060942450,0.0227
6060922950,0.0
6060922880,0.0
6060019100,0.0
6060019330,0.0
6060019340,0.0
6060019420,0.0
6060019440,0.0
6060019540,0.0
6060019550,0.0
6060019950,0.0
6060019960,0.0
6060020000,0.0
6060954860,0.0
6060954870,0.0
6060955480,0.0
6060955520,0.0
6060960240,0.0
6060960220,0.0
6060950660,0.0
6060950640,0.0
6060960610,0.0
6060960580,0.0
6060950400,0.0
6060950420,0.0
6060949420,0.0237
6060949410,0.0486
6060958450,0.0
6060958420,0.0
6060020010,0.0
6060020950,0.0
6060963570,0.0
6060963550,0.0
6060962980,0.0
6060962990,0.0
6060962610,0.0
6060962580,0.0
6060963930,0.0
6060963990,0.0
6060020960,0.0
6060021020,0.0
6060021030,0.0
6060021060,0.0
6060021070,0.0
6060021160,0.0
6060021170,0.0
6060021180,0.0
6060969740,0.0
6060969790,0.0
6060969810,0.0
6060969770,0.0
6060969730,0.0
6060969780,0.0
6060967000,0.0
6060966990,0.0
6060021190,0.0
6060021210,0.0897
6060021220,0.0
6060021450,0.0
6060021460,0.0
6060021500,0.0
6060021510,0.0
6060021550,0.0
6060021560,0.0
6060021810,0.0
6060021820,0.0
6060021870,0.0
6060021940,0.0
6060021950,0.0222
6060022840,0.0
6060022850,0.0
6060022910,0.1197
6060022920,0.1805
6060023690,0.6634
6060023700,0.2091
6060023980,0.1293
6060023990,0.0803
6060024060,0.0556
6060024070,0.0002
6060024110,0.4337
6060024120,0.0767
6060024350,0.6846
6060024360,0.0204
6060024700,0.0
6060024710,0.2497
6060024900,0.1608
6060024910,0.0368
6060025130,0.0021
6060025140,0.0076
6060025410,0.022
6060025420,0.0205
6060025560,0.0739
6060025570,0.0373
6060025900,0.1644
6060025910,0.0
6060025960,0.0657
6060025970,0.0
6060026100,0.0
6060026110,0.0
6060026140,0.0
6060026290,0.0183
6060026300,0.0
6060026380,0.0029
6060026390,0.0
6060026450,0.0
6060026460,0.0
6060026510,0.0
6060026520,0.0
6060026750,0.0
6060026760,0.0056
6060026990,0.0
6060027000,0.0
6060027220,0.0
6060027230,0.0
6060027290,0.0022
6060027300,0.0
6060027770,0.0001
6060027780,0.0183
6060028110,0.0358
6060028120,0.0
6060028290,0.0012
6060028300,0.0
6060028470,0.0
6060028480,0.0
6060028520,0.0
6060028530,0.0
6060028620,0.0
6060028630,0.0
6060028860,0.0
6060028870,0.0
6060029040,0.0
6060732640,0.0
6060732550,0.0
6060748740,0.0
6060748830,0.0
6060749270,0.0
6060749110,0.0
6060748670,0.0
6060748600,0.0
6060029050,0.0
6060029140,0.0
6060029150,0.0
6060029170,0.0
6060029180,0.0
6060029220,0.0
6060029230,0.0
6060029240,0.0
6060029250,0.0
6060029280,0.0013
6060029350,0.0056
6060029360,0.0
6060029380,0.0
6060029390,0.0
6060029420,0.0
6060029430,0.0
6060029490,0.0026
6060029500,0.0
6060029580,0.0123
6060029590,0.0
6060029610,0.0107
6060029620,0.0
6060029720,0.0123
6060029730,0.0
6060030200,0.0
6060030210,0.0
6060030220,0.0
6060030230,0.0013
6060031400,0.0991
6060031410,0.0
6060032050,0.0
6060032060,0.0
6060032100,0.0
6060032110,0.0
6060032290,0.0
6060032610,0.0
6060256490,0.0
6060256400,0.0
6060251400,0.0
6060251530,0.0
6060240420,0.0
6060240430,0.0
6060236260,0.0
6060236250,0.0
6060032620,0.0
6060033220,0.0
6060033230,0.0
6060033560,0.0
6060033570,0.0
6060034060,0.0
6060034070,0.0
6060034250,0.0
6060034260,0.0
6060034510,0.0
6060034520,0.0
6060034580,0.0
6060034590,0.0
6060034740,0.0
6060034750,0.0
6060034810,0.0
6060035240,0.0
6060035440,0.0
6060035460,0.0
6060035990,0.0
6060036010,0.0187
6060036450,0.059
6060037890,0.0
6060037950,0.0
6060038060,0.0638
6060038660,0.0
6060039330,0.0
6060039730,0.0
6060040020,0.0
6060040090,0.0
6060040100,0.0
6060040110,0.0
6060040460,0.0
6060851520,0.0
6060851430,0.0
6060851240,0.0
6060851130,0.0
6060846930,0.0
6060846920,0.0
6060831020,0.0
6060831010,0.0
6060040470,0.0
6060691260,0.0
6060691250,0.01
6060654380,0.0095
6060654280,0.0024
6060631920,0.0
6060631840,0.0215
6060628460,0.002
6060628360,0.0154
6060040480,0.0
6060860210,0.0
6060860120,0.0
6060857520,0.0
6060857460,0.0
6060837840,0.0
6060837830,0.0
6060817650,0.0
6060817460,0.0
6060040490,0.0
6060040500,0.0
6060040510,0.0
6060040520,0.0
6060040530,0.0
6060040540,0.0
6060040550,0.0
6060040560,0.0
6060040570,0.0
6060040580,0.0
6060040590,0.0
6060040600,0.0
6060040610,0.0
6060040630,0.0
6060040640,0.0
6060040650,0.0
6060040660,0.0
6060040670,0.0
6060040680,0.0
6060040690,0.0
6060040700,0.0
6060040710,0.0
6060040730,0.0
6060040740,0.0
6060040750,0.0
6060040760,0.0
6060040770,0.0
6060040780,0.0
6060040790,0.0
6060040800,0.0
6060040810,0.0
6060040820,0.0
6060040830,0.0
6060040880,0.0
6060040890,0.0
6060040900,0.0
6060040910,0.0
6060040920,0.0
6060040960,0.0
6060041010,0.0
6060041030,0.0
6060041040,0.0
6060041050,0.0059
6060041060,0.0
6060041070,0.0
6060041080,0.0
6060041100,0.0
6060041130,0.0
6060041140,0.0
6060041150,0.0
6060041160,0.0
6060041170,0.0
6060041200,0.0
6060041230,0.0
6060041290,0.0
6060041310,0.0
6060041340,0.0
6060041380,0.0
6060041390,0.0
6060041400,0.0
6060041470,0.0
6060041500,0.0
6060041630,0.0
6060041750,0.0
6060041830,0.0
6060041840,0.0
6060041850,0.0
6060042280,0.0
6060042330,0.0
6060042580,0.0
6060042840,0.0
6060042900,0.0
6060043520,0.0
6060043660,0.0
6060043770,0.0
6060044100,0.0
6060045840,0.0
3060000010,0.0
3060000150,0.0
3060000160,0.0
3060000230,0.0
3060000240,0.0
3060000520,0.0
3060000530,0.0
3060000600,0.0
3060000610,0.0
3060000620,0.0
3060000630,0.0
3060001140,0.0
3060001150,0.0
3060001220,0.0
3060001230,0.0
3060001400,0.0
3060001410,0.0
3060001840,0.0
3060184010,0.0
3060184160,0.0
3060189170,0.0
3060189160,0.0
3060194170,0.0
3060194280,0.0
3060198630,0.0
3060198760,0.0
3060203170,0.0
3060203310,0.0
3060239120,0.0
3060239130,0.0
3060243280,0.0
3060243450,0.0
3060284900,0.0
3060285060,0.0
3060287870,0.0
3060288320,0.0
3060289440,0.0
3060289810,0.0
3060309520,0.0
3060309510,0.0
3060286300,0.0
3060286450,0.0
3060331330,0.0
3060331440,0.0
3060287880,0.0
3060287710,0.0
3060293670,0.0
3060293540,0.0
3060345400,0.0
3060345570,0.0
3060342050,0.0
3060342160,0.0
3060387130,0.0
3060386960,0.0
3060399940,0.0
3060399930,0.0
3060381630,0.0
3060381460,0.0
3060380740,0.0
3060380480,0.0
3060381100,0.0
3060380900,0.0
3060439400,0.0
3060439410,0.0
3060437710,0.0
3060437550,0.0
3060436120,0.0
3060436350,0.0
3060452730,0.0
3060452740,0.0
3060437700,0.0
3060437540,0.0
3060383520,0.0
3060383280,0.0
3060439250,0.0
3060439260,0.0
3060460630,0.0
3060460810,0.0
3060437690,0.0
3060437530,0.0
3060444960,0.0
3060445230,0.0
3060397510,0.0
3060397200,0.0
3060481930,0.0
3060481940,0.0
3060410450,0.0
3060410600,0.0
3060410610,0.0
3060410330,0.0
3060457620,0.0
3060457610,0.0
3060487440,0.0
3060487640,0.0
3060386680,0.0
3060386820,0.0
3060493080,0.0
3060492920,0.0
3060486850,0.0
3060486960,0.0
3060464040,0.0
3060464030,0.0
3060486480,0.0
3060486600,0.0
3060428240,0.0
3060428120,0.0
3060390440,0.0
3060390450,0.0
3060511880,0.0
3060511890,0.0
3060383530,0.0
3060383390,0.0
3060382160,0.0
3060382030,0.0
3060490890,0.0
3060490750,0.0
3060443220,0.0
3060443080,0.0
3060514480,0.0
3060514570,0.0
3060496590,0.0
3060496490,0.0
3060530830,0.0
3060530840,0.0
3060500560,0.0
3060500760,0.0
3060452330,0.0
3060452480,0.0
3060542080,0.0
3060542240,0.0
3060458330,0.0
3060458510,0.0
3060460320,0.0
3060460330,0.0
3060548190,0.0
3060548370,0.0
3060520990,0.0
3060520980,0.0
3060456640,0.0
3060456930,0.0
3060502090,0.0
3060501940,0.0
3060458290,0.0
3060458130,0.0
3060545780,0.0
3060545960,0.0
3060453200,0.0
3060453050,0.0
3060471370,0.0
3060471360,0.0
3060559980,0.0
3060560090,0.0
3060477600,0.0
3060477610,0.0
3060571220,0.0
3060571330,0.0
3060578810,0.0
3060578820,0.0
3060511770,0.0
3060511910,0.0
3060565200,0.0
3060565320,0.0
3060513610,0.0
3060513600,0.0
3060437080,0.0
3060436870,0.0
3060488070,0.0
3060488080,0.0
3060515430,0.0
3060515440,0.0
3060545810,0.0
3060545680,0.0
3060568270,0.0
3060568430,0.0
3060591340,0.0
3060591290,0.0
3060496620,0.0
3060496810,0.0
3060470650,0.0
3060470490,0.0
3060495750,0.0
3060495710,0.0
3060595110,0.0
3060595100,0.0
3060593690,0.0
3060593620,0.0
3060594070,0.0
3060593860,0.0
3060528980,0.0
3060529090,0.0
3060439380,0.0
3060439510,0.0
3060541400,0.0
3060541500,0.0
3060603110,0.0
3060603100,0.0
3060470540,0.0
3060470400,0.0
3060612610,0.0
3060612710,0.0
3060479860,0.0
3060479920,0.0
3060523980,0.0
3060523990,0.0
3060619740,0.0
3060619790,0.0
3060495470,0.0
3060495620,0.0
3060476360,0.0
3060476520,0.0
3060478090,0.0
3060478410,0.0
3060451380,0.0
3060451260,0.0
3060542090,0.0
3060542250,0.0
3060467660,0.0
3060467530,0.0
3060636230,0.0
3060635970,0.0
3060625860,0.0
3060626020,0.0
3060556010,0.0
3060556130,0.0
3060560100,0.0
3060559880,0.0
3060519830,0.0
3060519970,0.0
3060523060,0.0
3060522920,0.0
3060608870,0.0
3060608990,0.0
3060574950,0.0
3060575080,0.0
3060577100,0.0
3060577190,0.0
3060471100,0.0
3060471000,0.0
3060628660,0.0
3060628740,0.0
3060612010,0.0
3060611950,0.0
3060559910,0.0
3060559720,0.0
3060562740,0.0
3060562890,0.0
3060511240,0.0
3060511230,0.0
3060660640,0.0
3060660730,0.0
3060637090,0.0
3060637200,0.0
3060557960,0.0
3060558130,0.0
3060651650,0.0
3060651560,0.0
3060635420,0.0
3060635570,0.0
3060650360,0.0
3060650460,0.0
3060550600,0.0
3060550480,0.0
3060671720,0.0
3060671820,0.0
3060680570,0.0
3060680690,0.0
3060686240,0.0
3060686230,0.0
3060677350,0.0
3060677450,0.0
3060679680,0.0
3060679820,0.0
3060699480,0.0
3060699570,0.0
3060705860,0.0
3060705700,0.0
3060693220,0.0
3060693280,0.0
3060709620,0.0
3060709670,0.0
3060713960,0.0
3060713950,0.0
3060717930,0.0
3060718000,0.0
3060718460,0.0
3060718560,0.0
3060720690,0.0
3060720650,0.0
3060727010,0.0
3060726940,0.0
3060001850,0.0
3060002000,0.0
3060227470,0.0
3060227480,0.0
3060230560,0.0
3060230720,0.0
3060233080,0.0
3060233240,0.0
3060242560,0.0
3060242570,0.0
3060002010,0.0
3060002560,0.0
3060173840,0.0
3060173830,0.0
3060228750,0.0
3060228760,0.0
3060246580,0.0
3060246570,0.0
3060263630,0.0
3060263750,0.0
3060002570,0.0
3060002680,0.0
3060173650,0.0
3060173660,0.0
3060173930,0.0
3060174040,0.0
3060177340,0.0
3060177330,0.0
3060205620,0.0
3060205610,0.0
3060213560,0.0
3060213570,0.0
3060221280,0.0
3060221270,0.0
3060276280,0.0
3060276270,0.0
3060283470,0.0
3060283640,0.0
3060002690,0.0
3060002870,0.0
3060002880,0.0
3060003090,0.0
3060003100,0.0
3060003130,0.0
3060003140,0.0
3060003740,0.0
3060003750,0.0
3060003760,0.0
3060003770,0.0
3060003790,0.0
3060003840,0.0
3060003850,0.0
3060004450,0.0
3060004460,0.0
3060004700,0.0
3060004710,0.0
3060004720,0.0
3060004730,0.0
3060004740,0.0
3060102000,0.0
3060101920,0.0
3060143020,0.0
3060143180,0.0
3060193350,0.0
3060193540,0.0
3060202590,0.0
3060202600,0.0
3060216320,0.0
3060215990,0.0
3060235540,0.0
3060235530,0.0
3060163640,0.0
3060163460,0.0
3060220890,0.0
3060221030,0.0
3060273600,0.0
3060273590,0.0
3060309060,0.0
3060309230,0.0
3060136180,0.0
3060136020,0.0
3060264190,0.0
3060264030,0.0
3060337170,0.0
3060337380,0.0
3060333580,0.0
3060333590,0.0
3060271330,0.0
3060271480,0.0
3060172800,0.0
3060172940,0.0
3060176500,0.0
3060176590,0.0
3060306280,0.0
3060306120,0.0
3060277740,0.0
3060277610,0.0
3060369320,0.0
3060369500,0.0
3060292640,0.0
3060292520,0.0
3060288120,0.0
3060288370,0.0
3060291970,0.0
3060291840,0.0
3060391360,0.0
3060391370,0.0
3060288380,0.0
3060288130,0.0
3060284260,0.0
3060284270,0.0
3060300240,0.0
3060300360,0.0
3060414790,0.0
3060415020,0.0
3060424160,0.0
3060423840,0.0
3060359650,0.0
3060359860,0.0
3060423180,0.0
3060423300,0.0
3060268850,0.0
3060268680,0.0
3060455480,0.0
3060455600,0.0
3060257170,0.0
3060257160,0.0
3060409250,0.0
3060409170,0.0
3060334840,0.0
3060334850,0.0
3060408290,0.0
3060408090,0.0
3060385210,0.0
3060385380,0.0
3060336550,0.0
3060336780,0.0
3060388800,0.0
3060388790,0.0
3060403640,0.0
3060403420,0.0
3060250070,0.0
3060249940,0.0
3060339890,0.0
3060339710,0.0
3060233430,0.0
3060233420,0.0
3060392350,0.0
3060392180,0.0
3060483880,0.0
3060483980,0.0
3060230620,0.0
3060230610,0.0
3060368720,0.0
3060368830,0.0
3060396900,0.0
3060396910,0.0
3060370070,0.0
3060369970,0.0
3060483500,0.0
3060483590,0.0
3060362990,0.0
3060363140,0.0
3060362190,0.0
3060362040,0.0
3060493920,0.0
3060494160,0.0
3060304010,0.0
3060303840,0.0
3060399310,0.0
3060399320,0.0
3060365040,0.0
3060364880,0.0
3060495790,0.0
3060495910,0.0
3060532890,0.0
3060532900,0.0
3060296560,0.0
3060296370,0.0
3060472020,0.0
3060472100,0.0
3060545120,0.0
3060545270,0.0
3060415360,0.0
3060415480,0.0
3060550170,0.0
3060550340,0.0
3060467180,0.0
3060467020,0.0
3060566260,0.0
3060566380,0.0
3060416600,0.0
3060416740,0.0
3060572690,0.0
3060572820,0.0
3060556700,0.0
3060556710,0.0
3060413270,0.0
3060413070,0.0
3060559200,0.0
3060559360,0.0
3060477960,0.0
3060478140,0.0
3060522830,0.0
3060522940,0.0
3060411130,0.0
3060411560,0.0
3060419770,0.0
3060419930,0.0
3060593150,0.0
3060593200,0.0
3060601680,0.0
3060601790,0.0
3060607050,0.0
3060607060,0.0
3060547220,0.0
3060547400,0.0
3060602560,0.0
3060602570,0.0
3060611990,0.0
3060611980,0.0
3060588280,0.0
3060588440,0.0
3060613820,0.0
3060613940,0.0
3060605740,0.0
3060605880,0.0
3060604230,0.0
3060604190,0.0
3060624900,0.0
3060624780,0.0
3060495980,0.0
3060495970,0.0
3060633280,0.0
3060633290,0.0
3060606360,0.0
3060606730,0.0
3060639100,0.0
3060639150,0.0
3060642770,0.0
3060642780,0.0
3060650910,0.0
3060650900,0.0
3060414840,0.0
3060414830,0.0
3060545280,0.0
3060545290,0.0
3060558830,0.0
3060558930,0.0
3060654760,0.0
3060654610,0.0
3060651040,0.0
3060650920,0.0
3060448050,0.0
3060448060,0.0
3060658430,0.0
3060658420,0.0
3060630700,0.0
3060630590,0.0
3060596090,0.0
3060596100,0.0
3060659790,0.0
3060659700,0.0
3060629440,0.0
3060629610,0.0
3060628600,0.0
3060628530,0.0
3060603590,0.0
3060603600,0.0
3060656000,0.0
3060655890,0.0
3060626190,0.0
3060626270,0.0
3060625090,0.0
3060625080,0.0
3060630800,0.0
3060630900,0.0
3060638700,0.0
3060638840,0.0
3060658820,0.0
3060658910,0.0
3060648270,0.0
3060648260,0.0
3060633440,0.0
3060633430,0.0
3060639250,0.0
3060639170,0.0
3060628900,0.0
3060628850,0.0
3060642250,0.0
3060641990,0.0
3060624730,0.0
3060624660,0.0
3060648940,0.0
3060648950,0.0
3060614240,0.0
3060614080,0.0
3060656650,0.0
3060656470,0.0
3060659830,0.0
3060659820,0.0
3060664370,0.0
3060664490,0.0
3060665280,0.0
3060665340,0.0
3060666800,0.0
3060666660,0.0
3060671160,0.0
3060671260,0.0
3060676020,0.0
3060675920,0.0
3060679750,0.0
3060679760,0.0
3060686770,0.0
3060686590,0.0
3060692570,0.0
3060692580,0.0
3060685820,0.0
3060685780,0.0
3060680250,0.0
3060680430,0.0
3060548610,0.0
3060548460,0.0
3060704050,0.0
3060704040,0.0
3060696590,0.0
3060696460,0.0
3060673930,0.0
3060674030,0.0
3060690740,0.0
3060690650,0.0
3060714210,0.0
3060714200,0.0
3060697190,0.0
3060697120,0.0
3060716290,0.0
3060716280,0.0
3060684450,0.0
3060684440,0.0
3060681050,0.0
3060681160,0.0
3060710300,0.0
3060710230,0.0
3060718770,0.0
3060718850,0.0
3060679010,0.0
3060678890,0.0
3060698660,0.0
3060698770,0.0
3060700380,0.0
3060700640,0.0
3060725910,0.0
3060725930,0.0
3060719570,0.0
3060719560,0.0
3060719950,0.0
3060719960,0.0
3060721920,0.0
3060722010,0.0
3060719880,0.0
3060719840,0.0
3060668420,0.0
3060668430,0.0
3060004750,0.0
3060005240,0.0
3060005440,0.0
3060049480,0.0
3060049490,0.0
3060051810,0.0
3060051820,0.0
3060069600,0.0
3060069590,0.0
3060078870,0.0
3060078880,0.0
3060088060,0.0
3060088050,0.0
3060076220,0.0
3060076210,0.0
3060091010,0.0
3060091000,0.0
3060074650,0.0
3060074660,0.0
3060073760,0.0
3060073910,0.0
3060069430,0.0
3060069350,0.0
3060112100,0.0
3060112250,0.0
3060115500,0.0
3060115600,0.0
3060005450,0.0
3060005480,0.0
3060005490,0.0
3060005760,0.0
3060005770,0.0
3060005880,0.0
3060005890,0.0
3060006070,0.0
3060006080,0.0
3060006250,0.0
3060037170,0.0
3060037200,0.0
3060037630,0.0
3060037660,0.0
3060040740,0.0
3060040750,0.0
3060041470,0.0
3060041500,0.0
3060040520,0.0
3060040490,0.0
3060040590,0.0
3060040640,0.0
3060040260,0.0
3060040250,0.0
3060048460,0.0
3060048500,0.0
3060006260,0.0
3060006330,0.0
3060006340,0.0
3060007680,0.0
3060007690,0.0
3060007700,0.0
3060007710,0.0
3060007860,0.0
3060007870,0.0
3060007880,0.0
3060057180,0.0
3060057220,0.0
3060062640,0.0
3060062630,0.0
3060069540,0.0
3060069530,0.0
3060085070,0.0
3060085080,0.0
3060081500,0.0
3060081600,0.0
3060079280,0.0
3060079200,0.0
3060127140,0.0
3060127150,0.0
3060093270,0.0
3060093260,0.0
3060134040,0.0
3060134160,0.0
3060146670,0.0
3060146660,0.0
3060149560,0.0
3060149730,0.0
3060157250,0.0
3060157240,0.0
3060162980,0.0
3060162970,0.0
3060176750,0.0
3060176920,0.0
3060187970,0.0
3060187980,0.0
3060199560,0.0
3060199480,0.0
3060007890,0.0
3060007940,0.0
3060053270,0.0
3060053280,0.0
3060054930,0.0
3060054940,0.0
3060060240,0.0
3060060310,0.0
3060066000,0.0
3060066030,0.0
3060007950,0.0
3060008270,0.0
3060008280,0.0
3060008310,0.0
3060064730,0.0
3060064740,0.0
3060081620,0.0
3060081610,0.0
3060082200,0.0
3060082100,0.0
3060099060,0.0
3060099050,0.0
3060008320,0.0
3060008330,0.0
3060008340,0.0
3060008610,0.0
3060063660,0.0
3060063670,0.0
3060091610,0.0
3060091700,0.0
3060092490,0.0
3060092580,0.0
3060105370,0.0
3060105260,0.0
3060107250,0.0
3060107340,0.0
3060136030,0.0
3060136040,0.0
3060134370,0.0
3060134500,0.0
3060133120,0.0
3060132960,0.0
3060138000,0.0
3060137880,0.0
3060138670,0.0
3060138760,0.0
3060149100,0.0
3060149250,0.0
3060171850,0.0
3060172010,0.0
3060008620,0.0
3060008670,0.0
3060009130,0.0
3060066380,0.0
3060066340,0.0
3060079680,0.0
3060079690,0.0
3060091380,0.0
3060091280,0.0
3060102480,0.0
3060102580,0.0
3060108380,0.0
3060108480,0.0
3060145330,0.0
3060145430,0.0
3060150810,0.0
3060150910,0.0
3060159780,0.0
3060159500,0.0
3060168080,0.0
3060168230,0.0
3060170710,0.0
3060170450,0.0
3060201050,0.0
3060200730,0.0
3060238580,0.0
3060238760,0.0
3060245370,0.0
3060244870,0.0
3060255200,0.0
3060255340,0.0
3060257860,0.0
3060257700,0.0
3060258480,0.0
3060258220,0.0
3060264560,0.0
3060264710,0.0
3060268880,0.0
3060269050,0.0
3060282160,0.0
3060282370,0.0
3060297840,0.0
3060297700,0.0
3060297180,0.0
3060297030,0.0
3060299300,0.0
3060299510,0.0
3060299520,0.0
3060299320,0.0
3060303860,0.0
3060303460,0.0
3060287750,0.0
3060287680,0.0
3060290270,0.0
3060290500,0.0
3060293050,0.0
3060292920,0.0
3060269350,0.0
3060269230,0.0
3060295490,0.0
3060295330,0.0
3060295480,0.0
3060295620,0.0
3060350110,0.0
3060350280,0.0
3060298910,0.0
3060298820,0.0
3060363530,0.0
3060363710,0.0
3060370790,0.0
3060370990,0.0
3060315530,0.0
3060315730,0.0
3060372760,0.0
3060245340,0.0
3060372820,0.0
3060245350,0.0
3060290490,0.0
3060290060,0.0
3060378520,0.0
3060378670,0.0
3060319780,0.0
3060319930,0.0
3060328680,0.0
3060328880,0.0
3060330490,0.0
3060330670,0.0
3060386120,0.0
3060385980,0.0
3060350630,0.0
3060350420,0.0
3060333670,0.0
3060333840,0.0
3060202140,0.0
3060202150,0.0
3060354580,0.0
3060354830,0.0
3060340630,0.0
3060340790,0.0
3060370760,0.0
3060370770,0.0
3060369370,0.0
3060369210,0.0
3060368880,0.0
3060368790,0.0
3060193430,0.0
3060193240,0.0
3060367940,0.0
3060368090,0.0
3060403320,0.0
3060403520,0.0
3060241080,0.0
3060241070,0.0
3060341920,0.0
3060342010,0.0
3060236800,0.0
3060236650,0.0
3060404010,0.0
3060404170,0.0
3060402820,0.0
3060402620,0.0
3060411580,0.0
3060411570,0.0
3060410810,0.0
3060410800,0.0
3060250290,0.0
3060250500,0.0
3060314380,0.0
3060314390,0.0
3060414000,0.0
3060413840,0.0
3060416640,0.0
3060416480,0.0
3060409970,0.0
3060410080,0.0
3060426550,0.0
3060426540,0.0
3060428990,0.0
3060429210,0.0
3060318170,0.0
3060318180,0.0
3060437330,0.0
3060437460,0.0
3060445170,0.0
3060445020,0.0
3060451370,0.0
3060451210,0.0
3060432890,0.0
3060432580,0.0
3060423340,0.0
3060423220,0.0
3060425260,0.0
3060425050,0.0
3060456030,0.0
3060456220,0.0
3060463420,0.0
3060463580,0.0
3060458780,0.0
3060458770,0.0
3060318150,0.0
3060318140,0.0
3060322230,0.0
3060322240,0.0
3060468360,0.0
3060468370,0.0
3060406840,0.0
3060406640,0.0
3060462390,0.0
3060462380,0.0
3060462780,0.0
3060462940,0.0
3060353290,0.0
3060353470,0.0
3060298680,0.0
3060298390,0.0
3060463700,0.0
3060463850,0.0
3060497870,0.0
3060498150,0.0
3060391600,0.0
3060391810,0.0
3060353280,0.0
3060353460,0.0
3060508940,0.0
3060509150,0.0
3060358750,0.0
3060358740,0.0
3060393970,0.0
3060394070,0.0
3060274530,0.0
3060274540,0.0
3060440580,0.0
3060440460,0.0
3060491840,0.0
3060492170,0.0
3060486820,0.0
3060486940,0.0
3060516790,0.0
3060516780,0.0
3060496700,0.0
3060496850,0.0
3060436940,0.0
3060437120,0.0
3060531400,0.0
3060531600,0.0
3060507330,0.0
3060507460,0.0
3060509000,0.0
3060509180,0.0
3060441670,0.0
3060441450,0.0
3060443750,0.0
3060443630,0.0
3060447690,0.0
3060447680,0.0
3060240880,0.0
3060240730,0.0
3060464610,0.0
3060464790,0.0
3060478230,0.0
3060478360,0.0
3060554430,0.0
3060554440,0.0
3060477790,0.0
3060477800,0.0
3060420080,0.0
3060420070,0.0
3060556650,0.0
3060556640,0.0
3060564300,0.0
3060564120,0.0
3060496960,0.0
3060496970,0.0
3060416940,0.0
3060417130,0.0
3060566610,0.0
3060566600,0.0
3060565810,0.0
3060565990,0.0
3060527800,0.0
3060527880,0.0
3060492430,0.0
3060492570,0.0
3060479690,0.0
3060479700,0.0
3060508120,0.0
3060507970,0.0
3060216170,0.0
3060216020,0.0
3060503210,0.0
3060503270,0.0
3060479160,0.0
3060479300,0.0
3060478880,0.0
3060479020,0.0
3060521320,0.0
3060521410,0.0
3060494540,0.0
3060494390,0.0
3060488790,0.0
3060488780,0.0
3060497560,0.0
3060497350,0.0
3060514450,0.0
3060514440,0.0
3060512170,0.0
3060512330,0.0
3060530340,0.0
3060530330,0.0
3060534340,0.0
3060534470,0.0
3060536190,0.0
3060536360,0.0
3060552530,0.0
3060552540,0.0
3060526410,0.0
3060526250,0.0
3060566420,0.0
3060566430,0.0
3060576960,0.0
3060576830,0.0
3060566920,0.0
3060566790,0.0
3060548020,0.0
3060548130,0.0
3060575880,0.0
3060575890,0.0
3060573600,0.0
3060573720,0.0
3060580100,0.0
3060580220,0.0
3060576820,0.0
3060576600,0.0
3060590110,0.0
3060590250,0.0
3060581920,0.0
3060581930,0.0
3060604340,0.0
3060604350,0.0
3060569980,0.0
3060570200,0.0
3060580480,0.0
3060580600,0.0
3060612400,0.0
3060612520,0.0
3060618970,0.0
3060618860,0.0
3060009140,0.0
3060009320,0.0
3060009410,0.0
3060009420,0.0
3060009430,0.0
3060009440,0.0
3060009470,0.0
3060009480,0.0
3060009510,0.0
3060009520,0.0
3060009670,0.0
3060075240,0.0
3060075250,0.0
3060078770,0.0
3060078780,0.0
3060109330,0.0
3060109340,0.0
3060117800,0.0
3060117790,0.0
3060125440,0.0
3060125450,0.0038
3060131180,0.0
3060131070,0.0
3060140450,0.0
3060140440,0.0
3060147440,0.0
3060147450,0.0
3060149450,0.0147
3060149440,0.0004
3060162130,0.0
3060162220,0.0
3060157410,0.0
3060157290,0.0
3060171300,0.0
3060171450,0.0
3060185470,0.0
3060185590,0.0
3060180130,0.0
3060180120,0.0
3060203130,0.0
3060203140,0.0
3060223990,0.0
3060224120,0.0
3060009680,0.0
3060009770,0.0
3060009780,0.0
3060010130,0.0
3060010140,0.0
3060010150,0.0
3060071570,0.0
3060071560,0.0
3060076900,0.0
3060076970,0.0
3060080980,0.0
3060080740,0.0
3060084910,0.0
3060084900,0.0
3060010160,0.0
3060010310,0.0
3060010320,0.0
3060010470,0.0
3060078360,0.0
3060078520,0.0
3060084760,0.0
3060084820,0.0
3060104900,0.0
3060104890,0.0
3060117600,0.0
3060117610,0.0
3060136060,0.0
3060136270,0.0
3060134090,0.0
3060134080,0.0
3060134710,0.0
3060134760,0.0
3060133520,0.0
3060133510,0.0
3060151750,0.0
3060151880,0.0
3060152550,0.0
3060152680,0.0
3060157700,0.0
3060157780,0.0
3060171320,0.0051
3060171330,0.0
3060116740,0.0
3060116750,0.0
3060189940,0.0
3060189950,0.0
3060193800,0.0047
3060193810,0.0
3060207090,0.0
3060207220,0.0
3060220320,0.0
3060220420,0.0
3060256590,0.0
3060256580,0.0
3060225920,0.0
3060226050,0.0
3060227640,0.0
3060227630,0.0
3060269090,0.0
3060268900,0.0
3060290300,0.0
3060290290,0.0
3060301750,0.0
3060301960,0.0
3060326820,0.0
3060326810,0.0
3060010480,0.0
3060010550,0.0
3060107410,0.0
3060107420,0.0
3060128380,0.0
3060128370,0.0
3060142480,0.0
3060142630,0.0
3060143560,0.0
3060143430,0.0
3060010560,0.0
3060010650,0.0
3060010660,0.0
3060010670,0.0
3060010680,0.0
3060010830,0.0
3060010840,0.0
3060010850,0.0
3060010860,0.0
3060010910,0.0
3060132830,0.0
3060133030,0.0
3060137440,0.0
3060137430,0.0
3060127410,0.0
3060127590,0.0
3060141630,0.0
3060141510,0.0
3060152390,0.0
3060152590,0.0
3060152040,0.0
3060151920,0.0
3060158680,0.0
3060158750,0.0
3060185280,0.0
3060185290,0.0
3060193020,0.0
3060193160,0.0
3060172870,0.0
3060173010,0.0
3060220690,0.0
3060220810,0.0
3060200560,0.0
3060200500,0.0
3060261710,0.0
3060261700,0.0
3060211240,0.0
3060211250,0.0
3060211820,0.0
3060211830,0.0
3060218090,0.0
3060218100,0.0
3060233320,0.0
3060233330,0.0
3060237010,0.0
3060237000,0.0
3060251360,0.0
3060251510,0.0
3060253260,0.0
3060253420,0.0
3060246480,0.0
3060246490,0.0
3060243670,0.0
3060243790,0.0
3060269880,0.0
3060269890,0.0
3060240180,0.0
3060239940,0.0
3060280040,0.0
3060280140,0.0
3060323760,0.0
3060323770,0.0
3060291800,0.0
3060291870,0.0
3060342960,0.0
3060342950,0.0
3060010920,0.0
3060011110,0.0
3060011120,0.0
3060011410,0.0
3060011420,0.0
3060011430,0.0
3060011440,0.0
3060011680,0.0
3060011690,0.0
3060011770,0.0
3060012060,0.0
3060012270,0.0
3060012340,0.0
3060241300,0.0
3060241190,0.0
3060236470,0.0
3060236480,0.0
3060220720,0.0
3060220550,0.0
3060199800,0.0
3060199810,0.0
3060012350,0.0
3060012400,0.0
3060255630,0.0
3060255770,0.0
3060224760,0.0
3060224610,0.0
3060237950,0.0
3060238050,0.0
3060232120,0.0
3060232280,0.0
3060012410,0.0
3060012480,0.0
3060277670,0.0
3060277820,0.0
3060280960,0.0
3060280950,0.0
3060287860,0.0
3060288050,0.0
3060307620,0.0
3060307240,0.0
3060012490,0.0
3060012640,0.0
3060012650,0.0
3060012680,0.0
3060012690,0.0
3060012890,0.0
3060012900,0.0
3060012910,0.0
3060012920,0.0
3060013050,0.0
3060013060,0.0
3060013190,0.0
3060013200,0.0
3060013560,0.0
3060013570,0.0
3060013620,0.0
3060013630,0.0
3060013890,0.0
3060013900,0.0
3060014640,0.0
3060014650,0.0
3060014970,0.0
3060539890,0.0
3060540040,0.0
3060536680,0.0
3060536570,0.0
3060553710,0.0
3060553830,0.0
3060557010,0.0
3060557020,0.0
3060014980,0.0
3060015490,0.0
3060015500,0.0
3060015630,0.0
3060015640,0.0
3060015900,0.0
3060016150,0.0
3060016160,0.0
3060016710,0.0
3060016720,0.0
3060016790,0.0
3060016800,0.0
3060016850,0.0
3060016860,0.0
3060016890,0.0
3060016900,0.0
3060016910,0.0
3060016920,0.0
3060017010,0.0
3060017020,0.0
3060017070,0.0
3060017080,0.0
3060017250,0.0
3060017260,0.0
3060017390,0.0
3060017400,0.0
3060017430,0.0
3060017440,0.0
3060017490,0.0
3060017500,0.0
3060017570,0.0
3060017720,0.0
3060017730,0.0
3060017760,0.0
3060017770,0.0
3060017800,0.0
3060017810,0.0
3060017820,0.0
3060017830,0.0
3060017940,0.0
3060017950,0.0
3060018390,0.0
3060018400,0.0
3060018920,0.0
3060018930,0.0
3060019350,0.0
3060019360,0.0
3060019510,0.0
3060019520,0.0
3060019750,0.0
3060019760,0.0
3060019900,0.0
3060019910,0.0
3060020100,0.0
3060020110,0.0
3060020660,0.0
3060020950,0.0
3060020970,0.7015
3060020980,0.0
3060021030,0.5453
3060021580,0.1231
3060021630,0.6407
3060021920,0.7011
3060021930,0.2819
3060022340,0.0
3060022360,0.0
3060022480,0.0
3060022640,0.0
3060022680,0.0
3060023360,0.0
3060023370,0.0
3060023380,0.0
3060023650,0.0
3060023660,0.0
3060023670,0.0
3060023700,0.0
3060023800,0.0
3060024010,0.0
3060024170,0.0
3060024180,0.0
3060024310,0.0
3060704250,0.0
3060704320,0.0
3060713270,0.0
3060713340,0.0
3060713450,0.0
3060713510,0.0
3060697710,0.0
3060697620,0.0
3060024320,0.0
3060024330,0.0
3060679080,0.0
3060679070,0.0
3060679200,0.0
3060678950,0.0
3060678960,0.0
3060678860,0.0
3060679090,0.0
3060024340,0.0
3060024350,0.0
3060024360,0.0
3060024370,0.0
3060024380,0.0
3060024390,0.0
3060024400,0.0
3060024410,0.0
3060024420,0.0
3060024430,0.0
3060024440,0.0
3060024450,0.0
3060024460,0.0
3060024470,0.0
3060024480,0.0
3060024490,0.0
3060024510,0.0
3060024530,0.0
3060024540,0.0
3060024570,0.0
3060024580,0.0
3060024610,0.0
3060024620,0.0
3060024640,0.0
3060024670,0.0
3060024690,0.0
3060024710,0.0
3060024780,0.0
3060024830,0.0
3060024860,0.0
3060024870,0.0
3060024890,0.0
3060024960,0.0
3060024970,0.0
3060025010,0.0
3060025070,0.0
3060025110,0.0
3060025150,0.0
3060025170,0.0
3060025180,0.0
3060025240,0.0
3060025320,0.0
3060025460,0.0
3060025570,0.0
3060026330,0.0
3060026650,0.0
3060027750,0.0
